--------- beginning of main
07-29 22:56:53.130  5540  5540 I flutter : [WearVoiceSession] restart requested reason=retry_attempt_1
07-29 22:56:53.130  5540  5540 I flutter : [SpeechRecognitionService] lifecycle operation begin: stopListening
07-29 22:56:53.130  5540  5540 I flutter : [SpeechRecognitionService] stopListening called, _isListening=false, diagnostics=SpeechRecognitionService{isListening=false, isSessionActive=false, isPrepared=true, freeTextEnabled=false, commandRecognizer=true, freeTextRecognizer=false, command={processedChunks=0, queueAvgMs=0, queueMaxMs=0, slowQueueChunks=0, recognizerAvgMs=0, recognizerMaxMs=0, slowRecognizerChunks=0}, freeText={processedChunks=0, queueAvgMs=0, queueMaxMs=0, slowQueueChunks=0, recognizerAvgMs=0, recognizerMaxMs=0, slowRecognizerChunks=0}, lastProcessedAgeMs=null, audio=AudioStreamService{captureId=1, isRunning=false, registeredDataConsumers=0, registeredPcmConsumers=0, receivedPcmPackets=0, lastChunkAgeMs=null, lastNonSilentAgeMs=null, continuousZeroAudioAgeMs=null, inputDevice=UAC4, startupWavPath=null startupWavBytes=null, runningForMs=null}}
07-29 22:56:53.130  5540  5540 I flutter : [SpeechRecognitionService] lifecycle operation done: stopListening
07-29 22:56:53.130  5540  5540 I flutter : [WearVoiceSession] start requested, isListening=false
07-29 22:56:53.130  5540  5540 I flutter : WearDependencies: VOSK warmup reused in-flight future
07-29 22:56:53.131  5540  5540 I flutter : [SpeechRecognitionService] lifecycle operation begin: startListening
07-29 22:56:53.131  5540  5540 I flutter : [SpeechRecognitionService] startListening called, _isListening=false, diagnostics=SpeechRecognitionService{isListening=false, isSessionActive=false, isPrepared=true, freeTextEnabled=false, commandRecognizer=true, freeTextRecognizer=false, command={processedChunks=0, queueAvgMs=0, queueMaxMs=0, slowQueueChunks=0, recognizerAvgMs=0, recognizerMaxMs=0, slowRecognizerChunks=0}, freeText={processedChunks=0, queueAvgMs=0, queueMaxMs=0, slowQueueChunks=0, recognizerAvgMs=0, recognizerMaxMs=0, slowRecognizerChunks=0}, lastProcessedAgeMs=null, audio=AudioStreamService{captureId=1, isRunning=false, registeredDataConsumers=0, registeredPcmConsumers=0, receivedPcmPackets=0, lastChunkAgeMs=null, lastNonSilentAgeMs=null, continuousZeroAudioAgeMs=null, inputDevice=UAC4, startupWavPath=null startupWavBytes=null, runningForMs=null}}
07-29 22:56:53.131  5540  5540 I flutter : [SpeechRecognitionService] requesting microphone permission...
07-29 22:56:53.134  5540  5540 I flutter : GlassesCoordinator: received method=updateWearVoiceOverlay, args={phase: reconnecting, reason: retry_attempt_1, visible: true, message: Переподключаем
07-29 22:56:53.134  5540  5540 I flutter : голосовое управление, version: 1, attempt: 1, revision: 4}
07-29 22:56:53.135  5540  5540 I flutter : GlassesCoordinator: received method=updateWearVoiceOverlay, args={phase: loadingModel, reason: start, visible: true, message: Подготовка
07-29 22:56:53.135  5540  5540 I flutter : голосового управления, version: 1, attempt: 1, revision: 5}
07-29 22:56:53.137  5540  5540 I flutter : GlassesCoordinator: received method=updateWearVoiceOverlay, args={phase: startingRecorder, reason: start_recorder, visible: true, message: Настраиваем
07-29 22:56:53.137  5540  5540 I flutter : микрофон очков, version: 1, attempt: 1, revision: 6}
07-29 22:56:53.142  5540  5540 I flutter : [SpeechRecognitionService] permission result: true
07-29 22:56:53.142  5540  5540 I flutter : [SpeechRecognitionService] permission durationMs=11
07-29 22:56:53.142  5540  5540 I flutter : [SpeechRecognitionService] preparing model...
07-29 22:56:53.142  5540  5540 I flutter : [SpeechRecognitionService] starting session...
07-29 22:56:53.158  5540  5540 I flutter : [SpeechRecognitionService] adding audio callback...
07-29 22:56:53.158  5540  5540 I flutter : [SpeechRecognitionService] starting audio stream...
07-29 22:56:53.165  5540  5540 I flutter : [AudioStreamService] continuous WAV recording path=/storage/emulated/0/Android/data/ru.tander.smart_glasses/files/voice_capture/ssp_mono_1785355013160.wav
07-29 22:56:55.228  5540  5540 I flutter : [AudioStreamService] startup audio diagnostics armed durationMs=10000 intervalMs=500
07-29 22:56:55.231  5540  5540 I flutter : [VoiceCapture#2] startup WAV armed path=/data/user/0/ru.tander.smart_glasses/cache/voice_capture/capture_2_1785355015228_uac4.wav
07-29 22:56:55.231  5540  5540 I flutter : [VoiceCapture#2] start at 1785355015228 profile=uac4
07-29 22:56:55.231  5540  5540 I flutter : [VoiceCapture#2] control started; waiting for PCM
07-29 22:56:55.231  5540  5540 I flutter : [SpeechRecognitionService] audio stream start durationMs=2073
07-29 22:56:55.231  5540  5540 I flutter : [SpeechRecognitionService] now listening: SpeechRecognitionService{isListening=true, isSessionActive=true, isPrepared=true, freeTextEnabled=false, commandRecognizer=true, freeTextRecognizer=false, command={processedChunks=0, queueAvgMs=0, queueMaxMs=0, slowQueueChunks=0, recognizerAvgMs=0, recognizerMaxMs=0, slowRecognizerChunks=0}, freeText={processedChunks=0, queueAvgMs=0, queueMaxMs=0, slowQueueChunks=0, recognizerAvgMs=0, recognizerMaxMs=0, slowRecognizerChunks=0}, lastProcessedAgeMs=null, audio=AudioStreamService{captureId=2, isRunning=true, registeredDataConsumers=0, registeredPcmConsumers=1, receivedPcmPackets=0, lastChunkAgeMs=null, lastNonSilentAgeMs=null, continuousZeroAudioAgeMs=null, inputDevice=UAC4, startupWavPath=/data/user/0/ru.tander.smart_glasses/cache/voice_capture/capture_2_1785355015228_uac4.wav startupWavBytes=0, runningForMs=3}}
07-29 22:56:55.231  5540  5540 I flutter : [SpeechRecognitionService] lifecycle operation done: startListening
07-29 22:56:55.763  5540  5540 I flutter : [VoiceCapture#2] startup audio offsetMs=535 receivedPcmPackets=1 rawRms=0.00049 rawPeak=0.00177 postGainRms=0.00049 postGainPeak=0.00177 windowMaxRms=0.00049 windowMaxPeak=0.00177
07-29 22:56:55.763  5540  5540 I flutter : [VoiceCapture#2] chunk#1 bytes=1024 registeredDataConsumers=0 registeredPcmConsumers=1 rawRms=0.00049 rawPeak=0.00177 postGainRms=0.00049 postGainPeak=0.00177 at=1785355015763
07-29 22:56:56.272  5540  5540 I flutter : [VoiceCapture#2] startup audio offsetMs=1044 receivedPcmPackets=17 rawRms=0.00071 rawPeak=0.00269 postGainRms=0.00071 postGainPeak=0.00269 windowMaxRms=0.00080 windowMaxPeak=0.00308
07-29 22:56:56.345  5540  5540 I flutter : [SpeechRecognitionService] VAD_CALIBRATED captureEpoch=2 noiseFloorRms=0.00063 p10=0.00058 p50=0.00071 p90=0.00077 adaptiveOnRms=0.00250 adaptiveOffRms=0.00130
07-29 22:56:56.396  5540  5540 I flutter : [WearVoiceSession] capture ready lastAudioAtMillis=1785355016344 chunks=24 stabilizedForMs=1165
07-29 22:56:56.397  5540  5540 I flutter : [WearVoiceSession] started: SpeechRecognitionService{isListening=true, isSessionActive=true, isPrepared=true, freeTextEnabled=false, commandRecognizer=true, freeTextRecognizer=false, command={processedChunks=0, queueAvgMs=0, queueMaxMs=0, slowQueueChunks=0, recognizerAvgMs=0, recognizerMaxMs=0, slowRecognizerChunks=0}, freeText={processedChunks=0, queueAvgMs=0, queueMaxMs=0, slowQueueChunks=0, recognizerAvgMs=0, recognizerMaxMs=0, slowRecognizerChunks=0}, lastProcessedAgeMs=null, audio=AudioStreamService{captureId=2, isRunning=true, registeredDataConsumers=0, registeredPcmConsumers=1, receivedPcmPackets=24, lastChunkAgeMs=52, lastNonSilentAgeMs=52, continuousZeroAudioAgeMs=null, inputDevice=UAC4, startupWavPath=/data/user/0/ru.tander.smart_glasses/cache/voice_capture/capture_2_1785355015228_uac4.wav startupWavBytes=24576, runningForMs=1168}}
07-29 22:56:56.398  5540  5540 I flutter : GlassesCoordinator: received method=updateWearVoiceOverlay, args={phase: ready, reason: start_ready, visible: false, message: null, version: 1, attempt: 0, revision: 7}
07-29 22:56:56.776  5540  5540 I flutter : [VoiceCapture#2] startup audio offsetMs=1548 receivedPcmPackets=16 rawRms=0.00070 rawPeak=0.00217 postGainRms=0.00070 postGainPeak=0.00217 windowMaxRms=0.00084 windowMaxPeak=0.00281
07-29 22:56:57.285  5540  5540 I flutter : [VoiceCapture#2] startup audio offsetMs=2057 receivedPcmPackets=15 rawRms=0.00067 rawPeak=0.00183 postGainRms=0.00067 postGainPeak=0.00183 windowMaxRms=0.00082 windowMaxPeak=0.00262
07-29 22:56:57.791  5540  5540 I flutter : [VoiceCapture#2] startup audio offsetMs=2563 receivedPcmPackets=16 rawRms=0.00076 rawPeak=0.00244 postGainRms=0.00076 postGainPeak=0.00244 windowMaxRms=0.00092 windowMaxPeak=0.00281
07-29 22:56:58.305  5540  5540 I flutter : [VoiceCapture#2] startup audio offsetMs=3077 receivedPcmPackets=16 rawRms=0.00078 rawPeak=0.00211 postGainRms=0.00078 postGainPeak=0.00211 windowMaxRms=0.00080 windowMaxPeak=0.00262
07-29 22:56:58.338  5540  5540 I flutter : [SpeechRecognitionService] VAD_START captureEpoch=2 segmentId=1 chunkId=136 captureAgeMs=3110 rawRms=0.01308 noiseFloorRms=0.00072 adaptiveOnRms=0.00250 adaptiveOffRms=0.00130
07-29 22:56:58.338  5540  5540 I flutter : [SpeechRecognitionService] processing source=command chunk#1 bytes=640 queueDelayMs=0 epoch=null
07-29 22:56:58.815  5540  5540 I flutter : [VoiceCapture#2] startup audio offsetMs=3587 receivedPcmPackets=16 rawRms=0.02735 rawPeak=0.06348 postGainRms=0.02735 postGainPeak=0.06348 windowMaxRms=0.04876 windowMaxPeak=0.08749
07-29 22:56:58.874  5540  5540 I flutter : [VOSK][PARTIAL][command] вниз at 1785355018874 (queueDelayMs=1, acceptMs=27, partialMs=4, chunkTotalMs=31)
07-29 22:56:58.874  5540  5540 I flutter : [VOICE_COMMAND] captureEpoch=2 acousticSegmentId=1 commandUtteranceId=4 routeRevision=4 grammarRevision=4 screen=menu kind=partial text="вниз" command=WearVoiceCommand.down
07-29 22:56:58.874  5540  5540 I flutter : [WearVoiceControlService] emitting#1 partial command: WearVoiceCommand.down hasListener=false
07-29 22:56:58.874  5540  5540 I flutter : [WearModuleApp] voice command received command=WearVoiceCommand.down screen=WearScreenId.menu at=1785355018874
07-29 22:56:58.874  5540  5540 I flutter : [WearFlowController] command=WearVoiceCommand.down state=WearFlowState(screen: WearScreenId.menu, focusedIndex: 0, menuFocusedIndex: 0, isLoading: false, error: null, pendingNavigation: null)
07-29 22:56:58.875  5540  5540 I flutter : [WearFlowController] state=WearFlowState(screen: WearScreenId.menu, focusedIndex: 1, menuFocusedIndex: 1, isLoading: false, error: null, pendingNavigation: null)
07-29 22:56:58.875  5540  5540 I flutter : [WearFlowController] render glasses screen=WearScreenId.menu
07-29 22:56:58.875  5540  5540 I flutter : [WearModuleApp] voice command handled command=WearVoiceCommand.down screen=WearScreenId.menu durationMs=1
07-29 22:56:58.878  5540  5540 I flutter : GlassesCoordinator: received method=updateWearGlasses, args={showWifiIcon: true, primaryAction: null, wifiAvailable: true, footerText: null, statusIcon: null, title: Выбор раздела, performanceTraceId: 2:1:1, performanceRecognizedAtMillis: 1785355018874, isError: false, showPrinterIcon: false, secondaryAction: null, screenType: menu, checkLines: [], wifiLevel: 3, performanceSentAtMillis: 1785355018875, phase: idle, bodyLines: [], printerAvailable: false, pageText: null, selectedIndex: 1, isLoading: false, voiceCommandsEnabled: true, subtitle: null, statusText: null, performanceAsrMillis: 536, performanceCommand: down, items: [Печать ценников, Доступность, Справка, Настройки]}
07-29 22:56:58.878  5540  5540 I flutter : [WearGlassesCubit] payload received update#7 screen=menu selectedIndex=1 at=1785355018878
07-29 22:56:58.882  5540  5540 I flutter : [WEAR_PERF] trace=2:1:1 cmd=down asrMs=536 commandToSendMs=1 bridgeMs=3 renderMs=4 totalMs=8 screen=menu index=1
07-29 22:56:59.334  5540  5540 I flutter : [VoiceCapture#2] startup audio offsetMs=4105 receivedPcmPackets=16 rawRms=0.00068 rawPeak=0.00204 postGainRms=0.00068 postGainPeak=0.00204 windowMaxRms=0.00415 windowMaxPeak=0.01422
07-29 22:56:59.353  5540  5540 I flutter : [SpeechRecognitionService] VAD_ENDPOINT captureEpoch=2 segmentId=1 chunkId=182 captureAgeMs=4125 rawRms=0.00071 noiseFloorRms=0.00072 adaptiveOnRms=0.00250 adaptiveOffRms=0.00130
07-29 22:56:59.837  5540  5540 I flutter : [VoiceCapture#2] startup audio offsetMs=4609 receivedPcmPackets=16 rawRms=0.00074 rawPeak=0.00241 postGainRms=0.00074 postGainPeak=0.00241 windowMaxRms=0.00081 windowMaxPeak=0.00241
07-29 22:56:59.854  5540  5540 I flutter : [SpeechRecognitionService] VAD_START captureEpoch=2 segmentId=2 chunkId=207 captureAgeMs=4625 rawRms=0.00550 noiseFloorRms=0.00073 adaptiveOnRms=0.00250 adaptiveOffRms=0.00130
07-29 22:57:00.348  5540  5540 I flutter : [VoiceCapture#2] startup audio offsetMs=5120 receivedPcmPackets=16 rawRms=0.00084 rawPeak=0.00244 postGainRms=0.00084 postGainPeak=0.00244 windowMaxRms=0.03704 windowMaxPeak=0.08640
07-29 22:57:00.393  5540  5540 I flutter : [VOSK][PARTIAL][command] вниз вниз at 1785355020393 (queueDelayMs=0, acceptMs=41, partialMs=3, chunkTotalMs=44)
07-29 22:57:00.393  5540  5540 I flutter : [VOICE_COMMAND] captureEpoch=2 acousticSegmentId=2 commandUtteranceId=4 routeRevision=4 grammarRevision=4 screen=menu kind=partial text="вниз вниз" command=null
07-29 22:57:00.661  5540  5540 I flutter : [SpeechRecognitionService] VAD_ENDPOINT captureEpoch=2 segmentId=2 chunkId=251 captureAgeMs=5433 rawRms=0.00069 noiseFloorRms=0.00073 adaptiveOnRms=0.00250 adaptiveOffRms=0.00130
07-29 22:57:00.864  5540  5540 I flutter : [VoiceCapture#2] startup audio offsetMs=5636 receivedPcmPackets=16 rawRms=0.00066 rawPeak=0.00211 postGainRms=0.00066 postGainPeak=0.00211 windowMaxRms=0.00102 windowMaxPeak=0.00330
07-29 22:57:01.376  5540  5540 I flutter : [VoiceCapture#2] startup audio offsetMs=6148 receivedPcmPackets=16 rawRms=0.00066 rawPeak=0.00217 postGainRms=0.00066 postGainPeak=0.00217 windowMaxRms=0.00075 windowMaxPeak=0.00272
07-29 22:57:01.892  5540  5540 I flutter : [VoiceCapture#2] startup audio offsetMs=6664 receivedPcmPackets=16 rawRms=0.00071 rawPeak=0.00214 postGainRms=0.00071 postGainPeak=0.00214 windowMaxRms=0.00074 windowMaxPeak=0.00235
07-29 22:57:01.941  5540  5540 I flutter : [VoiceCapture#2] chunk#200 bytes=1024 registeredDataConsumers=0 registeredPcmConsumers=1 rawRms=0.00072 rawPeak=0.00198 postGainRms=0.00072 postGainPeak=0.00198 at=1785355021941
07-29 22:57:02.143  5540  5540 I flutter : [SpeechRecognitionService] VAD_START captureEpoch=2 segmentId=3 chunkId=321 captureAgeMs=6914 rawRms=0.00585 noiseFloorRms=0.00069 adaptiveOnRms=0.00250 adaptiveOffRms=0.00130
07-29 22:57:02.243  5540  5540 I flutter : [VOSK][ENDPOINT_RESULT][command] вниз вниз at 1785355022243 (queueDelayMs=20, acceptMs=16, resultMs=7, chunkTotalMs=23)
07-29 22:57:02.244  5540  5540 I flutter : [VOICE_COMMAND] captureEpoch=2 acousticSegmentId=3 commandUtteranceId=4 routeRevision=4 grammarRevision=4 screen=menu kind=endpointResult text="вниз вниз" command=null
07-29 22:57:02.244  5540  5540 I flutter : [VOICE_COMMAND] captureEpoch=2 acousticSegmentId=3 commandUtteranceId=4 routeRevision=4 grammarRevision=4 screen=menu kind=partial text="" command=null
07-29 22:57:02.246  5540  5540 I flutter : [VOSK][PARTIAL][command]  at 1785355022246 (queueDelayMs=39, acceptMs=1, partialMs=1, chunkTotalMs=2)
07-29 22:57:02.246  5540  5540 I flutter : [VOICE_COMMAND] captureEpoch=2 acousticSegmentId=3 commandUtteranceId=5 routeRevision=4 grammarRevision=4 screen=menu kind=partial text="" command=null
07-29 22:57:02.407  5540  5540 I flutter : [VoiceCapture#2] startup audio offsetMs=7179 receivedPcmPackets=16 rawRms=0.04219 rawPeak=0.08386 postGainRms=0.04219 postGainPeak=0.08386 windowMaxRms=0.04715 windowMaxPeak=0.09756
07-29 22:57:02.716  5540  5540 I flutter : [VOSK][PARTIAL][command] вниз at 1785355022716 (queueDelayMs=3, acceptMs=34, partialMs=3, chunkTotalMs=38)
07-29 22:57:02.716  5540  5540 I flutter : [VOICE_COMMAND] captureEpoch=2 acousticSegmentId=3 commandUtteranceId=5 routeRevision=4 grammarRevision=4 screen=menu kind=partial text="вниз" command=WearVoiceCommand.down
07-29 22:57:02.716  5540  5540 I flutter : [WearVoiceControlService] emitting#2 partial command: WearVoiceCommand.down hasListener=false
07-29 22:57:02.716  5540  5540 I flutter : [WearModuleApp] voice command received command=WearVoiceCommand.down screen=WearScreenId.menu at=1785355022716
07-29 22:57:02.716  5540  5540 I flutter : [WearFlowController] command=WearVoiceCommand.down state=WearFlowState(screen: WearScreenId.menu, focusedIndex: 1, menuFocusedIndex: 1, isLoading: false, error: null, pendingNavigation: null)
07-29 22:57:02.716  5540  5540 I flutter : [WearFlowController] state=WearFlowState(screen: WearScreenId.menu, focusedIndex: 2, menuFocusedIndex: 2, isLoading: false, error: null, pendingNavigation: null)
07-29 22:57:02.716  5540  5540 I flutter : [WearFlowController] render glasses screen=WearScreenId.menu
07-29 22:57:02.716  5540  5540 I flutter : [WearModuleApp] voice command handled command=WearVoiceCommand.down screen=WearScreenId.menu durationMs=0
07-29 22:57:02.717  5540  5540 I flutter : GlassesCoordinator: received method=updateWearGlasses, args={showWifiIcon: true, primaryAction: null, wifiAvailable: true, footerText: null, statusIcon: null, title: Выбор раздела, performanceTraceId: 2:3:2, performanceRecognizedAtMillis: 1785355022716, isError: false, showPrinterIcon: false, secondaryAction: null, screenType: menu, checkLines: [], wifiLevel: 3, performanceSentAtMillis: 1785355022716, phase: idle, bodyLines: [], printerAvailable: false, pageText: null, selectedIndex: 2, isLoading: false, voiceCommandsEnabled: true, subtitle: null, statusText: null, performanceAsrMillis: 472, performanceCommand: down, items: [Печать ценников, Доступность, Справка, Настройки]}
07-29 22:57:02.717  5540  5540 I flutter : [WearGlassesCubit] payload received update#8 screen=menu selectedIndex=2 at=1785355022717
07-29 22:57:02.724  5540  5540 I flutter : [WEAR_PERF] trace=2:3:2 cmd=down asrMs=472 commandToSendMs=0 bridgeMs=1 renderMs=7 totalMs=8 screen=menu index=2
07-29 22:57:02.910  5540  5540 I flutter : [VoiceCapture#2] startup audio offsetMs=7682 receivedPcmPackets=16 rawRms=0.00070 rawPeak=0.00220 postGainRms=0.00070 postGainPeak=0.00220 windowMaxRms=0.04044 windowMaxPeak=0.07925
07-29 22:57:03.173  5540  5540 I flutter : [SpeechRecognitionService] VAD_ENDPOINT captureEpoch=2 segmentId=3 chunkId=372 captureAgeMs=7945 rawRms=0.00068 noiseFloorRms=0.00069 adaptiveOnRms=0.00250 adaptiveOffRms=0.00130
07-29 22:57:03.423  5540  5540 I flutter : [VoiceCapture#2] startup audio offsetMs=8195 receivedPcmPackets=16 rawRms=0.00062 rawPeak=0.00211 postGainRms=0.00062 postGainPeak=0.00211 windowMaxRms=0.00071 windowMaxPeak=0.00229
07-29 22:57:03.700  5540  5540 I flutter : [VoiceCapture#2] startup WAV saved path=/data/user/0/ru.tander.smart_glasses/cache/voice_capture/capture_2_1785355015228_uac4.wav pcmBytes=256000
07-29 22:57:03.942  5540  5540 I flutter : [VoiceCapture#2] startup audio offsetMs=8714 receivedPcmPackets=16 rawRms=0.00830 rawPeak=0.02448 postGainRms=0.00830 postGainPeak=0.02448 windowMaxRms=0.00830 windowMaxPeak=0.02448
07-29 22:57:03.943  5540  5540 I flutter : [SpeechRecognitionService] VAD_START captureEpoch=2 segmentId=4 chunkId=411 captureAgeMs=8715 rawRms=0.00723 noiseFloorRms=0.00067 adaptiveOnRms=0.00250 adaptiveOffRms=0.00130
07-29 22:57:04.039  5540  5540 I flutter : [VOSK][ENDPOINT_RESULT][command] вниз at 1785355024039 (queueDelayMs=2, acceptMs=24, resultMs=10, chunkTotalMs=34)
07-29 22:57:04.039  5540  5540 I flutter : [VOICE_COMMAND] captureEpoch=2 acousticSegmentId=4 commandUtteranceId=5 routeRevision=4 grammarRevision=4 screen=menu kind=endpointResult text="вниз" command=WearVoiceCommand.down
07-29 22:57:04.039  5540  5540 I flutter : [VOICE_COMMAND] captureEpoch=2 acousticSegmentId=4 commandUtteranceId=5 routeRevision=4 grammarRevision=4 screen=menu kind=partial text="" command=null
07-29 22:57:04.041  5540  5540 I flutter : [VOSK][PARTIAL][command]  at 1785355024041 (queueDelayMs=0, acceptMs=2, partialMs=0, chunkTotalMs=2)
07-29 22:57:04.041  5540  5540 I flutter : [VOICE_COMMAND] captureEpoch=2 acousticSegmentId=4 commandUtteranceId=6 routeRevision=4 grammarRevision=4 screen=menu kind=partial text="" command=null
07-29 22:57:04.204  5540  5540 I flutter : [SpeechRecognitionService] processing source=command chunk#200 bytes=640 queueDelayMs=0 epoch=null
07-29 22:57:04.454  5540  5540 I flutter : [VoiceCapture#2] startup audio offsetMs=9226 receivedPcmPackets=16 rawRms=0.00105 rawPeak=0.00317 postGainRms=0.00105 postGainPeak=0.00317 windowMaxRms=0.04768 windowMaxPeak=0.09235
07-29 22:57:04.502  5540  5540 I flutter : [VOSK][PARTIAL][command] вниз at 1785355024502 (queueDelayMs=5, acceptMs=32, partialMs=6, chunkTotalMs=38)
07-29 22:57:04.502  5540  5540 I flutter : [VOICE_COMMAND] captureEpoch=2 acousticSegmentId=4 commandUtteranceId=6 routeRevision=4 grammarRevision=4 screen=menu kind=partial text="вниз" command=WearVoiceCommand.down
07-29 22:57:04.503  5540  5540 I flutter : [WearVoiceControlService] emitting#3 partial command: WearVoiceCommand.down hasListener=false
07-29 22:57:04.503  5540  5540 I flutter : [WearModuleApp] voice command received command=WearVoiceCommand.down screen=WearScreenId.menu at=1785355024503
07-29 22:57:04.503  5540  5540 I flutter : [WearFlowController] command=WearVoiceCommand.down state=WearFlowState(screen: WearScreenId.menu, focusedIndex: 2, menuFocusedIndex: 2, isLoading: false, error: null, pendingNavigation: null)
07-29 22:57:04.503  5540  5540 I flutter : [WearFlowController] state=WearFlowState(screen: WearScreenId.menu, focusedIndex: 3, menuFocusedIndex: 3, isLoading: false, error: null, pendingNavigation: null)
07-29 22:57:04.503  5540  5540 I flutter : [WearFlowController] render glasses screen=WearScreenId.menu
07-29 22:57:04.503  5540  5540 I flutter : [WearModuleApp] voice command handled command=WearVoiceCommand.down screen=WearScreenId.menu durationMs=0
07-29 22:57:04.505  5540  5540 I flutter : GlassesCoordinator: received method=updateWearGlasses, args={showWifiIcon: true, primaryAction: null, wifiAvailable: true, footerText: null, statusIcon: null, title: Выбор раздела, performanceTraceId: 2:4:3, performanceRecognizedAtMillis: 1785355024503, isError: false, showPrinterIcon: false, secondaryAction: null, screenType: menu, checkLines: [], wifiLevel: 3, performanceSentAtMillis: 1785355024503, phase: idle, bodyLines: [], printerAvailable: false, pageText: null, selectedIndex: 3, isLoading: false, voiceCommandsEnabled: true, subtitle: null, statusText: null, performanceAsrMillis: 464, performanceCommand: down, items: [Печать ценников, Доступность, Справка, Настройки]}
07-29 22:57:04.505  5540  5540 I flutter : [WearGlassesCubit] payload received update#9 screen=menu selectedIndex=3 at=1785355024505
07-29 22:57:04.521  5540  5540 I flutter : [WEAR_PERF] trace=2:4:3 cmd=down asrMs=464 commandToSendMs=0 bridgeMs=2 renderMs=16 totalMs=18 screen=menu index=3
07-29 22:57:04.807  5540  5540 I flutter : [SpeechRecognitionService] VAD_ENDPOINT captureEpoch=2 segmentId=4 chunkId=460 captureAgeMs=9579 rawRms=0.00074 noiseFloorRms=0.00067 adaptiveOnRms=0.00250 adaptiveOffRms=0.00130
07-29 22:57:04.971  5540  5540 I flutter : [VoiceCapture#2] startup audio offsetMs=9743 receivedPcmPackets=16 rawRms=0.00068 rawPeak=0.00226 postGainRms=0.00068 postGainPeak=0.00226 windowMaxRms=0.00096 windowMaxPeak=0.00354
07-29 22:57:05.476  5540  5540 I flutter : [SpeechRecognitionService] VAD_START captureEpoch=2 segmentId=5 chunkId=489 captureAgeMs=10248 rawRms=0.01335 noiseFloorRms=0.00069 adaptiveOnRms=0.00250 adaptiveOffRms=0.00130
07-29 22:57:05.791  5540  5540 I flutter : [VOSK][PARTIAL][command] вниз вверх at 1785355025791 (queueDelayMs=2, acceptMs=25, partialMs=6, chunkTotalMs=31)
07-29 22:57:05.791  5540  5540 I flutter : [VOICE_COMMAND] captureEpoch=2 acousticSegmentId=5 commandUtteranceId=6 routeRevision=4 grammarRevision=4 screen=menu kind=partial text="вниз вверх" command=null
07-29 22:57:06.564  5540  5540 I flutter : [SpeechRecognitionService] VAD_ENDPOINT captureEpoch=2 segmentId=5 chunkId=544 captureAgeMs=11336 rawRms=0.00064 noiseFloorRms=0.00069 adaptiveOnRms=0.00250 adaptiveOffRms=0.00130
07-29 22:57:06.769  5540  5540 I flutter : [SpeechRecognitionService] VAD_START captureEpoch=2 segmentId=6 chunkId=555 captureAgeMs=11541 rawRms=0.00290 noiseFloorRms=0.00072 adaptiveOnRms=0.00250 adaptiveOffRms=0.00130
07-29 22:57:07.053  5540  5540 I flutter : [VOSK][ENDPOINT_RESULT][command] вниз вверх at 1785355027053 (queueDelayMs=0, acceptMs=40, resultMs=8, chunkTotalMs=48)
07-29 22:57:07.053  5540  5540 I flutter : [VOICE_COMMAND] captureEpoch=2 acousticSegmentId=6 commandUtteranceId=6 routeRevision=4 grammarRevision=4 screen=menu kind=endpointResult text="вниз вверх" command=null
07-29 22:57:07.053  5540  5540 I flutter : [VOICE_COMMAND] captureEpoch=2 acousticSegmentId=6 commandUtteranceId=6 routeRevision=4 grammarRevision=4 screen=menu kind=partial text="" command=null
07-29 22:57:07.055  5540  5540 I flutter : [VOSK][PARTIAL][command]  at 1785355027055 (queueDelayMs=1, acceptMs=2, partialMs=0, chunkTotalMs=2)
07-29 22:57:07.055  5540  5540 I flutter : [VOICE_COMMAND] captureEpoch=2 acousticSegmentId=6 commandUtteranceId=7 routeRevision=4 grammarRevision=4 screen=menu kind=partial text="" command=null
07-29 22:57:08.120  5540  5540 I flutter : [VOSK][PARTIAL][command] вверх at 1785355028120 (queueDelayMs=3, acceptMs=27, partialMs=5, chunkTotalMs=32)
07-29 22:57:08.120  5540  5540 I flutter : [VOICE_COMMAND] captureEpoch=2 acousticSegmentId=6 commandUtteranceId=7 routeRevision=4 grammarRevision=4 screen=menu kind=partial text="вверх" command=WearVoiceCommand.up
07-29 22:57:08.120  5540  5540 I flutter : [WearVoiceControlService] emitting#4 partial command: WearVoiceCommand.up hasListener=false
07-29 22:57:08.120  5540  5540 I flutter : [WearModuleApp] voice command received command=WearVoiceCommand.up screen=WearScreenId.menu at=1785355028120
07-29 22:57:08.120  5540  5540 I flutter : [WearFlowController] command=WearVoiceCommand.up state=WearFlowState(screen: WearScreenId.menu, focusedIndex: 3, menuFocusedIndex: 3, isLoading: false, error: null, pendingNavigation: null)
07-29 22:57:08.121  5540  5540 I flutter : [WearFlowController] state=WearFlowState(screen: WearScreenId.menu, focusedIndex: 2, menuFocusedIndex: 2, isLoading: false, error: null, pendingNavigation: null)
07-29 22:57:08.121  5540  5540 I flutter : [WearFlowController] render glasses screen=WearScreenId.menu
07-29 22:57:08.121  5540  5540 I flutter : [WearModuleApp] voice command handled command=WearVoiceCommand.up screen=WearScreenId.menu durationMs=1
07-29 22:57:08.123  5540  5540 I flutter : GlassesCoordinator: received method=updateWearGlasses, args={showWifiIcon: true, primaryAction: null, wifiAvailable: true, footerText: null, statusIcon: null, title: Выбор раздела, performanceTraceId: 2:6:4, performanceRecognizedAtMillis: 1785355028120, isError: false, showPrinterIcon: false, secondaryAction: null, screenType: menu, checkLines: [], wifiLevel: 3, performanceSentAtMillis: 1785355028121, phase: idle, bodyLines: [], printerAvailable: false, pageText: null, selectedIndex: 2, isLoading: false, voiceCommandsEnabled: true, subtitle: null, statusText: null, performanceAsrMillis: 1067, performanceCommand: up, items: [Печать ценников, Доступность, Справка, Настройки]}
07-29 22:57:08.123  5540  5540 I flutter : [WearGlassesCubit] payload received update#10 screen=menu selectedIndex=2 at=1785355028123
07-29 22:57:08.128  5540  5540 I flutter : [WEAR_PERF] trace=2:6:4 cmd=up asrMs=1067 commandToSendMs=1 bridgeMs=2 renderMs=5 totalMs=8 screen=menu index=2
07-29 22:57:08.395  5540  5540 I flutter : [VoiceCapture#2] chunk#400 bytes=1024 registeredDataConsumers=0 registeredPcmConsumers=1 rawRms=0.00071 rawPeak=0.00244 postGainRms=0.00071 postGainPeak=0.00244 at=1785355028395
07-29 22:57:08.563  5540  5540 I flutter : [SpeechRecognitionService] processing source=command chunk#400 bytes=640 queueDelayMs=0 epoch=null
07-29 22:57:08.797  5540  5540 I flutter : [SpeechRecognitionService] VAD_ENDPOINT captureEpoch=2 segmentId=6 chunkId=654 captureAgeMs=13569 rawRms=0.00091 noiseFloorRms=0.00072 adaptiveOnRms=0.00250 adaptiveOffRms=0.00130
07-29 22:57:09.078  5540  5540 I flutter : [SpeechRecognitionService] VAD_START captureEpoch=2 segmentId=7 chunkId=669 captureAgeMs=13850 rawRms=0.00581 noiseFloorRms=0.00071 adaptiveOnRms=0.00250 adaptiveOffRms=0.00130
07-29 22:57:09.170  5540  5540 I flutter : [VOSK][ENDPOINT_RESULT][command] вверх at 1785355029170 (queueDelayMs=1, acceptMs=17, resultMs=7, chunkTotalMs=24)
07-29 22:57:09.170  5540  5540 I flutter : [VOICE_COMMAND] captureEpoch=2 acousticSegmentId=7 commandUtteranceId=7 routeRevision=4 grammarRevision=4 screen=menu kind=endpointResult text="вверх" command=WearVoiceCommand.up
07-29 22:57:09.171  5540  5540 I flutter : [VOICE_COMMAND] captureEpoch=2 acousticSegmentId=7 commandUtteranceId=7 routeRevision=4 grammarRevision=4 screen=menu kind=partial text="" command=null
07-29 22:57:09.176  5540  5540 I flutter : [VOSK][PARTIAL][command]  at 1785355029176 (queueDelayMs=0, acceptMs=1, partialMs=3, chunkTotalMs=4)
07-29 22:57:09.176  5540  5540 I flutter : [VOICE_COMMAND] captureEpoch=2 acousticSegmentId=7 commandUtteranceId=8 routeRevision=4 grammarRevision=4 screen=menu kind=partial text="" command=null
07-29 22:57:09.389  5540  5540 I flutter : [VOSK][PARTIAL][command] вверх at 1785355029389 (queueDelayMs=2, acceptMs=26, partialMs=2, chunkTotalMs=28)
07-29 22:57:09.389  5540  5540 I flutter : [VOICE_COMMAND] captureEpoch=2 acousticSegmentId=7 commandUtteranceId=8 routeRevision=4 grammarRevision=4 screen=menu kind=partial text="вверх" command=WearVoiceCommand.up
07-29 22:57:09.389  5540  5540 I flutter : [WearVoiceControlService] emitting#5 partial command: WearVoiceCommand.up hasListener=false
07-29 22:57:09.390  5540  5540 I flutter : [WearModuleApp] voice command received command=WearVoiceCommand.up screen=WearScreenId.menu at=1785355029390
07-29 22:57:09.390  5540  5540 I flutter : [WearFlowController] command=WearVoiceCommand.up state=WearFlowState(screen: WearScreenId.menu, focusedIndex: 2, menuFocusedIndex: 2, isLoading: false, error: null, pendingNavigation: null)
07-29 22:57:09.390  5540  5540 I flutter : [WearFlowController] state=WearFlowState(screen: WearScreenId.menu, focusedIndex: 1, menuFocusedIndex: 1, isLoading: false, error: null, pendingNavigation: null)
07-29 22:57:09.390  5540  5540 I flutter : [WearFlowController] render glasses screen=WearScreenId.menu
07-29 22:57:09.390  5540  5540 I flutter : [WearModuleApp] voice command handled command=WearVoiceCommand.up screen=WearScreenId.menu durationMs=0
07-29 22:57:09.399  5540  5540 I flutter : GlassesCoordinator: received method=updateWearGlasses, args={showWifiIcon: true, primaryAction: null, wifiAvailable: true, footerText: null, statusIcon: null, title: Выбор раздела, performanceTraceId: 2:7:5, performanceRecognizedAtMillis: 1785355029389, isError: false, showPrinterIcon: false, secondaryAction: null, screenType: menu, checkLines: [], wifiLevel: 3, performanceSentAtMillis: 1785355029390, phase: idle, bodyLines: [], printerAvailable: false, pageText: null, selectedIndex: 1, isLoading: false, voiceCommandsEnabled: true, subtitle: null, statusText: null, performanceAsrMillis: 217, performanceCommand: up, items: [Печать ценников, Доступность, Справка, Настройки]}
07-29 22:57:09.399  5540  5540 I flutter : [WearGlassesCubit] payload received update#11 screen=menu selectedIndex=1 at=1785355029399
07-29 22:57:09.410  5540  5540 I flutter : [WEAR_PERF] trace=2:7:5 cmd=up asrMs=217 commandToSendMs=1 bridgeMs=9 renderMs=11 totalMs=21 screen=menu index=1
07-29 22:57:10.139  5540  5540 I flutter : [SpeechRecognitionService] VAD_ENDPOINT captureEpoch=2 segmentId=7 chunkId=725 captureAgeMs=14911 rawRms=0.00056 noiseFloorRms=0.00071 adaptiveOnRms=0.00250 adaptiveOffRms=0.00130
07-29 22:57:10.611  5540  5540 I flutter : [SpeechRecognitionService] VAD_START captureEpoch=2 segmentId=8 chunkId=747 captureAgeMs=15383 rawRms=0.00336 noiseFloorRms=0.00072 adaptiveOnRms=0.00250 adaptiveOffRms=0.00130
07-29 22:57:10.674  5540  5540 I flutter : [VOSK][ENDPOINT_RESULT][command] вверх at 1785355030674 (queueDelayMs=35, acceptMs=18, resultMs=10, chunkTotalMs=28)
07-29 22:57:10.675  5540  5540 I flutter : [VOICE_COMMAND] captureEpoch=2 acousticSegmentId=8 commandUtteranceId=8 routeRevision=4 grammarRevision=4 screen=menu kind=endpointResult text="вверх" command=WearVoiceCommand.up
07-29 22:57:10.675  5540  5540 I flutter : [VOICE_COMMAND] captureEpoch=2 acousticSegmentId=8 commandUtteranceId=8 routeRevision=4 grammarRevision=4 screen=menu kind=partial text="" command=null
07-29 22:57:10.677  5540  5540 I flutter : [VOSK][PARTIAL][command]  at 1785355030677 (queueDelayMs=48, acceptMs=2, partialMs=0, chunkTotalMs=2)
07-29 22:57:10.677  5540  5540 I flutter : [VOICE_COMMAND] captureEpoch=2 acousticSegmentId=8 commandUtteranceId=9 routeRevision=4 grammarRevision=4 screen=menu kind=partial text="" command=null
07-29 22:57:11.143  5540  5540 I flutter : [VOSK][PARTIAL][command] вверх at 1785355031143 (queueDelayMs=2, acceptMs=24, partialMs=5, chunkTotalMs=29)
07-29 22:57:11.144  5540  5540 I flutter : [VOICE_COMMAND] captureEpoch=2 acousticSegmentId=8 commandUtteranceId=9 routeRevision=4 grammarRevision=4 screen=menu kind=partial text="вверх" command=WearVoiceCommand.up
07-29 22:57:11.144  5540  5540 I flutter : [WearVoiceControlService] emitting#6 partial command: WearVoiceCommand.up hasListener=false
07-29 22:57:11.144  5540  5540 I flutter : [WearModuleApp] voice command received command=WearVoiceCommand.up screen=WearScreenId.menu at=1785355031144
07-29 22:57:11.144  5540  5540 I flutter : [WearFlowController] command=WearVoiceCommand.up state=WearFlowState(screen: WearScreenId.menu, focusedIndex: 1, menuFocusedIndex: 1, isLoading: false, error: null, pendingNavigation: null)
07-29 22:57:11.144  5540  5540 I flutter : [WearFlowController] state=WearFlowState(screen: WearScreenId.menu, focusedIndex: 0, menuFocusedIndex: 0, isLoading: false, error: null, pendingNavigation: null)
07-29 22:57:11.144  5540  5540 I flutter : [WearFlowController] render glasses screen=WearScreenId.menu
07-29 22:57:11.144  5540  5540 I flutter : [WearModuleApp] voice command handled command=WearVoiceCommand.up screen=WearScreenId.menu durationMs=0
07-29 22:57:11.146  5540  5540 I flutter : GlassesCoordinator: received method=updateWearGlasses, args={showWifiIcon: true, primaryAction: null, wifiAvailable: true, footerText: null, statusIcon: null, title: Выбор раздела, performanceTraceId: 2:8:6, performanceRecognizedAtMillis: 1785355031144, isError: false, showPrinterIcon: false, secondaryAction: null, screenType: menu, checkLines: [], wifiLevel: 3, performanceSentAtMillis: 1785355031144, phase: idle, bodyLines: [], printerAvailable: false, pageText: null, selectedIndex: 0, isLoading: false, voiceCommandsEnabled: true, subtitle: null, statusText: null, performanceAsrMillis: 469, performanceCommand: up, items: [Печать ценников, Доступность, Справка, Настройки]}
07-29 22:57:11.146  5540  5540 I flutter : [WearGlassesCubit] payload received update#12 screen=menu selectedIndex=0 at=1785355031146
07-29 22:57:11.157  5540  5540 I flutter : [WEAR_PERF] trace=2:8:6 cmd=up asrMs=469 commandToSendMs=0 bridgeMs=2 renderMs=11 totalMs=13 screen=menu index=0
07-29 22:57:11.873  5540  5540 I flutter : [SpeechRecognitionService] VAD_ENDPOINT captureEpoch=2 segmentId=8 chunkId=808 captureAgeMs=16645 rawRms=0.00064 noiseFloorRms=0.00072 adaptiveOnRms=0.00250 adaptiveOffRms=0.00130
07-29 22:57:12.142  5540  5540 I flutter : [SpeechRecognitionService] VAD_START captureEpoch=2 segmentId=9 chunkId=823 captureAgeMs=16914 rawRms=0.00684 noiseFloorRms=0.00071 adaptiveOnRms=0.00250 adaptiveOffRms=0.00130
07-29 22:57:12.202  5540  5540 I flutter : [VOSK][ENDPOINT_RESULT][command] вверх at 1785355032201 (queueDelayMs=32, acceptMs=17, resultMs=9, chunkTotalMs=26)
07-29 22:57:12.202  5540  5540 I flutter : [VOICE_COMMAND] captureEpoch=2 acousticSegmentId=9 commandUtteranceId=9 routeRevision=4 grammarRevision=4 screen=menu kind=endpointResult text="вверх" command=WearVoiceCommand.up
07-29 22:57:12.202  5540  5540 I flutter : [VOICE_COMMAND] captureEpoch=2 acousticSegmentId=9 commandUtteranceId=9 routeRevision=4 grammarRevision=4 screen=menu kind=partial text="" command=null
07-29 22:57:12.205  5540  5540 I flutter : [VOSK][PARTIAL][command]  at 1785355032205 (queueDelayMs=59, acceptMs=2, partialMs=1, chunkTotalMs=3)
07-29 22:57:12.205  5540  5540 I flutter : [VOICE_COMMAND] captureEpoch=2 acousticSegmentId=9 commandUtteranceId=10 routeRevision=4 grammarRevision=4 screen=menu kind=partial text="" command=null
07-29 22:57:12.675  5540  5540 I flutter : [VOSK][PARTIAL][command] вниз at 1785355032675 (queueDelayMs=2, acceptMs=25, partialMs=4, chunkTotalMs=29)
07-29 22:57:12.675  5540  5540 I flutter : [VOICE_COMMAND] captureEpoch=2 acousticSegmentId=9 commandUtteranceId=10 routeRevision=4 grammarRevision=4 screen=menu kind=partial text="вниз" command=WearVoiceCommand.down
07-29 22:57:12.675  5540  5540 I flutter : [WearVoiceControlService] emitting#7 partial command: WearVoiceCommand.down hasListener=false
07-29 22:57:12.676  5540  5540 I flutter : [WearModuleApp] voice command received command=WearVoiceCommand.down screen=WearScreenId.menu at=1785355032676
07-29 22:57:12.676  5540  5540 I flutter : [WearFlowController] command=WearVoiceCommand.down state=WearFlowState(screen: WearScreenId.menu, focusedIndex: 0, menuFocusedIndex: 0, isLoading: false, error: null, pendingNavigation: null)
07-29 22:57:12.676  5540  5540 I flutter : [WearFlowController] state=WearFlowState(screen: WearScreenId.menu, focusedIndex: 1, menuFocusedIndex: 1, isLoading: false, error: null, pendingNavigation: null)
07-29 22:57:12.676  5540  5540 I flutter : [WearFlowController] render glasses screen=WearScreenId.menu
07-29 22:57:12.676  5540  5540 I flutter : [WearModuleApp] voice command handled command=WearVoiceCommand.down screen=WearScreenId.menu durationMs=0
07-29 22:57:12.678  5540  5540 I flutter : GlassesCoordinator: received method=updateWearGlasses, args={showWifiIcon: true, primaryAction: null, wifiAvailable: true, footerText: null, statusIcon: null, title: Выбор раздела, performanceTraceId: 2:9:7, performanceRecognizedAtMillis: 1785355032675, isError: false, showPrinterIcon: false, secondaryAction: null, screenType: menu, checkLines: [], wifiLevel: 3, performanceSentAtMillis: 1785355032676, phase: idle, bodyLines: [], printerAvailable: false, pageText: null, selectedIndex: 1, isLoading: false, voiceCommandsEnabled: true, subtitle: null, statusText: null, performanceAsrMillis: 473, performanceCommand: down, items: [Печать ценников, Доступность, Справка, Настройки]}
07-29 22:57:12.678  5540  5540 I flutter : [WearGlassesCubit] payload received update#13 screen=menu selectedIndex=1 at=1785355032678
07-29 22:57:12.689  5540  5540 I flutter : [WEAR_PERF] trace=2:9:7 cmd=down asrMs=473 commandToSendMs=1 bridgeMs=2 renderMs=11 totalMs=14 screen=menu index=1
07-29 22:57:12.953  5540  5540 I flutter : [SpeechRecognitionService] processing source=command chunk#600 bytes=640 queueDelayMs=0 epoch=null
07-29 22:57:13.525  5540  5540 I flutter : [VOSK][ENDPOINT_RESULT][command] вниз at 1785355033524 (queueDelayMs=0, acceptMs=28, resultMs=9, chunkTotalMs=37)
07-29 22:57:13.525  5540  5540 I flutter : [VOICE_COMMAND] captureEpoch=2 acousticSegmentId=9 commandUtteranceId=10 routeRevision=4 grammarRevision=4 screen=menu kind=endpointResult text="вниз" command=WearVoiceCommand.down
07-29 22:57:13.525  5540  5540 I flutter : [VOICE_COMMAND] captureEpoch=2 acousticSegmentId=9 commandUtteranceId=10 routeRevision=4 grammarRevision=4 screen=menu kind=partial text="" command=null
07-29 22:57:13.526  5540  5540 I flutter : [VOSK][PARTIAL][command]  at 1785355033526 (queueDelayMs=38, acceptMs=1, partialMs=0, chunkTotalMs=1)
07-29 22:57:13.527  5540  5540 I flutter : [VOICE_COMMAND] captureEpoch=2 acousticSegmentId=9 commandUtteranceId=11 routeRevision=4 grammarRevision=4 screen=menu kind=partial text="" command=null
07-29 22:57:13.791  5540  5540 I flutter : [VOSK][PARTIAL][command] вниз at 1785355033791 (queueDelayMs=4, acceptMs=33, partialMs=2, chunkTotalMs=35)
07-29 22:57:13.791  5540  5540 I flutter : [VOICE_COMMAND] captureEpoch=2 acousticSegmentId=9 commandUtteranceId=11 routeRevision=4 grammarRevision=4 screen=menu kind=partial text="вниз" command=WearVoiceCommand.down
07-29 22:57:13.791  5540  5540 I flutter : [WearVoiceControlService] emitting#8 partial command: WearVoiceCommand.down hasListener=false
07-29 22:57:13.791  5540  5540 I flutter : [WearModuleApp] voice command received command=WearVoiceCommand.down screen=WearScreenId.menu at=1785355033791
07-29 22:57:13.791  5540  5540 I flutter : [WearFlowController] command=WearVoiceCommand.down state=WearFlowState(screen: WearScreenId.menu, focusedIndex: 1, menuFocusedIndex: 1, isLoading: false, error: null, pendingNavigation: null)
07-29 22:57:13.791  5540  5540 I flutter : [WearFlowController] state=WearFlowState(screen: WearScreenId.menu, focusedIndex: 2, menuFocusedIndex: 2, isLoading: false, error: null, pendingNavigation: null)
07-29 22:57:13.791  5540  5540 I flutter : [WearFlowController] render glasses screen=WearScreenId.menu
07-29 22:57:13.792  5540  5540 I flutter : [WearModuleApp] voice command handled command=WearVoiceCommand.down screen=WearScreenId.menu durationMs=0
07-29 22:57:13.793  5540  5540 I flutter : GlassesCoordinator: received method=updateWearGlasses, args={showWifiIcon: true, primaryAction: null, wifiAvailable: true, footerText: null, statusIcon: null, title: Выбор раздела, performanceTraceId: 2:9:8, performanceRecognizedAtMillis: 1785355033791, isError: false, showPrinterIcon: false, secondaryAction: null, screenType: menu, checkLines: [], wifiLevel: 3, performanceSentAtMillis: 1785355033791, phase: idle, bodyLines: [], printerAvailable: false, pageText: null, selectedIndex: 2, isLoading: false, voiceCommandsEnabled: true, subtitle: null, statusText: null, performanceAsrMillis: 266, performanceCommand: down, items: [Печать ценников, Доступность, Справка, Настройки]}
07-29 22:57:13.793  5540  5540 I flutter : [WearGlassesCubit] payload received update#14 screen=menu selectedIndex=2 at=1785355033793
07-29 22:57:13.801  5540  5540 I flutter : [WEAR_PERF] trace=2:9:8 cmd=down asrMs=266 commandToSendMs=0 bridgeMs=2 renderMs=8 totalMs=10 screen=menu index=2
07-29 22:57:14.789  5540  5540 I flutter : [VOSK][ENDPOINT_RESULT][command] вниз at 1785355034789 (queueDelayMs=4, acceptMs=27, resultMs=9, chunkTotalMs=36)
07-29 22:57:14.789  5540  5540 I flutter : [VOICE_COMMAND] captureEpoch=2 acousticSegmentId=9 commandUtteranceId=11 routeRevision=4 grammarRevision=4 screen=menu kind=endpointResult text="вниз" command=WearVoiceCommand.down
07-29 22:57:14.789  5540  5540 I flutter : [VOICE_COMMAND] captureEpoch=2 acousticSegmentId=9 commandUtteranceId=11 routeRevision=4 grammarRevision=4 screen=menu kind=partial text="" command=null
07-29 22:57:14.791  5540  5540 I flutter : [VOSK][PARTIAL][command]  at 1785355034791 (queueDelayMs=5, acceptMs=1, partialMs=1, chunkTotalMs=2)
07-29 22:57:14.791  5540  5540 I flutter : [VOICE_COMMAND] captureEpoch=2 acousticSegmentId=9 commandUtteranceId=12 routeRevision=4 grammarRevision=4 screen=menu kind=partial text="" command=null
07-29 22:57:14.798  5540  5540 I flutter : [SpeechRecognitionService] VAD_ENDPOINT captureEpoch=2 segmentId=9 chunkId=958 captureAgeMs=19570 rawRms=0.00068 noiseFloorRms=0.00071 adaptiveOnRms=0.00250 adaptiveOffRms=0.00130
07-29 22:57:14.815  5540  5540 I flutter : [VoiceCapture#2] chunk#600 bytes=1024 registeredDataConsumers=0 registeredPcmConsumers=1 rawRms=0.00065 rawPeak=0.00220 postGainRms=0.00065 postGainPeak=0.00220 at=1785355034815
07-29 22:57:14.972  5540  5540 I flutter : [SpeechRecognitionService] VAD_START captureEpoch=2 segmentId=10 chunkId=965 captureAgeMs=19743 rawRms=0.00736 noiseFloorRms=0.00070 adaptiveOnRms=0.00250 adaptiveOffRms=0.00130
07-29 22:57:15.271  5540  5540 I flutter : [VOSK][PARTIAL][command] доступность at 1785355035271 (queueDelayMs=2, acceptMs=21, partialMs=2, chunkTotalMs=23)
07-29 22:57:15.271  5540  5540 I flutter : [VOICE_COMMAND] captureEpoch=2 acousticSegmentId=10 commandUtteranceId=12 routeRevision=4 grammarRevision=4 screen=menu kind=partial text="доступность" command=WearVoiceCommand.openAvailability
07-29 22:57:15.424  5540  5540 I flutter : [WearVoiceControlService] emitting#9 stable_partial command: WearVoiceCommand.openAvailability hasListener=false
07-29 22:57:15.424  5540  5540 I flutter : [WearModuleApp] voice command received command=WearVoiceCommand.openAvailability screen=WearScreenId.menu at=1785355035424
07-29 22:57:15.424  5540  5540 I flutter : [WearFlowController] command=WearVoiceCommand.openAvailability state=WearFlowState(screen: WearScreenId.menu, focusedIndex: 2, menuFocusedIndex: 2, isLoading: false, error: null, pendingNavigation: null)
07-29 22:57:15.424  5540  5540 I flutter : [WearFlowController] state=WearFlowState(screen: WearScreenId.menu, focusedIndex: 1, menuFocusedIndex: 1, isLoading: false, error: null, pendingNavigation: null)
07-29 22:57:15.424  5540  5540 I flutter : [WearFlowController] render glasses screen=WearScreenId.menu
07-29 22:57:15.424  5540  5540 I flutter : [WearFlowController] state=WearFlowState(screen: WearScreenId.availabilityInteraction, focusedIndex: 0, menuFocusedIndex: 1, isLoading: false, error: null, pendingNavigation: WearNavigationRequest(requestId: 1, screen: WearScreenId.availabilityInteraction, extra: null, replaceCurrent: false, popCurrent: false))
07-29 22:57:15.424  5540  5540 I flutter : [WearFlowController] render glasses screen=WearScreenId.availabilityInteraction
07-29 22:57:15.425  5540  5540 I flutter : [WearFlowController] request navigation target=WearNavigationRequest(requestId: 1, screen: WearScreenId.availabilityInteraction, extra: null, replaceCurrent: false, popCurrent: false)
07-29 22:57:15.425  5540  5540 I flutter : [WearFlowController] ui active flush pendingNavigation=WearNavigationRequest(requestId: 1, screen: WearScreenId.availabilityInteraction, extra: null, replaceCurrent: false, popCurrent: false)
07-29 22:57:15.425  5540  5540 I flutter : [FlutterWearNavigationOutput] goTo screen=WearScreenId.availabilityInteraction route=/wear_availability_interaction extra=null
07-29 22:57:15.425  5540  5540 I flutter : [ROUTER-CHANGE] matchedLocation=/wear_availability_interaction currentScreen=WearScreenId.availabilityInteraction
07-29 22:57:15.425  5540  5540 I flutter : [WearFlowController] navigation acknowledged request=WearNavigationRequest(requestId: 1, screen: WearScreenId.availabilityInteraction, extra: null, replaceCurrent: false, popCurrent: false)
07-29 22:57:15.425  5540  5540 I flutter : [WearFlowController] state=WearFlowState(screen: WearScreenId.availabilityInteraction, focusedIndex: 0, menuFocusedIndex: 1, isLoading: false, error: null, pendingNavigation: null)
07-29 22:57:15.426  5540  5540 I flutter : [VOICE-ROUTE] route changed location=/wear_availability_interaction screen=WearScreenId.availabilityInteraction diagnostics=SpeechRecognitionService{isListening=true, isSessionActive=true, isPrepared=true, freeTextEnabled=false, commandRecognizer=true, freeTextRecognizer=false, command={processedChunks=722, queueAvgMs=8, queueMaxMs=71, slowQueueChunks=0, recognizerAvgMs=3, recognizerMaxMs=41, slowRecognizerChunks=0}, freeText={processedChunks=0, queueAvgMs=0, queueMaxMs=0, slowQueueChunks=0, recognizerAvgMs=0, recognizerMaxMs=0, slowRecognizerChunks=0}, lastProcessedAgeMs=126, audio=AudioStreamService{captureId=2, isRunning=true, registeredDataConsumers=0, registeredPcmConsumers=1, receivedPcmPackets=616, lastChunkAgeMs=126, lastNonSilentAgeMs=126, continuousZeroAudioAgeMs=null, inputDevice=UAC4, startupWavPath=/data/user/0/ru.tander.smart_glasses/cache/voice_capture/capture_2_1785355015228_uac4.wav startupWavBytes=256000, runningForMs=20197}}
07-29 22:57:15.426  5540  5540 I flutter : [WearVoiceSession] configureForScreen screen=WearScreenId.availabilityInteraction mode=grammar
07-29 22:57:15.426  5540  5540 I flutter : [WearModuleApp] voice command handled command=WearVoiceCommand.openAvailability screen=WearScreenId.availabilityInteraction durationMs=2
07-29 22:57:15.427  5540  5540 I flutter : GlassesCoordinator: received method=updateWearGlasses, args={showWifiIcon: true, primaryAction: null, wifiAvailable: true, footerText: null, statusIcon: null, title: Тип взаимодействия, performanceTraceId: null, performanceRecognizedAtMillis: null, isError: false, showPrinterIcon: false, secondaryAction: null, screenType: availability, checkLines: [], wifiLevel: 3, performanceSentAtMillis: null, phase: idle, bodyLines: [], printerAvailable: false, pageText: null, selectedIndex: 0, isLoading: false, voiceCommandsEnabled: true, subtitle: null, statusText: null, performanceAsrMillis: null, performanceCommand: null, items: [Список, Прямое сканирование]}
07-29 22:57:15.428  5540  5540 I flutter : [WearGlassesCubit] payload received update#15 screen=availability selectedIndex=0 at=1785355035427
07-29 22:57:15.442  5540  5540 I flutter : [STACK-DEBUG] didPush: route=/wear_availability_interaction, previousRoute=/wear_menu
07-29 22:57:15.443  5540  5540 I flutter : [WearFlowController] state=WearFlowState(screen: WearScreenId.availabilityInteraction, focusedIndex: 0, menuFocusedIndex: 1, isLoading: false, error: null, pendingNavigation: null)
07-29 22:57:15.444  5540  5540 I flutter : [WearFlowController] render glasses screen=WearScreenId.availabilityInteraction
07-29 22:57:15.472  5540  5540 I flutter : [VOICE_GRAMMAR] screen=WearScreenId.availabilityInteraction routeRevision=5 grammarRevision=5 phrases=10 switchMs=46
07-29 22:57:15.472  5540  5540 I flutter : [SpeechRecognitionService] setFreeTextEnabled skipped enabled=false
07-29 22:57:15.473  5540  5540 I flutter : GlassesCoordinator: received method=updateWearGlasses, args={showWifiIcon: true, primaryAction: null, wifiAvailable: true, footerText: null, statusIcon: null, title: Тип взаимодействия, performanceTraceId: null, performanceRecognizedAtMillis: null, isError: false, showPrinterIcon: false, secondaryAction: null, screenType: availability, checkLines: [], wifiLevel: 3, performanceSentAtMillis: null, phase: idle, bodyLines: [], printerAvailable: false, pageText: null, selectedIndex: 0, isLoading: false, voiceCommandsEnabled: true, subtitle: null, statusText: null, performanceAsrMillis: null, performanceCommand: null, items: [Список, Прямое сканирование]}
07-29 22:57:15.473  5540  5540 I flutter : [WearGlassesCubit] payload received update#16 screen=availability selectedIndex=0 at=1785355035473
07-29 22:57:15.984  5540  5540 I flutter : [SpeechRecognitionService] VAD_ENDPOINT captureEpoch=2 segmentId=10 chunkId=1017 captureAgeMs=20756 rawRms=0.00070 noiseFloorRms=0.00070 adaptiveOnRms=0.00250 adaptiveOffRms=0.00130
07-29 22:57:16.997  5540  5540 I flutter : [SpeechRecognitionService] VAD_START captureEpoch=2 segmentId=11 chunkId=1063 captureAgeMs=21769 rawRms=0.01499 noiseFloorRms=0.00073 adaptiveOnRms=0.00250 adaptiveOffRms=0.00130
07-29 22:57:17.388  5540  5540 I flutter : [VOSK][PARTIAL][command] вверх at 1785355037388 (queueDelayMs=4, acceptMs=20, partialMs=3, chunkTotalMs=23)
07-29 22:57:17.389  5540  5540 I flutter : [VOICE_COMMAND] captureEpoch=2 acousticSegmentId=11 commandUtteranceId=13 routeRevision=5 grammarRevision=5 screen=availabilityInteraction kind=partial text="вверх" command=WearVoiceCommand.up
07-29 22:57:17.389  5540  5540 I flutter : [WearVoiceControlService] emitting#10 partial command: WearVoiceCommand.up hasListener=false
07-29 22:57:17.389  5540  5540 I flutter : [WearModuleApp] voice command received command=WearVoiceCommand.up screen=WearScreenId.availabilityInteraction at=1785355037389
07-29 22:57:17.389  5540  5540 I flutter : [WearFlowController] command=WearVoiceCommand.up state=WearFlowState(screen: WearScreenId.availabilityInteraction, focusedIndex: 0, menuFocusedIndex: 1, isLoading: false, error: null, pendingNavigation: null)
07-29 22:57:17.389  5540  5540 I flutter : [WearFlowController] state=WearFlowState(screen: WearScreenId.availabilityInteraction, focusedIndex: 0, menuFocusedIndex: 1, isLoading: false, error: null, pendingNavigation: null)
07-29 22:57:17.389  5540  5540 I flutter : [WearFlowController] render glasses screen=WearScreenId.availabilityInteraction
07-29 22:57:17.389  5540  5540 I flutter : [WearModuleApp] voice command handled command=WearVoiceCommand.up screen=WearScreenId.availabilityInteraction durationMs=0
07-29 22:57:17.390  5540  5540 I flutter : GlassesCoordinator: received method=updateWearGlasses, args={showWifiIcon: true, primaryAction: null, wifiAvailable: true, footerText: null, statusIcon: null, title: Тип взаимодействия, performanceTraceId: 2:11:10, performanceRecognizedAtMillis: 1785355037389, isError: false, showPrinterIcon: false, secondaryAction: null, screenType: availability, checkLines: [], wifiLevel: 3, performanceSentAtMillis: 1785355037389, phase: idle, bodyLines: [], printerAvailable: false, pageText: null, selectedIndex: 0, isLoading: false, voiceCommandsEnabled: true, subtitle: null, statusText: null, performanceAsrMillis: 1917, performanceCommand: up, items: [Список, Прямое сканирование]}
07-29 22:57:17.390  5540  5540 I flutter : [WearGlassesCubit] payload received update#17 screen=availability selectedIndex=0 at=1785355037390
07-29 22:57:17.392  5540  5540 I flutter : [WEAR_PERF] trace=2:11:10 cmd=up asrMs=1917 commandToSendMs=0 bridgeMs=1 renderMs=2 totalMs=3 screen=availability index=0
07-29 22:57:17.580  5540  5540 I flutter : [SpeechRecognitionService] processing source=command chunk#800 bytes=640 queueDelayMs=0 epoch=null
07-29 22:57:18.126  5540  5540 I flutter : [VOSK][ENDPOINT_RESULT][command] вверх at 1785355038125 (queueDelayMs=1, acceptMs=37, resultMs=6, chunkTotalMs=43)
07-29 22:57:18.126  5540  5540 I flutter : [VOICE_COMMAND] captureEpoch=2 acousticSegmentId=11 commandUtteranceId=13 routeRevision=5 grammarRevision=5 screen=availabilityInteraction kind=endpointResult text="вверх" command=WearVoiceCommand.up
07-29 22:57:18.126  5540  5540 I flutter : [VOICE_COMMAND] captureEpoch=2 acousticSegmentId=11 commandUtteranceId=13 routeRevision=5 grammarRevision=5 screen=availabilityInteraction kind=partial text="" command=null
07-29 22:57:18.132  5540  5540 I flutter : [VOSK][PARTIAL][command]  at 1785355038132 (queueDelayMs=0, acceptMs=1, partialMs=0, chunkTotalMs=1)
07-29 22:57:18.132  5540  5540 I flutter : [VOICE_COMMAND] captureEpoch=2 acousticSegmentId=11 commandUtteranceId=14 routeRevision=5 grammarRevision=5 screen=availabilityInteraction kind=partial text="" command=null
07-29 22:57:18.606  5540  5540 I flutter : [SpeechRecognitionService] VAD_ENDPOINT captureEpoch=2 segmentId=11 chunkId=1152 captureAgeMs=23378 rawRms=0.00065 noiseFloorRms=0.00073 adaptiveOnRms=0.00250 adaptiveOffRms=0.00130
07-29 22:57:18.843  5540  5540 I flutter : [SpeechRecognitionService] VAD_START captureEpoch=2 segmentId=12 chunkId=1162 captureAgeMs=23615 rawRms=0.00343 noiseFloorRms=0.00073 adaptiveOnRms=0.00250 adaptiveOffRms=0.00130
07-29 22:57:19.352  5540  5540 I flutter : [VOSK][PARTIAL][command] вверх at 1785355039352 (queueDelayMs=7, acceptMs=18, partialMs=4, chunkTotalMs=22)
07-29 22:57:19.352  5540  5540 I flutter : [VOICE_COMMAND] captureEpoch=2 acousticSegmentId=12 commandUtteranceId=14 routeRevision=5 grammarRevision=5 screen=availabilityInteraction kind=partial text="вверх" command=WearVoiceCommand.up
07-29 22:57:19.352  5540  5540 I flutter : [WearVoiceControlService] emitting#11 partial command: WearVoiceCommand.up hasListener=false
07-29 22:57:19.352  5540  5540 I flutter : [WearModuleApp] voice command received command=WearVoiceCommand.up screen=WearScreenId.availabilityInteraction at=1785355039352
07-29 22:57:19.353  5540  5540 I flutter : [WearFlowController] command=WearVoiceCommand.up state=WearFlowState(screen: WearScreenId.availabilityInteraction, focusedIndex: 0, menuFocusedIndex: 1, isLoading: false, error: null, pendingNavigation: null)
07-29 22:57:19.353  5540  5540 I flutter : [WearFlowController] state=WearFlowState(screen: WearScreenId.availabilityInteraction, focusedIndex: 0, menuFocusedIndex: 1, isLoading: false, error: null, pendingNavigation: null)
07-29 22:57:19.353  5540  5540 I flutter : [WearFlowController] render glasses screen=WearScreenId.availabilityInteraction
07-29 22:57:19.353  5540  5540 I flutter : [WearModuleApp] voice command handled command=WearVoiceCommand.up screen=WearScreenId.availabilityInteraction durationMs=1
07-29 22:57:19.356  5540  5540 I flutter : GlassesCoordinator: received method=updateWearGlasses, args={showWifiIcon: true, primaryAction: null, wifiAvailable: true, footerText: null, statusIcon: null, title: Тип взаимодействия, performanceTraceId: 2:12:11, performanceRecognizedAtMillis: 1785355039352, isError: false, showPrinterIcon: false, secondaryAction: null, screenType: availability, checkLines: [], wifiLevel: 3, performanceSentAtMillis: 1785355039353, phase: idle, bodyLines: [], printerAvailable: false, pageText: null, selectedIndex: 0, isLoading: false, voiceCommandsEnabled: true, subtitle: null, statusText: null, performanceAsrMillis: 1221, performanceCommand: up, items: [Список, Прямое сканирование]}
07-29 22:57:19.356  5540  5540 I flutter : [WearGlassesCubit] payload received update#18 screen=availability selectedIndex=0 at=1785355039356
07-29 22:57:19.371  5540  5540 I flutter : [WEAR_PERF] trace=2:12:11 cmd=up asrMs=1221 commandToSendMs=1 bridgeMs=3 renderMs=15 totalMs=19 screen=availability index=0
07-29 22:57:20.379  5540  5540 I flutter : [VOSK][ENDPOINT_RESULT][command] вверх at 1785355040379 (queueDelayMs=19, acceptMs=24, resultMs=7, chunkTotalMs=31)
07-29 22:57:20.379  5540  5540 I flutter : [VOICE_COMMAND] captureEpoch=2 acousticSegmentId=12 commandUtteranceId=14 routeRevision=5 grammarRevision=5 screen=availabilityInteraction kind=endpointResult text="вверх" command=WearVoiceCommand.up
07-29 22:57:20.379  5540  5540 I flutter : [VOICE_COMMAND] captureEpoch=2 acousticSegmentId=12 commandUtteranceId=14 routeRevision=5 grammarRevision=5 screen=availabilityInteraction kind=partial text="" command=null
07-29 22:57:20.381  5540  5540 I flutter : [VOSK][PARTIAL][command]  at 1785355040381 (queueDelayMs=33, acceptMs=1, partialMs=1, chunkTotalMs=2)
07-29 22:57:20.381  5540  5540 I flutter : [VOICE_COMMAND] captureEpoch=2 acousticSegmentId=12 commandUtteranceId=15 routeRevision=5 grammarRevision=5 screen=availabilityInteraction kind=partial text="" command=null
07-29 22:57:21.136  5540  5540 I flutter : [SpeechRecognitionService] VAD_ENDPOINT captureEpoch=2 segmentId=12 chunkId=1270 captureAgeMs=25908 rawRms=0.00067 noiseFloorRms=0.00073 adaptiveOnRms=0.00250 adaptiveOffRms=0.00130
07-29 22:57:21.170  5540  5540 I flutter : [SpeechRecognitionService] VAD_START captureEpoch=2 segmentId=13 chunkId=1275 captureAgeMs=25942 rawRms=0.00341 noiseFloorRms=0.00075 adaptiveOnRms=0.00250 adaptiveOffRms=0.00130
07-29 22:57:21.207  5540  5540 I flutter : [VoiceCapture#2] chunk#800 bytes=1024 registeredDataConsumers=0 registeredPcmConsumers=1 rawRms=0.00240 rawPeak=0.00623 postGainRms=0.00240 postGainPeak=0.00623 at=1785355041207
07-29 22:57:21.637  5540  5540 I flutter : [SpeechRecognitionService] processing source=command chunk#1000 bytes=640 queueDelayMs=0 epoch=null
07-29 22:57:22.425  5540  5540 I flutter : [SpeechRecognitionService] VAD_ENDPOINT captureEpoch=2 segmentId=13 chunkId=1338 captureAgeMs=27197 rawRms=0.00079 noiseFloorRms=0.00075 adaptiveOnRms=0.00250 adaptiveOffRms=0.00130
07-29 22:57:23.952  5540  5540 I flutter : [SpeechRecognitionService] VAD_START captureEpoch=2 segmentId=14 chunkId=1418 captureAgeMs=28724 rawRms=0.00288 noiseFloorRms=0.00090 adaptiveOnRms=0.00250 adaptiveOffRms=0.00134
07-29 22:57:25.283  5540  5540 I flutter : [VOSK][PARTIAL][command] вверх at 1785355045282 (queueDelayMs=2, acceptMs=42, partialMs=4, chunkTotalMs=46)
07-29 22:57:25.283  5540  5540 I flutter : [VOICE_COMMAND] captureEpoch=2 acousticSegmentId=14 commandUtteranceId=15 routeRevision=5 grammarRevision=5 screen=availabilityInteraction kind=partial text="вверх" command=WearVoiceCommand.up
07-29 22:57:25.283  5540  5540 I flutter : [WearVoiceControlService] emitting#12 partial command: WearVoiceCommand.up hasListener=false
07-29 22:57:25.283  5540  5540 I flutter : [WearModuleApp] voice command received command=WearVoiceCommand.up screen=WearScreenId.availabilityInteraction at=1785355045283
07-29 22:57:25.283  5540  5540 I flutter : [WearFlowController] command=WearVoiceCommand.up state=WearFlowState(screen: WearScreenId.availabilityInteraction, focusedIndex: 0, menuFocusedIndex: 1, isLoading: false, error: null, pendingNavigation: null)
07-29 22:57:25.283  5540  5540 I flutter : [WearFlowController] state=WearFlowState(screen: WearScreenId.availabilityInteraction, focusedIndex: 0, menuFocusedIndex: 1, isLoading: false, error: null, pendingNavigation: null)
07-29 22:57:25.283  5540  5540 I flutter : [WearFlowController] render glasses screen=WearScreenId.availabilityInteraction
07-29 22:57:25.283  5540  5540 I flutter : [WearModuleApp] voice command handled command=WearVoiceCommand.up screen=WearScreenId.availabilityInteraction durationMs=0
07-29 22:57:25.285  5540  5540 I flutter : GlassesCoordinator: received method=updateWearGlasses, args={showWifiIcon: true, primaryAction: null, wifiAvailable: true, footerText: null, statusIcon: null, title: Тип взаимодействия, performanceTraceId: 2:14:12, performanceRecognizedAtMillis: 1785355045283, isError: false, showPrinterIcon: false, secondaryAction: null, screenType: availability, checkLines: [], wifiLevel: 3, performanceSentAtMillis: 1785355045283, phase: idle, bodyLines: [], printerAvailable: false, pageText: null, selectedIndex: 0, isLoading: false, voiceCommandsEnabled: true, subtitle: null, statusText: null, performanceAsrMillis: 4904, performanceCommand: up, items: [Список, Прямое сканирование]}
07-29 22:57:25.285  5540  5540 I flutter : [WearGlassesCubit] payload received update#19 screen=availability selectedIndex=0 at=1785355045285
07-29 22:57:25.293  5540  5540 I flutter : [WEAR_PERF] trace=2:14:12 cmd=up asrMs=4904 commandToSendMs=0 bridgeMs=2 renderMs=8 totalMs=10 screen=availability index=0
07-29 22:57:26.048  5540  5540 I flutter : [VOSK][PARTIAL][command] вверх назад at 1785355046048 (queueDelayMs=0, acceptMs=36, partialMs=1, chunkTotalMs=37)
07-29 22:57:26.048  5540  5540 I flutter : [VOICE_COMMAND] captureEpoch=2 acousticSegmentId=14 commandUtteranceId=15 routeRevision=5 grammarRevision=5 screen=availabilityInteraction kind=partial text="вверх назад" command=null
07-29 22:57:26.527  5540  5540 I flutter : [SpeechRecognitionService] VAD_ENDPOINT captureEpoch=2 segmentId=14 chunkId=1544 captureAgeMs=31299 rawRms=0.00075 noiseFloorRms=0.00090 adaptiveOnRms=0.00250 adaptiveOffRms=0.00134
07-29 22:57:27.558  5540  5540 I flutter : [VoiceCapture#2] chunk#1000 bytes=1024 registeredDataConsumers=0 registeredPcmConsumers=1 rawRms=0.00069 rawPeak=0.00198 postGainRms=0.00069 postGainPeak=0.00198 at=1785355047558
07-29 22:57:27.792  5540  5540 I flutter : [SpeechRecognitionService] VAD_START captureEpoch=2 segmentId=15 chunkId=1611 captureAgeMs=32564 rawRms=0.01123 noiseFloorRms=0.00075 adaptiveOnRms=0.00250 adaptiveOffRms=0.00130
07-29 22:57:28.089  5540  5540 I flutter : [VOSK][ENDPOINT_RESULT][command] вверх назад at 1785355048089 (queueDelayMs=0, acceptMs=35, resultMs=8, chunkTotalMs=43)
07-29 22:57:28.089  5540  5540 I flutter : [VOICE_COMMAND] captureEpoch=2 acousticSegmentId=15 commandUtteranceId=15 routeRevision=5 grammarRevision=5 screen=availabilityInteraction kind=endpointResult text="вверх назад" command=null
07-29 22:57:28.090  5540  5540 I flutter : [VOICE_COMMAND] captureEpoch=2 acousticSegmentId=15 commandUtteranceId=15 routeRevision=5 grammarRevision=5 screen=availabilityInteraction kind=partial text="" command=null
07-29 22:57:28.094  5540  5540 I flutter : [VOSK][PARTIAL][command]  at 1785355048094 (queueDelayMs=44, acceptMs=3, partialMs=1, chunkTotalMs=4)
07-29 22:57:28.094  5540  5540 I flutter : [VOICE_COMMAND] captureEpoch=2 acousticSegmentId=15 commandUtteranceId=16 routeRevision=5 grammarRevision=5 screen=availabilityInteraction kind=partial text="" command=null
07-29 22:57:28.094  5540  5540 I flutter : [SpeechRecognitionService] processing source=command chunk#1200 bytes=640 queueDelayMs=2 epoch=null
07-29 22:57:28.325  5540  5540 I flutter : [VOSK][PARTIAL][command] назад at 1785355048325 (queueDelayMs=0, acceptMs=32, partialMs=2, chunkTotalMs=34)
07-29 22:57:28.326  5540  5540 I flutter : [VOICE_COMMAND] captureEpoch=2 acousticSegmentId=15 commandUtteranceId=16 routeRevision=5 grammarRevision=5 screen=availabilityInteraction kind=partial text="назад" command=WearVoiceCommand.back
07-29 22:57:28.477  5540  5540 I flutter : [WearVoiceControlService] emitting#13 stable_partial command: WearVoiceCommand.back hasListener=false
07-29 22:57:28.477  5540  5540 I flutter : [WearModuleApp] voice command received command=WearVoiceCommand.back screen=WearScreenId.availabilityInteraction at=1785355048477
07-29 22:57:28.477  5540  5540 I flutter : [WearFlowController] command=WearVoiceCommand.back state=WearFlowState(screen: WearScreenId.availabilityInteraction, focusedIndex: 0, menuFocusedIndex: 1, isLoading: false, error: null, pendingNavigation: null)
07-29 22:57:28.477  5540  5540 I flutter : [WearFlowController] no screen action screen=WearScreenId.availabilityInteraction
07-29 22:57:28.477  5540  5540 I flutter : [WearFlowController] request navigation back
07-29 22:57:28.477  5540  5540 I flutter : [ROUTER-CHANGE] matchedLocation=/wear_menu currentScreen=WearScreenId.availabilityInteraction
07-29 22:57:28.477  5540  5540 I flutter : [ROUTER-CHANGE] enterScreen WearScreenId.menu
07-29 22:57:28.477  5540  5540 I flutter : [WearFlowController] state=WearFlowState(screen: WearScreenId.menu, focusedIndex: 1, menuFocusedIndex: 1, isLoading: false, error: null, pendingNavigation: null)
07-29 22:57:28.477  5540  5540 I flutter : [WearFlowController] render glasses screen=WearScreenId.menu
07-29 22:57:28.478  5540  5540 I flutter : [STACK-DEBUG] didPop: route=/wear_availability_interaction, previousRoute=/wear_menu
07-29 22:57:28.478  5540  5540 I flutter : [VOICE-ROUTE] route changed location=/wear_menu screen=WearScreenId.menu diagnostics=SpeechRecognitionService{isListening=true, isSessionActive=true, isPrepared=true, freeTextEnabled=false, commandRecognizer=true, freeTextRecognizer=false, command={processedChunks=1215, queueAvgMs=7, queueMaxMs=71, slowQueueChunks=0, recognizerAvgMs=3, recognizerMaxMs=42, slowRecognizerChunks=0}, freeText={processedChunks=0, queueAvgMs=0, queueMaxMs=0, slowQueueChunks=0, recognizerAvgMs=0, recognizerMaxMs=0, slowRecognizerChunks=0}, lastProcessedAgeMs=93, audio=AudioStreamService{captureId=2, isRunning=true, registeredDataConsumers=0, registeredPcmConsumers=1, receivedPcmPackets=1024, lastChunkAgeMs=96, lastNonSilentAgeMs=96, continuousZeroAudioAgeMs=null, inputDevice=UAC4, startupWavPath=/data/user/0/ru.tander.smart_glasses/cache/voice_capture/capture_2_1785355015228_uac4.wav startupWavBytes=256000, runningForMs=33249}}
07-29 22:57:28.478  5540  5540 I flutter : [WearVoiceSession] configureForScreen screen=WearScreenId.menu mode=grammar
07-29 22:57:28.478  5540  5540 I flutter : [WearModuleApp] voice command handled command=WearVoiceCommand.back screen=WearScreenId.menu durationMs=1
07-29 22:57:28.480  5540  5540 I flutter : GlassesCoordinator: received method=updateWearGlasses, args={showWifiIcon: true, primaryAction: null, wifiAvailable: true, footerText: null, statusIcon: null, title: Выбор раздела, performanceTraceId: 2:15:13, performanceRecognizedAtMillis: 1785355048477, isError: false, showPrinterIcon: false, secondaryAction: null, screenType: menu, checkLines: [], wifiLevel: 3, performanceSentAtMillis: 1785355048478, phase: idle, bodyLines: [], printerAvailable: false, pageText: null, selectedIndex: 1, isLoading: false, voiceCommandsEnabled: true, subtitle: null, statusText: null, performanceAsrMillis: 387, performanceCommand: back, items: [Печать ценников, Доступность, Справка, Настройки]}
07-29 22:57:28.480  5540  5540 I flutter : [WearGlassesCubit] payload received update#20 screen=menu selectedIndex=1 at=1785355048480
07-29 22:57:28.488  5540  5540 I flutter : [VOICE_GRAMMAR] screen=WearScreenId.menu routeRevision=6 grammarRevision=6 phrases=10 switchMs=10
07-29 22:57:28.488  5540  5540 I flutter : [SpeechRecognitionService] setFreeTextEnabled skipped enabled=false
07-29 22:57:28.498  5540  5540 I flutter : [WEAR_PERF] trace=2:15:13 cmd=back asrMs=387 commandToSendMs=1 bridgeMs=2 renderMs=18 totalMs=21 screen=menu index=1
07-29 22:57:29.889  5540  5540 I flutter : [SpeechRecognitionService] VAD_ENDPOINT captureEpoch=2 segmentId=15 chunkId=1713 captureAgeMs=34661 rawRms=0.00061 noiseFloorRms=0.00075 adaptiveOnRms=0.00250 adaptiveOffRms=0.00130
07-29 22:57:30.108  5540  5540 I flutter : [SpeechRecognitionService] VAD_START captureEpoch=2 segmentId=16 chunkId=1724 captureAgeMs=34880 rawRms=0.00709 noiseFloorRms=0.00073 adaptiveOnRms=0.00250 adaptiveOffRms=0.00130
07-29 22:57:30.611  5540  5540 I flutter : [VOSK][PARTIAL][command] доступность at 1785355050611 (queueDelayMs=3, acceptMs=34, partialMs=4, chunkTotalMs=38)
07-29 22:57:30.611  5540  5540 I flutter : [VOICE_COMMAND] captureEpoch=2 acousticSegmentId=16 commandUtteranceId=17 routeRevision=6 grammarRevision=6 screen=menu kind=partial text="доступность" command=WearVoiceCommand.openAvailability
07-29 22:57:30.763  5540  5540 I flutter : [WearVoiceControlService] emitting#14 stable_partial command: WearVoiceCommand.openAvailability hasListener=false
07-29 22:57:30.763  5540  5540 I flutter : [WearModuleApp] voice command received command=WearVoiceCommand.openAvailability screen=WearScreenId.menu at=1785355050763
07-29 22:57:30.763  5540  5540 I flutter : [WearFlowController] command=WearVoiceCommand.openAvailability state=WearFlowState(screen: WearScreenId.menu, focusedIndex: 1, menuFocusedIndex: 1, isLoading: false, error: null, pendingNavigation: null)
07-29 22:57:30.763  5540  5540 I flutter : [WearFlowController] state=WearFlowState(screen: WearScreenId.availabilityInteraction, focusedIndex: 0, menuFocusedIndex: 1, isLoading: false, error: null, pendingNavigation: WearNavigationRequest(requestId: 2, screen: WearScreenId.availabilityInteraction, extra: null, replaceCurrent: false, popCurrent: false))
07-29 22:57:30.763  5540  5540 I flutter : [WearFlowController] render glasses screen=WearScreenId.availabilityInteraction
07-29 22:57:30.763  5540  5540 I flutter : [WearFlowController] request navigation target=WearNavigationRequest(requestId: 2, screen: WearScreenId.availabilityInteraction, extra: null, replaceCurrent: false, popCurrent: false)
07-29 22:57:30.763  5540  5540 I flutter : [WearFlowController] ui active flush pendingNavigation=WearNavigationRequest(requestId: 2, screen: WearScreenId.availabilityInteraction, extra: null, replaceCurrent: false, popCurrent: false)
07-29 22:57:30.763  5540  5540 I flutter : [FlutterWearNavigationOutput] goTo screen=WearScreenId.availabilityInteraction route=/wear_availability_interaction extra=null
07-29 22:57:30.763  5540  5540 I flutter : [ROUTER-CHANGE] matchedLocation=/wear_availability_interaction currentScreen=WearScreenId.availabilityInteraction
07-29 22:57:30.764  5540  5540 I flutter : [WearFlowController] navigation acknowledged request=WearNavigationRequest(requestId: 2, screen: WearScreenId.availabilityInteraction, extra: null, replaceCurrent: false, popCurrent: false)
07-29 22:57:30.764  5540  5540 I flutter : [WearFlowController] state=WearFlowState(screen: WearScreenId.availabilityInteraction, focusedIndex: 0, menuFocusedIndex: 1, isLoading: false, error: null, pendingNavigation: null)
07-29 22:57:30.764  5540  5540 I flutter : [VOICE-ROUTE] route changed location=/wear_availability_interaction screen=WearScreenId.availabilityInteraction diagnostics=SpeechRecognitionService{isListening=true, isSessionActive=true, isPrepared=true, freeTextEnabled=false, commandRecognizer=true, freeTextRecognizer=false, command={processedChunks=1330, queueAvgMs=7, queueMaxMs=71, slowQueueChunks=0, recognizerAvgMs=3, recognizerMaxMs=42, slowRecognizerChunks=0}, freeText={processedChunks=0, queueAvgMs=0, queueMaxMs=0, slowQueueChunks=0, recognizerAvgMs=0, recognizerMaxMs=0, slowRecognizerChunks=0}, lastProcessedAgeMs=81, audio=AudioStreamService{captureId=2, isRunning=true, registeredDataConsumers=0, registeredPcmConsumers=1, receivedPcmPackets=1096, lastChunkAgeMs=81, lastNonSilentAgeMs=81, continuousZeroAudioAgeMs=null, inputDevice=UAC4, startupWavPath=/data/user/0/ru.tander.smart_glasses/cache/voice_capture/capture_2_1785355015228_uac4.wav startupWavBytes=256000, runningForMs=35536}}
07-29 22:57:30.764  5540  5540 I flutter : [WearVoiceSession] configureForScreen screen=WearScreenId.availabilityInteraction mode=grammar
07-29 22:57:30.765  5540  5540 I flutter : [WearModuleApp] voice command handled command=WearVoiceCommand.openAvailability screen=WearScreenId.availabilityInteraction durationMs=2
07-29 22:57:30.766  5540  5540 I flutter : GlassesCoordinator: received method=updateWearGlasses, args={showWifiIcon: true, primaryAction: null, wifiAvailable: true, footerText: null, statusIcon: null, title: Тип взаимодействия, performanceTraceId: 2:16:14, performanceRecognizedAtMillis: 1785355050763, isError: false, showPrinterIcon: false, secondaryAction: null, screenType: availability, checkLines: [], wifiLevel: 3, performanceSentAtMillis: 1785355050764, phase: idle, bodyLines: [], printerAvailable: false, pageText: null, selectedIndex: 0, isLoading: false, voiceCommandsEnabled: true, subtitle: null, statusText: null, performanceAsrMillis: 2232, performanceCommand: openAvailability, items: [Список, Прямое сканирование]}
07-29 22:57:30.766  5540  5540 I flutter : [WearGlassesCubit] payload received update#21 screen=availability selectedIndex=0 at=1785355050766
07-29 22:57:30.778  5540  5540 I flutter : [WEAR_PERF] trace=2:16:14 cmd=openAvailability asrMs=2232 commandToSendMs=1 bridgeMs=2 renderMs=12 totalMs=15 screen=availability index=0
07-29 22:57:30.779  5540  5540 I flutter : [STACK-DEBUG] didPush: route=/wear_availability_interaction, previousRoute=/wear_menu
07-29 22:57:30.780  5540  5540 I flutter : [WearFlowController] state=WearFlowState(screen: WearScreenId.availabilityInteraction, focusedIndex: 0, menuFocusedIndex: 1, isLoading: false, error: null, pendingNavigation: null)
07-29 22:57:30.780  5540  5540 I flutter : [WearFlowController] render glasses screen=WearScreenId.availabilityInteraction
07-29 22:57:30.796  5540  5540 I flutter : GlassesCoordinator: received method=updateWearGlasses, args={showWifiIcon: true, primaryAction: null, wifiAvailable: true, footerText: null, statusIcon: null, title: Тип взаимодействия, performanceTraceId: null, performanceRecognizedAtMillis: null, isError: false, showPrinterIcon: false, secondaryAction: null, screenType: availability, checkLines: [], wifiLevel: 3, performanceSentAtMillis: null, phase: idle, bodyLines: [], printerAvailable: false, pageText: null, selectedIndex: 0, isLoading: false, voiceCommandsEnabled: true, subtitle: null, statusText: null, performanceAsrMillis: null, performanceCommand: null, items: [Список, Прямое сканирование]}
07-29 22:57:30.796  5540  5540 I flutter : [WearGlassesCubit] payload received update#22 screen=availability selectedIndex=0 at=1785355050796
07-29 22:57:30.801  5540  5540 I flutter : [VOICE_GRAMMAR] screen=WearScreenId.availabilityInteraction routeRevision=7 grammarRevision=7 phrases=10 switchMs=36
07-29 22:57:30.801  5540  5540 I flutter : [SpeechRecognitionService] setFreeTextEnabled skipped enabled=false
--------- beginning of main
07-29 22:57:54.440  5540  5540 I flutter : [VOSK][PARTIAL][command] вверх at 1785355074440 (queueDelayMs=2, acceptMs=29, partialMs=4, chunkTotalMs=33)
07-29 22:57:54.440  5540  5540 I flutter : [VOICE_COMMAND] captureEpoch=2 acousticSegmentId=29 commandUtteranceId=30 routeRevision=11 grammarRevision=11 screen=menu kind=partial text="вверх" command=WearVoiceCommand.up
07-29 22:57:54.440  5540  5540 I flutter : [WearVoiceControlService] emitting#25 partial command: WearVoiceCommand.up hasListener=false
07-29 22:57:54.441  5540  5540 I flutter : [WearModuleApp] voice command received command=WearVoiceCommand.up screen=WearScreenId.menu at=1785355074441
07-29 22:57:54.442  5540  5540 I flutter : [WearFlowController] command=WearVoiceCommand.up state=WearFlowState(screen: WearScreenId.menu, focusedIndex: 1, menuFocusedIndex: 1, isLoading: false, error: null, pendingNavigation: null)
07-29 22:57:54.442  5540  5540 I flutter : [WearFlowController] state=WearFlowState(screen: WearScreenId.menu, focusedIndex: 0, menuFocusedIndex: 0, isLoading: false, error: null, pendingNavigation: null)
07-29 22:57:54.442  5540  5540 I flutter : [WearFlowController] render glasses screen=WearScreenId.menu
07-29 22:57:54.442  5540  5540 I flutter : [WearModuleApp] voice command handled command=WearVoiceCommand.up screen=WearScreenId.menu durationMs=1
07-29 22:57:54.444  5540  5540 I flutter : GlassesCoordinator: received method=updateWearGlasses, args={showWifiIcon: true, primaryAction: null, wifiAvailable: true, footerText: null, statusIcon: null, title: Выбор раздела, performanceTraceId: 2:29:25, performanceRecognizedAtMillis: 1785355074440, isError: false, showPrinterIcon: false, secondaryAction: null, screenType: menu, checkLines: [], wifiLevel: 3, performanceSentAtMillis: 1785355074442, phase: idle, bodyLines: [], printerAvailable: false, pageText: null, selectedIndex: 0, isLoading: false, voiceCommandsEnabled: true, subtitle: null, statusText: null, performanceAsrMillis: 225, performanceCommand: up, items: [Печать ценников, Доступность, Справка, Настройки]}
07-29 22:57:54.445  5540  5540 I flutter : [WearGlassesCubit] payload received update#35 screen=menu selectedIndex=0 at=1785355074445
07-29 22:57:54.455  5540  5540 I flutter : [WEAR_PERF] trace=2:29:25 cmd=up asrMs=225 commandToSendMs=2 bridgeMs=3 renderMs=10 totalMs=15 screen=menu index=0
07-29 22:57:55.138  5540  5540 I flutter : [SpeechRecognitionService] VAD_ENDPOINT captureEpoch=2 segmentId=29 chunkId=2970 captureAgeMs=59910 rawRms=0.00071 noiseFloorRms=0.00072 adaptiveOnRms=0.00250 adaptiveOffRms=0.00130
07-29 22:57:55.679  5540  5540 I flutter : [SpeechRecognitionService] VAD_START captureEpoch=2 segmentId=30 chunkId=3000 captureAgeMs=60451 rawRms=0.00628 noiseFloorRms=0.00074 adaptiveOnRms=0.00250 adaptiveOffRms=0.00130
07-29 22:57:55.789  5540  5540 I flutter : [VOSK][ENDPOINT_RESULT][command] вверх at 1785355075789 (queueDelayMs=1, acceptMs=24, resultMs=10, chunkTotalMs=34)
07-29 22:57:55.789  5540  5540 I flutter : [VOICE_COMMAND] captureEpoch=2 acousticSegmentId=30 commandUtteranceId=30 routeRevision=11 grammarRevision=11 screen=menu kind=endpointResult text="вверх" command=WearVoiceCommand.up
07-29 22:57:55.789  5540  5540 I flutter : [VOICE_COMMAND] captureEpoch=2 acousticSegmentId=30 commandUtteranceId=30 routeRevision=11 grammarRevision=11 screen=menu kind=partial text="" command=null
07-29 22:57:55.792  5540  5540 I flutter : [VOSK][PARTIAL][command]  at 1785355075792 (queueDelayMs=1, acceptMs=2, partialMs=1, chunkTotalMs=3)
07-29 22:57:55.792  5540  5540 I flutter : [VOICE_COMMAND] captureEpoch=2 acousticSegmentId=30 commandUtteranceId=31 routeRevision=11 grammarRevision=11 screen=menu kind=partial text="" command=null
07-29 22:57:56.001  5540  5540 I flutter : [VOSK][PARTIAL][command] вниз at 1785355076001 (queueDelayMs=0, acceptMs=31, partialMs=2, chunkTotalMs=33)
07-29 22:57:56.001  5540  5540 I flutter : [VOICE_COMMAND] captureEpoch=2 acousticSegmentId=30 commandUtteranceId=31 routeRevision=11 grammarRevision=11 screen=menu kind=partial text="вниз" command=WearVoiceCommand.down
07-29 22:57:56.001  5540  5540 I flutter : [WearVoiceControlService] emitting#26 partial command: WearVoiceCommand.down hasListener=false
07-29 22:57:56.001  5540  5540 I flutter : [WearModuleApp] voice command received command=WearVoiceCommand.down screen=WearScreenId.menu at=1785355076001
07-29 22:57:56.001  5540  5540 I flutter : [WearFlowController] command=WearVoiceCommand.down state=WearFlowState(screen: WearScreenId.menu, focusedIndex: 0, menuFocusedIndex: 0, isLoading: false, error: null, pendingNavigation: null)
07-29 22:57:56.001  5540  5540 I flutter : [WearFlowController] state=WearFlowState(screen: WearScreenId.menu, focusedIndex: 1, menuFocusedIndex: 1, isLoading: false, error: null, pendingNavigation: null)
07-29 22:57:56.001  5540  5540 I flutter : [WearFlowController] render glasses screen=WearScreenId.menu
07-29 22:57:56.001  5540  5540 I flutter : [WearModuleApp] voice command handled command=WearVoiceCommand.down screen=WearScreenId.menu durationMs=0
07-29 22:57:56.003  5540  5540 I flutter : GlassesCoordinator: received method=updateWearGlasses, args={showWifiIcon: true, primaryAction: null, wifiAvailable: true, footerText: null, statusIcon: null, title: Выбор раздела, performanceTraceId: 2:30:26, performanceRecognizedAtMillis: 1785355076001, isError: false, showPrinterIcon: false, secondaryAction: null, screenType: menu, checkLines: [], wifiLevel: 3, performanceSentAtMillis: 1785355076001, phase: idle, bodyLines: [], printerAvailable: false, pageText: null, selectedIndex: 1, isLoading: false, voiceCommandsEnabled: true, subtitle: null, statusText: null, performanceAsrMillis: 212, performanceCommand: down, items: [Печать ценников, Доступность, Справка, Настройки]}
07-29 22:57:56.003  5540  5540 I flutter : [WearGlassesCubit] payload received update#36 screen=menu selectedIndex=1 at=1785355076003
07-29 22:57:56.018  5540  5540 I flutter : [WEAR_PERF] trace=2:30:26 cmd=down asrMs=212 commandToSendMs=0 bridgeMs=2 renderMs=15 totalMs=17 screen=menu index=1
07-29 22:57:56.533  5540  5540 I flutter : [SpeechRecognitionService] VAD_ENDPOINT captureEpoch=2 segmentId=30 chunkId=3044 captureAgeMs=61305 rawRms=0.00076 noiseFloorRms=0.00074 adaptiveOnRms=0.00250 adaptiveOffRms=0.00130
07-29 22:57:56.959  5540  5540 I flutter : [SpeechRecognitionService] VAD_START captureEpoch=2 segmentId=31 chunkId=3066 captureAgeMs=61731 rawRms=0.00254 noiseFloorRms=0.00072 adaptiveOnRms=0.00250 adaptiveOffRms=0.00130
07-29 22:57:57.491  5540  5540 I flutter : [VOSK][PARTIAL][command] вниз вниз at 1785355077491 (queueDelayMs=3, acceptMs=31, partialMs=5, chunkTotalMs=36)
07-29 22:57:57.491  5540  5540 I flutter : [VOICE_COMMAND] captureEpoch=2 acousticSegmentId=31 commandUtteranceId=31 routeRevision=11 grammarRevision=11 screen=menu kind=partial text="вниз вниз" command=null
07-29 22:57:57.781  5540  5540 I flutter : [SpeechRecognitionService] processing source=command chunk#2200 bytes=640 queueDelayMs=1 epoch=null
07-29 22:57:57.953  5540  5540 I flutter : [SpeechRecognitionService] VAD_ENDPOINT captureEpoch=2 segmentId=31 chunkId=3111 captureAgeMs=62725 rawRms=0.00077 noiseFloorRms=0.00072 adaptiveOnRms=0.00250 adaptiveOffRms=0.00130
07-29 22:57:58.483  5540  5540 I flutter : [SpeechRecognitionService] VAD_START captureEpoch=2 segmentId=32 chunkId=3139 captureAgeMs=63255 rawRms=0.00257 noiseFloorRms=0.00090 adaptiveOnRms=0.00250 adaptiveOffRms=0.00136
07-29 22:57:58.582  5540  5540 I flutter : [VOSK][ENDPOINT_RESULT][command] вниз вниз at 1785355078581 (queueDelayMs=15, acceptMs=20, resultMs=10, chunkTotalMs=30)
07-29 22:57:58.582  5540  5540 I flutter : [VOICE_COMMAND] captureEpoch=2 acousticSegmentId=32 commandUtteranceId=31 routeRevision=11 grammarRevision=11 screen=menu kind=endpointResult text="вниз вниз" command=null
07-29 22:57:58.582  5540  5540 I flutter : [VOICE_COMMAND] captureEpoch=2 acousticSegmentId=32 commandUtteranceId=31 routeRevision=11 grammarRevision=11 screen=menu kind=partial text="" command=null
07-29 22:57:58.585  5540  5540 I flutter : [VOSK][PARTIAL][command]  at 1785355078585 (queueDelayMs=37, acceptMs=2, partialMs=1, chunkTotalMs=3)
07-29 22:57:58.585  5540  5540 I flutter : [VOICE_COMMAND] captureEpoch=2 acousticSegmentId=32 commandUtteranceId=32 routeRevision=11 grammarRevision=11 screen=menu kind=partial text="" command=null
07-29 22:57:59.613  5540  5540 I flutter : [VoiceCapture#2] chunk#2000 bytes=1024 registeredDataConsumers=0 registeredPcmConsumers=1 rawRms=0.01792 rawPeak=0.04932 postGainRms=0.01792 postGainPeak=0.04932 at=1785355079613
07-29 22:57:59.792  5540  5540 I flutter : [VOSK][PARTIAL][command] вверх at 1785355079792 (queueDelayMs=2, acceptMs=32, partialMs=5, chunkTotalMs=37)
07-29 22:57:59.792  5540  5540 I flutter : [VOICE_COMMAND] captureEpoch=2 acousticSegmentId=32 commandUtteranceId=32 routeRevision=11 grammarRevision=11 screen=menu kind=partial text="вверх" command=WearVoiceCommand.up
07-29 22:57:59.793  5540  5540 I flutter : [WearVoiceControlService] emitting#27 partial command: WearVoiceCommand.up hasListener=false
07-29 22:57:59.793  5540  5540 I flutter : [WearModuleApp] voice command received command=WearVoiceCommand.up screen=WearScreenId.menu at=1785355079793
07-29 22:57:59.793  5540  5540 I flutter : [WearFlowController] command=WearVoiceCommand.up state=WearFlowState(screen: WearScreenId.menu, focusedIndex: 1, menuFocusedIndex: 1, isLoading: false, error: null, pendingNavigation: null)
07-29 22:57:59.793  5540  5540 I flutter : [WearFlowController] state=WearFlowState(screen: WearScreenId.menu, focusedIndex: 0, menuFocusedIndex: 0, isLoading: false, error: null, pendingNavigation: null)
07-29 22:57:59.793  5540  5540 I flutter : [WearFlowController] render glasses screen=WearScreenId.menu
07-29 22:57:59.793  5540  5540 I flutter : [WearModuleApp] voice command handled command=WearVoiceCommand.up screen=WearScreenId.menu durationMs=0
07-29 22:57:59.795  5540  5540 I flutter : GlassesCoordinator: received method=updateWearGlasses, args={showWifiIcon: true, primaryAction: null, wifiAvailable: true, footerText: null, statusIcon: null, title: Выбор раздела, performanceTraceId: 2:32:27, performanceRecognizedAtMillis: 1785355079793, isError: false, showPrinterIcon: false, secondaryAction: null, screenType: menu, checkLines: [], wifiLevel: 3, performanceSentAtMillis: 1785355079793, phase: idle, bodyLines: [], printerAvailable: false, pageText: null, selectedIndex: 0, isLoading: false, voiceCommandsEnabled: true, subtitle: null, statusText: null, performanceAsrMillis: 1211, performanceCommand: up, items: [Печать ценников, Доступность, Справка, Настройки]}
07-29 22:57:59.795  5540  5540 I flutter : [WearGlassesCubit] payload received update#37 screen=menu selectedIndex=0 at=1785355079795
07-29 22:57:59.812  5540  5540 I flutter : [WEAR_PERF] trace=2:32:27 cmd=up asrMs=1211 commandToSendMs=0 bridgeMs=2 renderMs=17 totalMs=19 screen=menu index=0
07-29 22:58:00.411  5540  5540 I flutter : [VOSK][ENDPOINT_RESULT][command] вверх at 1785355080411 (queueDelayMs=5, acceptMs=25, resultMs=4, chunkTotalMs=29)
07-29 22:58:00.411  5540  5540 I flutter : [VOICE_COMMAND] captureEpoch=2 acousticSegmentId=32 commandUtteranceId=32 routeRevision=11 grammarRevision=11 screen=menu kind=endpointResult text="вверх" command=WearVoiceCommand.up
07-29 22:58:00.411  5540  5540 I flutter : [VOICE_COMMAND] captureEpoch=2 acousticSegmentId=32 commandUtteranceId=32 routeRevision=11 grammarRevision=11 screen=menu kind=partial text="" command=null
07-29 22:58:00.516  5540  5540 I flutter : [VOSK][PARTIAL][command]  at 1785355080516 (queueDelayMs=0, acceptMs=3, partialMs=2, chunkTotalMs=5)
07-29 22:58:00.516  5540  5540 I flutter : [VOICE_COMMAND] captureEpoch=2 acousticSegmentId=32 commandUtteranceId=33 routeRevision=11 grammarRevision=11 screen=menu kind=partial text="" command=null
07-29 22:58:00.826  5540  5540 I flutter : [SpeechRecognitionService] VAD_ENDPOINT captureEpoch=2 segmentId=32 chunkId=3261 captureAgeMs=65598 rawRms=0.00098 noiseFloorRms=0.00090 adaptiveOnRms=0.00250 adaptiveOffRms=0.00136
07-29 22:58:00.844  5540  5540 I flutter : [SpeechRecognitionService] VAD_START captureEpoch=2 segmentId=33 chunkId=3263 captureAgeMs=65616 rawRms=0.00475 noiseFloorRms=0.00091 adaptiveOnRms=0.00250 adaptiveOffRms=0.00136
07-29 22:58:01.383  5540  5540 I flutter : [VOSK][PARTIAL][command] вниз at 1785355081383 (queueDelayMs=3, acceptMs=28, partialMs=6, chunkTotalMs=34)
07-29 22:58:01.383  5540  5540 I flutter : [VOICE_COMMAND] captureEpoch=2 acousticSegmentId=33 commandUtteranceId=33 routeRevision=11 grammarRevision=11 screen=menu kind=partial text="вниз" command=WearVoiceCommand.down
07-29 22:58:01.383  5540  5540 I flutter : [WearVoiceControlService] emitting#28 partial command: WearVoiceCommand.down hasListener=false
07-29 22:58:01.383  5540  5540 I flutter : [WearModuleApp] voice command received command=WearVoiceCommand.down screen=WearScreenId.menu at=1785355081383
07-29 22:58:01.383  5540  5540 I flutter : [WearFlowController] command=WearVoiceCommand.down state=WearFlowState(screen: WearScreenId.menu, focusedIndex: 0, menuFocusedIndex: 0, isLoading: false, error: null, pendingNavigation: null)
07-29 22:58:01.383  5540  5540 I flutter : [WearFlowController] state=WearFlowState(screen: WearScreenId.menu, focusedIndex: 1, menuFocusedIndex: 1, isLoading: false, error: null, pendingNavigation: null)
07-29 22:58:01.383  5540  5540 I flutter : [WearFlowController] render glasses screen=WearScreenId.menu
07-29 22:58:01.383  5540  5540 I flutter : [WearModuleApp] voice command handled command=WearVoiceCommand.down screen=WearScreenId.menu durationMs=0
07-29 22:58:01.385  5540  5540 I flutter : GlassesCoordinator: received method=updateWearGlasses, args={showWifiIcon: true, primaryAction: null, wifiAvailable: true, footerText: null, statusIcon: null, title: Выбор раздела, performanceTraceId: 2:33:28, performanceRecognizedAtMillis: 1785355081383, isError: false, showPrinterIcon: false, secondaryAction: null, screenType: menu, checkLines: [], wifiLevel: 3, performanceSentAtMillis: 1785355081383, phase: idle, bodyLines: [], printerAvailable: false, pageText: null, selectedIndex: 1, isLoading: false, voiceCommandsEnabled: true, subtitle: null, statusText: null, performanceAsrMillis: 872, performanceCommand: down, items: [Печать ценников, Доступность, Справка, Настройки]}
07-29 22:58:01.385  5540  5540 I flutter : [WearGlassesCubit] payload received update#38 screen=menu selectedIndex=1 at=1785355081385
07-29 22:58:01.390  5540  5540 I flutter : [WEAR_PERF] trace=2:33:28 cmd=down asrMs=872 commandToSendMs=0 bridgeMs=2 renderMs=5 totalMs=7 screen=menu index=1
07-29 22:58:01.825  5540  5540 I flutter : [SpeechRecognitionService] VAD_ENDPOINT captureEpoch=2 segmentId=33 chunkId=3306 captureAgeMs=66597 rawRms=0.00068 noiseFloorRms=0.00091 adaptiveOnRms=0.00250 adaptiveOffRms=0.00136
07-29 22:58:05.950  5540  5540 I flutter : [VoiceCapture#2] chunk#2200 bytes=1024 registeredDataConsumers=0 registeredPcmConsumers=1 rawRms=0.00071 rawPeak=0.00244 postGainRms=0.00071 postGainPeak=0.00244 at=1785355085950
07-29 22:58:11.789  5540  5540 I flutter : [SpeechRecognitionService] VAD_START captureEpoch=2 segmentId=34 chunkId=3808 captureAgeMs=76561 rawRms=0.00489 noiseFloorRms=0.00073 adaptiveOnRms=0.00250 adaptiveOffRms=0.00130
07-29 22:58:11.852  5540  5540 I flutter : [SpeechRecognitionService] processing source=command chunk#2400 bytes=640 queueDelayMs=0 epoch=null
07-29 22:58:11.906  5540  5540 I flutter : [VOSK][ENDPOINT_RESULT][command] вниз at 1785355091906 (queueDelayMs=0, acceptMs=30, resultMs=6, chunkTotalMs=36)
07-29 22:58:11.907  5540  5540 I flutter : [VOICE_COMMAND] captureEpoch=2 acousticSegmentId=34 commandUtteranceId=33 routeRevision=11 grammarRevision=11 screen=menu kind=endpointResult text="вниз" command=WearVoiceCommand.down
07-29 22:58:11.907  5540  5540 I flutter : [VOICE_COMMAND] captureEpoch=2 acousticSegmentId=34 commandUtteranceId=33 routeRevision=11 grammarRevision=11 screen=menu kind=partial text="" command=null
07-29 22:58:11.908  5540  5540 I flutter : [VOSK][PARTIAL][command]  at 1785355091908 (queueDelayMs=37, acceptMs=1, partialMs=0, chunkTotalMs=1)
07-29 22:58:11.909  5540  5540 I flutter : [VOICE_COMMAND] captureEpoch=2 acousticSegmentId=34 commandUtteranceId=34 routeRevision=11 grammarRevision=11 screen=menu kind=partial text="" command=null
07-29 22:58:12.141  5540  5540 I flutter : [VOSK][PARTIAL][command] вверх at 1785355092141 (queueDelayMs=0, acceptMs=33, partialMs=2, chunkTotalMs=35)
07-29 22:58:12.141  5540  5540 I flutter : [VOICE_COMMAND] captureEpoch=2 acousticSegmentId=34 commandUtteranceId=34 routeRevision=11 grammarRevision=11 screen=menu kind=partial text="вверх" command=WearVoiceCommand.up
07-29 22:58:12.141  5540  5540 I flutter : [WearVoiceControlService] emitting#29 partial command: WearVoiceCommand.up hasListener=false
07-29 22:58:12.141  5540  5540 I flutter : [WearModuleApp] voice command received command=WearVoiceCommand.up screen=WearScreenId.menu at=1785355092141
07-29 22:58:12.141  5540  5540 I flutter : [WearFlowController] command=WearVoiceCommand.up state=WearFlowState(screen: WearScreenId.menu, focusedIndex: 1, menuFocusedIndex: 1, isLoading: false, error: null, pendingNavigation: null)
07-29 22:58:12.141  5540  5540 I flutter : [WearFlowController] state=WearFlowState(screen: WearScreenId.menu, focusedIndex: 0, menuFocusedIndex: 0, isLoading: false, error: null, pendingNavigation: null)
07-29 22:58:12.141  5540  5540 I flutter : [WearFlowController] render glasses screen=WearScreenId.menu
07-29 22:58:12.141  5540  5540 I flutter : [WearModuleApp] voice command handled command=WearVoiceCommand.up screen=WearScreenId.menu durationMs=0
07-29 22:58:12.142  5540  5540 I flutter : GlassesCoordinator: received method=updateWearGlasses, args={showWifiIcon: true, primaryAction: null, wifiAvailable: true, footerText: null, statusIcon: null, title: Выбор раздела, performanceTraceId: 2:34:29, performanceRecognizedAtMillis: 1785355092141, isError: false, showPrinterIcon: false, secondaryAction: null, screenType: menu, checkLines: [], wifiLevel: 3, performanceSentAtMillis: 1785355092141, phase: idle, bodyLines: [], printerAvailable: false, pageText: null, selectedIndex: 0, isLoading: false, voiceCommandsEnabled: true, subtitle: null, statusText: null, performanceAsrMillis: 234, performanceCommand: up, items: [Печать ценников, Доступность, Справка, Настройки]}
07-29 22:58:12.142  5540  5540 I flutter : [WearGlassesCubit] payload received update#39 screen=menu selectedIndex=0 at=1785355092142
07-29 22:58:12.153  5540  5540 I flutter : [WEAR_PERF] trace=2:34:29 cmd=up asrMs=234 commandToSendMs=0 bridgeMs=1 renderMs=10 totalMs=11 screen=menu index=0
07-29 22:58:12.389  5540  5540 I flutter : [VoiceCapture#2] chunk#2400 bytes=1024 registeredDataConsumers=0 registeredPcmConsumers=1 rawRms=0.00121 rawPeak=0.00436 postGainRms=0.00121 postGainPeak=0.00436 at=1785355092389
07-29 22:58:12.901  5540  5540 I flutter : [SpeechRecognitionService] VAD_ENDPOINT captureEpoch=2 segmentId=34 chunkId=3865 captureAgeMs=77673 rawRms=0.00079 noiseFloorRms=0.00073 adaptiveOnRms=0.00250 adaptiveOffRms=0.00130
07-29 22:58:13.360  5540  5540 I flutter : [SpeechRecognitionService] VAD_START captureEpoch=2 segmentId=35 chunkId=3888 captureAgeMs=78132 rawRms=0.00663 noiseFloorRms=0.00072 adaptiveOnRms=0.00250 adaptiveOffRms=0.00130
07-29 22:58:13.423  5540  5540 I flutter : [VOSK][ENDPOINT_RESULT][command] вверх at 1785355093423 (queueDelayMs=19, acceptMs=34, resultMs=10, chunkTotalMs=44)
07-29 22:58:13.423  5540  5540 I flutter : [VOICE_COMMAND] captureEpoch=2 acousticSegmentId=35 commandUtteranceId=34 routeRevision=11 grammarRevision=11 screen=menu kind=endpointResult text="вверх" command=WearVoiceCommand.up
07-29 22:58:13.423  5540  5540 I flutter : [VOICE_COMMAND] captureEpoch=2 acousticSegmentId=35 commandUtteranceId=34 routeRevision=11 grammarRevision=11 screen=menu kind=partial text="" command=null
07-29 22:58:13.425  5540  5540 I flutter : [VOSK][PARTIAL][command]  at 1785355093425 (queueDelayMs=63, acceptMs=1, partialMs=1, chunkTotalMs=2)
07-29 22:58:13.425  5540  5540 I flutter : [VOICE_COMMAND] captureEpoch=2 acousticSegmentId=35 commandUtteranceId=35 routeRevision=11 grammarRevision=11 screen=menu kind=partial text="" command=null
07-29 22:58:13.885  5540  5540 I flutter : [VOSK][PARTIAL][command] вниз at 1785355093885 (queueDelayMs=0, acceptMs=33, partialMs=2, chunkTotalMs=35)
07-29 22:58:13.885  5540  5540 I flutter : [VOICE_COMMAND] captureEpoch=2 acousticSegmentId=35 commandUtteranceId=35 routeRevision=11 grammarRevision=11 screen=menu kind=partial text="вниз" command=WearVoiceCommand.down
07-29 22:58:13.886  5540  5540 I flutter : [WearVoiceControlService] emitting#30 partial command: WearVoiceCommand.down hasListener=false
07-29 22:58:13.886  5540  5540 I flutter : [WearModuleApp] voice command received command=WearVoiceCommand.down screen=WearScreenId.menu at=1785355093886
07-29 22:58:13.886  5540  5540 I flutter : [WearFlowController] command=WearVoiceCommand.down state=WearFlowState(screen: WearScreenId.menu, focusedIndex: 0, menuFocusedIndex: 0, isLoading: false, error: null, pendingNavigation: null)
07-29 22:58:13.886  5540  5540 I flutter : [WearFlowController] state=WearFlowState(screen: WearScreenId.menu, focusedIndex: 1, menuFocusedIndex: 1, isLoading: false, error: null, pendingNavigation: null)
07-29 22:58:13.886  5540  5540 I flutter : [WearFlowController] render glasses screen=WearScreenId.menu
07-29 22:58:13.886  5540  5540 I flutter : [WearModuleApp] voice command handled command=WearVoiceCommand.down screen=WearScreenId.menu durationMs=0
07-29 22:58:13.889  5540  5540 I flutter : GlassesCoordinator: received method=updateWearGlasses, args={showWifiIcon: true, primaryAction: null, wifiAvailable: true, footerText: null, statusIcon: null, title: Выбор раздела, performanceTraceId: 2:35:30, performanceRecognizedAtMillis: 1785355093886, isError: false, showPrinterIcon: false, secondaryAction: null, screenType: menu, checkLines: [], wifiLevel: 3, performanceSentAtMillis: 1785355093886, phase: idle, bodyLines: [], printerAvailable: false, pageText: null, selectedIndex: 1, isLoading: false, voiceCommandsEnabled: true, subtitle: null, statusText: null, performanceAsrMillis: 463, performanceCommand: down, items: [Печать ценников, Доступность, Справка, Настройки]}
07-29 22:58:13.889  5540  5540 I flutter : [WearGlassesCubit] payload received update#40 screen=menu selectedIndex=1 at=1785355093889
07-29 22:58:13.900  5540  5540 I flutter : [WEAR_PERF] trace=2:35:30 cmd=down asrMs=463 commandToSendMs=0 bridgeMs=3 renderMs=11 totalMs=14 screen=menu index=1
07-29 22:58:14.351  5540  5540 I flutter : [SpeechRecognitionService] VAD_ENDPOINT captureEpoch=2 segmentId=35 chunkId=3933 captureAgeMs=79122 rawRms=0.00080 noiseFloorRms=0.00072 adaptiveOnRms=0.00250 adaptiveOffRms=0.00130
07-29 22:58:14.919  5540  5540 I flutter : [SpeechRecognitionService] VAD_START captureEpoch=2 segmentId=36 chunkId=3964 captureAgeMs=79691 rawRms=0.00758 noiseFloorRms=0.00071 adaptiveOnRms=0.00250 adaptiveOffRms=0.00130
07-29 22:58:14.985  5540  5540 I flutter : [VOSK][ENDPOINT_RESULT][command] вниз at 1785355094985 (queueDelayMs=24, acceptMs=27, resultMs=9, chunkTotalMs=36)
07-29 22:58:14.985  5540  5540 I flutter : [VOICE_COMMAND] captureEpoch=2 acousticSegmentId=36 commandUtteranceId=35 routeRevision=11 grammarRevision=11 screen=menu kind=endpointResult text="вниз" command=WearVoiceCommand.down
07-29 22:58:14.985  5540  5540 I flutter : [VOICE_COMMAND] captureEpoch=2 acousticSegmentId=36 commandUtteranceId=35 routeRevision=11 grammarRevision=11 screen=menu kind=partial text="" command=null
07-29 22:58:14.987  5540  5540 I flutter : [VOSK][PARTIAL][command]  at 1785355094987 (queueDelayMs=60, acceptMs=2, partialMs=0, chunkTotalMs=2)
07-29 22:58:14.988  5540  5540 I flutter : [VOICE_COMMAND] captureEpoch=2 acousticSegmentId=36 commandUtteranceId=36 routeRevision=11 grammarRevision=11 screen=menu kind=partial text="" command=null
07-29 22:58:16.198  5540  5540 I flutter : [VOSK][PARTIAL][command] вверх at 1785355096198 (queueDelayMs=0, acceptMs=32, partialMs=3, chunkTotalMs=35)
07-29 22:58:16.198  5540  5540 I flutter : [VOICE_COMMAND] captureEpoch=2 acousticSegmentId=36 commandUtteranceId=36 routeRevision=11 grammarRevision=11 screen=menu kind=partial text="вверх" command=WearVoiceCommand.up
07-29 22:58:16.198  5540  5540 I flutter : [WearVoiceControlService] emitting#31 partial command: WearVoiceCommand.up hasListener=false
07-29 22:58:16.198  5540  5540 I flutter : [WearModuleApp] voice command received command=WearVoiceCommand.up screen=WearScreenId.menu at=1785355096198
07-29 22:58:16.198  5540  5540 I flutter : [WearFlowController] command=WearVoiceCommand.up state=WearFlowState(screen: WearScreenId.menu, focusedIndex: 1, menuFocusedIndex: 1, isLoading: false, error: null, pendingNavigation: null)
07-29 22:58:16.198  5540  5540 I flutter : [WearFlowController] state=WearFlowState(screen: WearScreenId.menu, focusedIndex: 0, menuFocusedIndex: 0, isLoading: false, error: null, pendingNavigation: null)
07-29 22:58:16.198  5540  5540 I flutter : [WearFlowController] render glasses screen=WearScreenId.menu
07-29 22:58:16.199  5540  5540 I flutter : [WearModuleApp] voice command handled command=WearVoiceCommand.up screen=WearScreenId.menu durationMs=1
07-29 22:58:16.200  5540  5540 I flutter : GlassesCoordinator: received method=updateWearGlasses, args={showWifiIcon: true, primaryAction: null, wifiAvailable: true, footerText: null, statusIcon: null, title: Выбор раздела, performanceTraceId: 2:36:31, performanceRecognizedAtMillis: 1785355096198, isError: false, showPrinterIcon: false, secondaryAction: null, screenType: menu, checkLines: [], wifiLevel: 3, performanceSentAtMillis: 1785355096199, phase: idle, bodyLines: [], printerAvailable: false, pageText: null, selectedIndex: 0, isLoading: false, voiceCommandsEnabled: true, subtitle: null, statusText: null, performanceAsrMillis: 1213, performanceCommand: up, items: [Печать ценников, Доступность, Справка, Настройки]}
07-29 22:58:16.200  5540  5540 I flutter : [WearGlassesCubit] payload received update#41 screen=menu selectedIndex=0 at=1785355096200
07-29 22:58:16.212  5540  5540 I flutter : [WEAR_PERF] trace=2:36:31 cmd=up asrMs=1213 commandToSendMs=1 bridgeMs=1 renderMs=12 totalMs=14 screen=menu index=0
07-29 22:58:16.485  5540  5540 I flutter : [SpeechRecognitionService] processing source=command chunk#2600 bytes=640 queueDelayMs=0 epoch=null
07-29 22:58:16.900  5540  5540 I flutter : [SpeechRecognitionService] VAD_ENDPOINT captureEpoch=2 segmentId=36 chunkId=4058 captureAgeMs=81671 rawRms=0.00062 noiseFloorRms=0.00071 adaptiveOnRms=0.00250 adaptiveOffRms=0.00130
07-29 22:58:17.410  5540  5540 I flutter : [SpeechRecognitionService] VAD_START captureEpoch=2 segmentId=37 chunkId=4084 captureAgeMs=82182 rawRms=0.01036 noiseFloorRms=0.00071 adaptiveOnRms=0.00250 adaptiveOffRms=0.00130
07-29 22:58:17.517  5540  5540 I flutter : [VOSK][ENDPOINT_RESULT][command] вверх at 1785355097517 (queueDelayMs=20, acceptMs=23, resultMs=7, chunkTotalMs=30)
07-29 22:58:17.517  5540  5540 I flutter : [VOICE_COMMAND] captureEpoch=2 acousticSegmentId=37 commandUtteranceId=36 routeRevision=11 grammarRevision=11 screen=menu kind=endpointResult text="вверх" command=WearVoiceCommand.up
07-29 22:58:17.518  5540  5540 I flutter : [VOICE_COMMAND] captureEpoch=2 acousticSegmentId=37 commandUtteranceId=36 routeRevision=11 grammarRevision=11 screen=menu kind=partial text="" command=null
07-29 22:58:17.519  5540  5540 I flutter : [VOSK][PARTIAL][command]  at 1785355097519 (queueDelayMs=49, acceptMs=1, partialMs=0, chunkTotalMs=1)
07-29 22:58:17.519  5540  5540 I flutter : [VOICE_COMMAND] captureEpoch=2 acousticSegmentId=37 commandUtteranceId=37 routeRevision=11 grammarRevision=11 screen=menu kind=partial text="" command=null
07-29 22:58:17.977  5540  5540 I flutter : [VOSK][PARTIAL][command] вниз at 1785355097976 (queueDelayMs=5, acceptMs=37, partialMs=2, chunkTotalMs=39)
07-29 22:58:17.977  5540  5540 I flutter : [VOICE_COMMAND] captureEpoch=2 acousticSegmentId=37 commandUtteranceId=37 routeRevision=11 grammarRevision=11 screen=menu kind=partial text="вниз" command=WearVoiceCommand.down
07-29 22:58:17.977  5540  5540 I flutter : [WearVoiceControlService] emitting#32 partial command: WearVoiceCommand.down hasListener=false
07-29 22:58:17.977  5540  5540 I flutter : [WearModuleApp] voice command received command=WearVoiceCommand.down screen=WearScreenId.menu at=1785355097977
07-29 22:58:17.977  5540  5540 I flutter : [WearFlowController] command=WearVoiceCommand.down state=WearFlowState(screen: WearScreenId.menu, focusedIndex: 0, menuFocusedIndex: 0, isLoading: false, error: null, pendingNavigation: null)
07-29 22:58:17.977  5540  5540 I flutter : [WearFlowController] state=WearFlowState(screen: WearScreenId.menu, focusedIndex: 1, menuFocusedIndex: 1, isLoading: false, error: null, pendingNavigation: null)
07-29 22:58:17.977  5540  5540 I flutter : [WearFlowController] render glasses screen=WearScreenId.menu
07-29 22:58:17.977  5540  5540 I flutter : [WearModuleApp] voice command handled command=WearVoiceCommand.down screen=WearScreenId.menu durationMs=0
07-29 22:58:17.979  5540  5540 I flutter : GlassesCoordinator: received method=updateWearGlasses, args={showWifiIcon: true, primaryAction: null, wifiAvailable: true, footerText: null, statusIcon: null, title: Выбор раздела, performanceTraceId: 2:37:32, performanceRecognizedAtMillis: 1785355097977, isError: false, showPrinterIcon: false, secondaryAction: null, screenType: menu, checkLines: [], wifiLevel: 3, performanceSentAtMillis: 1785355097977, phase: idle, bodyLines: [], printerAvailable: false, pageText: null, selectedIndex: 1, isLoading: false, voiceCommandsEnabled: true, subtitle: null, statusText: null, performanceAsrMillis: 459, performanceCommand: down, items: [Печать ценников, Доступность, Справка, Настройки]}
07-29 22:58:17.979  5540  5540 I flutter : [WearGlassesCubit] payload received update#42 screen=menu selectedIndex=1 at=1785355097979
07-29 22:58:17.992  5540  5540 I flutter : [WEAR_PERF] trace=2:37:32 cmd=down asrMs=459 commandToSendMs=0 bridgeMs=2 renderMs=13 totalMs=15 screen=menu index=1
07-29 22:58:18.275  5540  5540 I flutter : [SpeechRecognitionService] VAD_ENDPOINT captureEpoch=2 segmentId=37 chunkId=4130 captureAgeMs=83047 rawRms=0.00075 noiseFloorRms=0.00071 adaptiveOnRms=0.00250 adaptiveOffRms=0.00130
07-29 22:58:18.760  5540  5540 I flutter : [VoiceCapture#2] chunk#2600 bytes=1024 registeredDataConsumers=0 registeredPcmConsumers=1 rawRms=0.00069 rawPeak=0.00241 postGainRms=0.00069 postGainPeak=0.00241 at=1785355098760
07-29 22:58:18.948  5540  5540 I flutter : [SpeechRecognitionService] VAD_START captureEpoch=2 segmentId=38 chunkId=4164 captureAgeMs=83720 rawRms=0.01303 noiseFloorRms=0.00073 adaptiveOnRms=0.00250 adaptiveOffRms=0.00130
07-29 22:58:19.057  5540  5540 I flutter : [VOSK][ENDPOINT_RESULT][command] вниз at 1785355099057 (queueDelayMs=3, acceptMs=21, resultMs=8, chunkTotalMs=29)
07-29 22:58:19.058  5540  5540 I flutter : [VOICE_COMMAND] captureEpoch=2 acousticSegmentId=38 commandUtteranceId=37 routeRevision=11 grammarRevision=11 screen=menu kind=endpointResult text="вниз" command=WearVoiceCommand.down
07-29 22:58:19.058  5540  5540 I flutter : [VOICE_COMMAND] captureEpoch=2 acousticSegmentId=38 commandUtteranceId=37 routeRevision=11 grammarRevision=11 screen=menu kind=partial text="" command=null
07-29 22:58:19.060  5540  5540 I flutter : [VOSK][PARTIAL][command]  at 1785355099060 (queueDelayMs=1, acceptMs=1, partialMs=1, chunkTotalMs=2)
07-29 22:58:19.060  5540  5540 I flutter : [VOICE_COMMAND] captureEpoch=2 acousticSegmentId=38 commandUtteranceId=38 routeRevision=11 grammarRevision=11 screen=menu kind=partial text="" command=null
07-29 22:58:19.295  5540  5540 I flutter : [VOSK][PARTIAL][command] вверх at 1785355099295 (queueDelayMs=1, acceptMs=27, partialMs=4, chunkTotalMs=31)
07-29 22:58:19.296  5540  5540 I flutter : [VOICE_COMMAND] captureEpoch=2 acousticSegmentId=38 commandUtteranceId=38 routeRevision=11 grammarRevision=11 screen=menu kind=partial text="вверх" command=WearVoiceCommand.up
07-29 22:58:19.296  5540  5540 I flutter : [WearVoiceControlService] emitting#33 partial command: WearVoiceCommand.up hasListener=false
07-29 22:58:19.296  5540  5540 I flutter : [WearModuleApp] voice command received command=WearVoiceCommand.up screen=WearScreenId.menu at=1785355099296
07-29 22:58:19.296  5540  5540 I flutter : [WearFlowController] command=WearVoiceCommand.up state=WearFlowState(screen: WearScreenId.menu, focusedIndex: 1, menuFocusedIndex: 1, isLoading: false, error: null, pendingNavigation: null)
07-29 22:58:19.296  5540  5540 I flutter : [WearFlowController] state=WearFlowState(screen: WearScreenId.menu, focusedIndex: 0, menuFocusedIndex: 0, isLoading: false, error: null, pendingNavigation: null)
07-29 22:58:19.296  5540  5540 I flutter : [WearFlowController] render glasses screen=WearScreenId.menu
07-29 22:58:19.296  5540  5540 I flutter : [WearModuleApp] voice command handled command=WearVoiceCommand.up screen=WearScreenId.menu durationMs=0
07-29 22:58:19.298  5540  5540 I flutter : GlassesCoordinator: received method=updateWearGlasses, args={showWifiIcon: true, primaryAction: null, wifiAvailable: true, footerText: null, statusIcon: null, title: Выбор раздела, performanceTraceId: 2:38:33, performanceRecognizedAtMillis: 1785355099296, isError: false, showPrinterIcon: false, secondaryAction: null, screenType: menu, checkLines: [], wifiLevel: 3, performanceSentAtMillis: 1785355099296, phase: idle, bodyLines: [], printerAvailable: false, pageText: null, selectedIndex: 0, isLoading: false, voiceCommandsEnabled: true, subtitle: null, statusText: null, performanceAsrMillis: 238, performanceCommand: up, items: [Печать ценников, Доступность, Справка, Настройки]}
07-29 22:58:19.298  5540  5540 I flutter : [WearGlassesCubit] payload received update#43 screen=menu selectedIndex=0 at=1785355099298
07-29 22:58:19.306  5540  5540 I flutter : [WEAR_PERF] trace=2:38:33 cmd=up asrMs=238 commandToSendMs=0 bridgeMs=2 renderMs=8 totalMs=10 screen=menu index=0
07-29 22:58:19.991  5540  5540 I flutter : [SpeechRecognitionService] VAD_ENDPOINT captureEpoch=2 segmentId=38 chunkId=4215 captureAgeMs=84763 rawRms=0.00068 noiseFloorRms=0.00073 adaptiveOnRms=0.00250 adaptiveOffRms=0.00130
07-29 22:58:20.513  5540  5540 I flutter : [SpeechRecognitionService] VAD_START captureEpoch=2 segmentId=39 chunkId=4242 captureAgeMs=85285 rawRms=0.00350 noiseFloorRms=0.00071 adaptiveOnRms=0.00250 adaptiveOffRms=0.00130
07-29 22:58:20.614  5540  5540 I flutter : [VOSK][ENDPOINT_RESULT][command] вверх at 1785355100614 (queueDelayMs=9, acceptMs=25, resultMs=8, chunkTotalMs=33)
07-29 22:58:20.614  5540  5540 I flutter : [VOICE_COMMAND] captureEpoch=2 acousticSegmentId=39 commandUtteranceId=38 routeRevision=11 grammarRevision=11 screen=menu kind=endpointResult text="вверх" command=WearVoiceCommand.up
07-29 22:58:20.614  5540  5540 I flutter : [VOICE_COMMAND] captureEpoch=2 acousticSegmentId=39 commandUtteranceId=38 routeRevision=11 grammarRevision=11 screen=menu kind=partial text="" command=null
07-29 22:58:20.619  5540  5540 I flutter : [VOSK][PARTIAL][command]  at 1785355100619 (queueDelayMs=42, acceptMs=1, partialMs=4, chunkTotalMs=5)
07-29 22:58:20.619  5540  5540 I flutter : [VOICE_COMMAND] captureEpoch=2 acousticSegmentId=39 commandUtteranceId=39 routeRevision=11 grammarRevision=11 screen=menu kind=partial text="" command=null
07-29 22:58:20.823  5540  5540 I flutter : [VOSK][PARTIAL][command] вниз at 1785355100823 (queueDelayMs=3, acceptMs=30, partialMs=4, chunkTotalMs=34)
07-29 22:58:20.823  5540  5540 I flutter : [VOICE_COMMAND] captureEpoch=2 acousticSegmentId=39 commandUtteranceId=39 routeRevision=11 grammarRevision=11 screen=menu kind=partial text="вниз" command=WearVoiceCommand.down
07-29 22:58:20.824  5540  5540 I flutter : [WearVoiceControlService] emitting#34 partial command: WearVoiceCommand.down hasListener=false
07-29 22:58:20.824  5540  5540 I flutter : [WearModuleApp] voice command received command=WearVoiceCommand.down screen=WearScreenId.menu at=1785355100824
07-29 22:58:20.824  5540  5540 I flutter : [WearFlowController] command=WearVoiceCommand.down state=WearFlowState(screen: WearScreenId.menu, focusedIndex: 0, menuFocusedIndex: 0, isLoading: false, error: null, pendingNavigation: null)
07-29 22:58:20.824  5540  5540 I flutter : [WearFlowController] state=WearFlowState(screen: WearScreenId.menu, focusedIndex: 1, menuFocusedIndex: 1, isLoading: false, error: null, pendingNavigation: null)
07-29 22:58:20.824  5540  5540 I flutter : [WearFlowController] render glasses screen=WearScreenId.menu
07-29 22:58:20.825  5540  5540 I flutter : [WearModuleApp] voice command handled command=WearVoiceCommand.down screen=WearScreenId.menu durationMs=1
07-29 22:58:20.826  5540  5540 I flutter : GlassesCoordinator: received method=updateWearGlasses, args={showWifiIcon: true, primaryAction: null, wifiAvailable: true, footerText: null, statusIcon: null, title: Выбор раздела, performanceTraceId: 2:39:34, performanceRecognizedAtMillis: 1785355100824, isError: false, showPrinterIcon: false, secondaryAction: null, screenType: menu, checkLines: [], wifiLevel: 3, performanceSentAtMillis: 1785355100824, phase: idle, bodyLines: [], printerAvailable: false, pageText: null, selectedIndex: 1, isLoading: false, voiceCommandsEnabled: true, subtitle: null, statusText: null, performanceAsrMillis: 210, performanceCommand: down, items: [Печать ценников, Доступность, Справка, Настройки]}
07-29 22:58:20.826  5540  5540 I flutter : [WearGlassesCubit] payload received update#44 screen=menu selectedIndex=1 at=1785355100826
07-29 22:58:20.839  5540  5540 I flutter : [WEAR_PERF] trace=2:39:34 cmd=down asrMs=210 commandToSendMs=0 bridgeMs=2 renderMs=13 totalMs=15 screen=menu index=1
07-29 22:58:21.351  5540  5540 I flutter : [SpeechRecognitionService] VAD_ENDPOINT captureEpoch=2 segmentId=39 chunkId=4287 captureAgeMs=86122 rawRms=0.00067 noiseFloorRms=0.00071 adaptiveOnRms=0.00250 adaptiveOffRms=0.00130
07-29 22:58:21.826  5540  5540 I flutter : [SpeechRecognitionService] VAD_START captureEpoch=2 segmentId=40 chunkId=4312 captureAgeMs=86598 rawRms=0.00976 noiseFloorRms=0.00075 adaptiveOnRms=0.00250 adaptiveOffRms=0.00130
07-29 22:58:21.911  5540  5540 I flutter : [SpeechRecognitionService] processing source=command chunk#2800 bytes=640 queueDelayMs=85 epoch=null
07-29 22:58:22.118  5540  5540 I flutter : [VOSK][ENDPOINT_RESULT][command] вниз at 1785355102117 (queueDelayMs=0, acceptMs=27, resultMs=7, chunkTotalMs=34)
07-29 22:58:22.118  5540  5540 I flutter : [VOICE_COMMAND] captureEpoch=2 acousticSegmentId=40 commandUtteranceId=39 routeRevision=11 grammarRevision=11 screen=menu kind=endpointResult text="вниз" command=WearVoiceCommand.down
07-29 22:58:22.118  5540  5540 I flutter : [VOICE_COMMAND] captureEpoch=2 acousticSegmentId=40 commandUtteranceId=39 routeRevision=11 grammarRevision=11 screen=menu kind=partial text="" command=null
07-29 22:58:22.122  5540  5540 I flutter : [VOSK][PARTIAL][command]  at 1785355102122 (queueDelayMs=0, acceptMs=1, partialMs=0, chunkTotalMs=1)
07-29 22:58:22.122  5540  5540 I flutter : [VOICE_COMMAND] captureEpoch=2 acousticSegmentId=40 commandUtteranceId=40 routeRevision=11 grammarRevision=11 screen=menu kind=partial text="" command=null
07-29 22:58:22.346  5540  5540 I flutter : [VOSK][PARTIAL][command] вверх at 1785355102346 (queueDelayMs=0, acceptMs=26, partialMs=3, chunkTotalMs=29)
07-29 22:58:22.346  5540  5540 I flutter : [VOICE_COMMAND] captureEpoch=2 acousticSegmentId=40 commandUtteranceId=40 routeRevision=11 grammarRevision=11 screen=menu kind=partial text="вверх" command=WearVoiceCommand.up
07-29 22:58:22.346  5540  5540 I flutter : [WearVoiceControlService] emitting#35 partial command: WearVoiceCommand.up hasListener=false
07-29 22:58:22.346  5540  5540 I flutter : [WearModuleApp] voice command received command=WearVoiceCommand.up screen=WearScreenId.menu at=1785355102346
07-29 22:58:22.346  5540  5540 I flutter : [WearFlowController] command=WearVoiceCommand.up state=WearFlowState(screen: WearScreenId.menu, focusedIndex: 1, menuFocusedIndex: 1, isLoading: false, error: null, pendingNavigation: null)
07-29 22:58:22.346  5540  5540 I flutter : [WearFlowController] state=WearFlowState(screen: WearScreenId.menu, focusedIndex: 0, menuFocusedIndex: 0, isLoading: false, error: null, pendingNavigation: null)
07-29 22:58:22.346  5540  5540 I flutter : [WearFlowController] render glasses screen=WearScreenId.menu
07-29 22:58:22.346  5540  5540 I flutter : [WearModuleApp] voice command handled command=WearVoiceCommand.up screen=WearScreenId.menu durationMs=0
07-29 22:58:22.350  5540  5540 I flutter : GlassesCoordinator: received method=updateWearGlasses, args={showWifiIcon: true, primaryAction: null, wifiAvailable: true, footerText: null, statusIcon: null, title: Выбор раздела, performanceTraceId: 2:40:35, performanceRecognizedAtMillis: 1785355102346, isError: false, showPrinterIcon: false, secondaryAction: null, screenType: menu, checkLines: [], wifiLevel: 3, performanceSentAtMillis: 1785355102346, phase: idle, bodyLines: [], printerAvailable: false, pageText: null, selectedIndex: 0, isLoading: false, voiceCommandsEnabled: true, subtitle: null, statusText: null, performanceAsrMillis: 225, performanceCommand: up, items: [Печать ценников, Доступность, Справка, Настройки]}
07-29 22:58:22.350  5540  5540 I flutter : [WearGlassesCubit] payload received update#45 screen=menu selectedIndex=0 at=1785355102350
07-29 22:58:22.366  5540  5540 I flutter : [WEAR_PERF] trace=2:40:35 cmd=up asrMs=225 commandToSendMs=0 bridgeMs=4 renderMs=16 totalMs=20 screen=menu index=0
07-29 22:58:23.041  5540  5540 I flutter : [SpeechRecognitionService] VAD_ENDPOINT captureEpoch=2 segmentId=40 chunkId=4365 captureAgeMs=87812 rawRms=0.00068 noiseFloorRms=0.00075 adaptiveOnRms=0.00250 adaptiveOffRms=0.00130
07-29 22:58:23.350  5540  5540 I flutter : [SpeechRecognitionService] VAD_START captureEpoch=2 segmentId=41 chunkId=4385 captureAgeMs=88122 rawRms=0.00711 noiseFloorRms=0.00074 adaptiveOnRms=0.00250 adaptiveOffRms=0.00130
07-29 22:58:23.471  5540  5540 I flutter : [VOSK][ENDPOINT_RESULT][command] вверх at 1785355103470 (queueDelayMs=3, acceptMs=27, resultMs=10, chunkTotalMs=37)
07-29 22:58:23.471  5540  5540 I flutter : [VOICE_COMMAND] captureEpoch=2 acousticSegmentId=41 commandUtteranceId=40 routeRevision=11 grammarRevision=11 screen=menu kind=endpointResult text="вверх" command=WearVoiceCommand.up
07-29 22:58:23.471  5540  5540 I flutter : [VOICE_COMMAND] captureEpoch=2 acousticSegmentId=41 commandUtteranceId=40 routeRevision=11 grammarRevision=11 screen=menu kind=partial text="" command=null
07-29 22:58:23.554  5540  5540 I flutter : [VOSK][PARTIAL][command]  at 1785355103554 (queueDelayMs=0, acceptMs=2, partialMs=0, chunkTotalMs=2)
07-29 22:58:23.555  5540  5540 I flutter : [VOICE_COMMAND] captureEpoch=2 acousticSegmentId=41 commandUtteranceId=41 routeRevision=11 grammarRevision=11 screen=menu kind=partial text="" command=null
07-29 22:58:23.670  5540  5540 I flutter : [VOSK][PARTIAL][command] вниз at 1785355103670 (queueDelayMs=0, acceptMs=29, partialMs=5, chunkTotalMs=34)
07-29 22:58:23.670  5540  5540 I flutter : [VOICE_COMMAND] captureEpoch=2 acousticSegmentId=41 commandUtteranceId=41 routeRevision=11 grammarRevision=11 screen=menu kind=partial text="вниз" command=WearVoiceCommand.down
07-29 22:58:23.670  5540  5540 I flutter : [WearVoiceControlService] emitting#36 partial command: WearVoiceCommand.down hasListener=false
07-29 22:58:23.670  5540  5540 I flutter : [WearModuleApp] voice command received command=WearVoiceCommand.down screen=WearScreenId.menu at=1785355103670
07-29 22:58:23.671  5540  5540 I flutter : [WearFlowController] command=WearVoiceCommand.down state=WearFlowState(screen: WearScreenId.menu, focusedIndex: 0, menuFocusedIndex: 0, isLoading: false, error: null, pendingNavigation: null)
07-29 22:58:23.671  5540  5540 I flutter : [WearFlowController] state=WearFlowState(screen: WearScreenId.menu, focusedIndex: 1, menuFocusedIndex: 1, isLoading: false, error: null, pendingNavigation: null)
07-29 22:58:23.671  5540  5540 I flutter : [WearFlowController] render glasses screen=WearScreenId.menu
07-29 22:58:23.671  5540  5540 I flutter : [WearModuleApp] voice command handled command=WearVoiceCommand.down screen=WearScreenId.menu durationMs=1
07-29 22:58:23.672  5540  5540 I flutter : GlassesCoordinator: received method=updateWearGlasses, args={showWifiIcon: true, primaryAction: null, wifiAvailable: true, footerText: null, statusIcon: null, title: Выбор раздела, performanceTraceId: 2:41:36, performanceRecognizedAtMillis: 1785355103670, isError: false, showPrinterIcon: false, secondaryAction: null, screenType: menu, checkLines: [], wifiLevel: 3, performanceSentAtMillis: 1785355103671, phase: idle, bodyLines: [], printerAvailable: false, pageText: null, selectedIndex: 1, isLoading: false, voiceCommandsEnabled: true, subtitle: null, statusText: null, performanceAsrMillis: 118, performanceCommand: down, items: [Печать ценников, Доступность, Справка, Настройки]}
07-29 22:58:23.672  5540  5540 I flutter : [WearGlassesCubit] payload received update#46 screen=menu selectedIndex=1 at=1785355103672
07-29 22:58:23.680  5540  5540 I flutter : [WEAR_PERF] trace=2:41:36 cmd=down asrMs=118 commandToSendMs=1 bridgeMs=1 renderMs=8 totalMs=10 screen=menu index=1
07-29 22:58:24.348  5540  5540 I flutter : [SpeechRecognitionService] VAD_ENDPOINT captureEpoch=2 segmentId=41 chunkId=4433 captureAgeMs=89120 rawRms=0.00072 noiseFloorRms=0.00074 adaptiveOnRms=0.00250 adaptiveOffRms=0.00130
07-29 22:58:24.671  5540  5540 I flutter : [SpeechRecognitionService] VAD_START captureEpoch=2 segmentId=42 chunkId=4454 captureAgeMs=89443 rawRms=0.00752 noiseFloorRms=0.00075 adaptiveOnRms=0.00250 adaptiveOffRms=0.00130
07-29 22:58:24.887  5540  5540 I flutter : [VOSK][ENDPOINT_RESULT][command] вниз at 1785355104887 (queueDelayMs=1, acceptMs=26, resultMs=10, chunkTotalMs=36)
07-29 22:58:24.887  5540  5540 I flutter : [VOICE_COMMAND] captureEpoch=2 acousticSegmentId=42 commandUtteranceId=41 routeRevision=11 grammarRevision=11 screen=menu kind=endpointResult text="вниз" command=WearVoiceCommand.down
07-29 22:58:24.888  5540  5540 I flutter : [VOICE_COMMAND] captureEpoch=2 acousticSegmentId=42 commandUtteranceId=41 routeRevision=11 grammarRevision=11 screen=menu kind=partial text="" command=null
07-29 22:58:24.897  5540  5540 I flutter : [VOSK][PARTIAL][command]  at 1785355104897 (queueDelayMs=1, acceptMs=8, partialMs=1, chunkTotalMs=9)
07-29 22:58:24.897  5540  5540 I flutter : [VOICE_COMMAND] captureEpoch=2 acousticSegmentId=42 commandUtteranceId=42 routeRevision=11 grammarRevision=11 screen=menu kind=partial text="" command=null
07-29 22:58:25.176  5540  5540 I flutter : [VoiceCapture#2] chunk#2800 bytes=1024 registeredDataConsumers=0 registeredPcmConsumers=1 rawRms=0.00124 rawPeak=0.00391 postGainRms=0.00124 postGainPeak=0.00391 at=1785355105176
07-29 22:58:25.391  5540  5540 I flutter : [VOSK][PARTIAL][command] вверх at 1785355105391 (queueDelayMs=0, acceptMs=29, partialMs=1, chunkTotalMs=30)
07-29 22:58:25.392  5540  5540 I flutter : [VOICE_COMMAND] captureEpoch=2 acousticSegmentId=42 commandUtteranceId=42 routeRevision=11 grammarRevision=11 screen=menu kind=partial text="вверх" command=WearVoiceCommand.up
07-29 22:58:25.392  5540  5540 I flutter : [WearVoiceControlService] emitting#37 partial command: WearVoiceCommand.up hasListener=false
07-29 22:58:25.392  5540  5540 I flutter : [WearModuleApp] voice command received command=WearVoiceCommand.up screen=WearScreenId.menu at=1785355105392
07-29 22:58:25.392  5540  5540 I flutter : [WearFlowController] command=WearVoiceCommand.up state=WearFlowState(screen: WearScreenId.menu, focusedIndex: 1, menuFocusedIndex: 1, isLoading: false, error: null, pendingNavigation: null)
07-29 22:58:25.392  5540  5540 I flutter : [WearFlowController] state=WearFlowState(screen: WearScreenId.menu, focusedIndex: 0, menuFocusedIndex: 0, isLoading: false, error: null, pendingNavigation: null)
07-29 22:58:25.392  5540  5540 I flutter : [WearFlowController] render glasses screen=WearScreenId.menu
07-29 22:58:25.392  5540  5540 I flutter : [WearModuleApp] voice command handled command=WearVoiceCommand.up screen=WearScreenId.menu durationMs=0
07-29 22:58:25.393  5540  5540 I flutter : GlassesCoordinator: received method=updateWearGlasses, args={showWifiIcon: true, primaryAction: null, wifiAvailable: true, footerText: null, statusIcon: null, title: Выбор раздела, performanceTraceId: 2:42:37, performanceRecognizedAtMillis: 1785355105392, isError: false, showPrinterIcon: false, secondaryAction: null, screenType: menu, checkLines: [], wifiLevel: 3, performanceSentAtMillis: 1785355105392, phase: idle, bodyLines: [], printerAvailable: false, pageText: null, selectedIndex: 0, isLoading: false, voiceCommandsEnabled: true, subtitle: null, statusText: null, performanceAsrMillis: 504, performanceCommand: up, items: [Печать ценников, Доступность, Справка, Настройки]}
07-29 22:58:25.393  5540  5540 I flutter : [WearGlassesCubit] payload received update#47 screen=menu selectedIndex=0 at=1785355105393
07-29 22:58:25.411  5540  5540 I flutter : [WEAR_PERF] trace=2:42:37 cmd=up asrMs=504 commandToSendMs=0 bridgeMs=1 renderMs=18 totalMs=19 screen=menu index=0
07-29 22:58:25.925  5540  5540 I flutter : [SpeechRecognitionService] VAD_ENDPOINT captureEpoch=2 segmentId=42 chunkId=4510 captureAgeMs=90697 rawRms=0.00078 noiseFloorRms=0.00075 adaptiveOnRms=0.00250 adaptiveOffRms=0.00130
07-29 22:58:26.378  5540  5540 I flutter : [SpeechRecognitionService] VAD_START captureEpoch=2 segmentId=43 chunkId=4534 captureAgeMs=91150 rawRms=0.01309 noiseFloorRms=0.00076 adaptiveOnRms=0.00250 adaptiveOffRms=0.00130
07-29 22:58:26.440  5540  5540 I flutter : [VOSK][ENDPOINT_RESULT][command] вверх at 1785355106440 (queueDelayMs=35, acceptMs=18, resultMs=9, chunkTotalMs=27)
07-29 22:58:26.440  5540  5540 I flutter : [VOICE_COMMAND] captureEpoch=2 acousticSegmentId=43 commandUtteranceId=42 routeRevision=11 grammarRevision=11 screen=menu kind=endpointResult text="вверх" command=WearVoiceCommand.up
07-29 22:58:26.441  5540  5540 I flutter : [VOICE_COMMAND] captureEpoch=2 acousticSegmentId=43 commandUtteranceId=42 routeRevision=11 grammarRevision=11 screen=menu kind=partial text="" command=null
07-29 22:58:26.443  5540  5540 I flutter : [VOSK][PARTIAL][command]  at 1785355106443 (queueDelayMs=63, acceptMs=2, partialMs=0, chunkTotalMs=2)
07-29 22:58:26.443  5540  5540 I flutter : [VOICE_COMMAND] captureEpoch=2 acousticSegmentId=43 commandUtteranceId=43 routeRevision=11 grammarRevision=11 screen=menu kind=partial text="" command=null
07-29 22:58:26.475  5540  5540 I flutter : [SpeechRecognitionService] processing source=command chunk#3000 bytes=640 queueDelayMs=2 epoch=null
07-29 22:58:26.913  5540  5540 I flutter : [VOSK][PARTIAL][command] вниз at 1785355106912 (queueDelayMs=0, acceptMs=31, partialMs=2, chunkTotalMs=33)
07-29 22:58:26.913  5540  5540 I flutter : [VOICE_COMMAND] captureEpoch=2 acousticSegmentId=43 commandUtteranceId=43 routeRevision=11 grammarRevision=11 screen=menu kind=partial text="вниз" command=WearVoiceCommand.down
07-29 22:58:26.913  5540  5540 I flutter : [WearVoiceControlService] emitting#38 partial command: WearVoiceCommand.down hasListener=false
07-29 22:58:26.913  5540  5540 I flutter : [WearModuleApp] voice command received command=WearVoiceCommand.down screen=WearScreenId.menu at=1785355106913
07-29 22:58:26.913  5540  5540 I flutter : [WearFlowController] command=WearVoiceCommand.down state=WearFlowState(screen: WearScreenId.menu, focusedIndex: 0, menuFocusedIndex: 0, isLoading: false, error: null, pendingNavigation: null)
07-29 22:58:26.913  5540  5540 I flutter : [WearFlowController] state=WearFlowState(screen: WearScreenId.menu, focusedIndex: 1, menuFocusedIndex: 1, isLoading: false, error: null, pendingNavigation: null)
07-29 22:58:26.913  5540  5540 I flutter : [WearFlowController] render glasses screen=WearScreenId.menu
07-29 22:58:26.913  5540  5540 I flutter : [WearModuleApp] voice command handled command=WearVoiceCommand.down screen=WearScreenId.menu durationMs=0
07-29 22:58:26.915  5540  5540 I flutter : GlassesCoordinator: received method=updateWearGlasses, args={showWifiIcon: true, primaryAction: null, wifiAvailable: true, footerText: null, statusIcon: null, title: Выбор раздела, performanceTraceId: 2:43:38, performanceRecognizedAtMillis: 1785355106913, isError: false, showPrinterIcon: false, secondaryAction: null, screenType: menu, checkLines: [], wifiLevel: 3, performanceSentAtMillis: 1785355106913, phase: idle, bodyLines: [], printerAvailable: false, pageText: null, selectedIndex: 1, isLoading: false, voiceCommandsEnabled: true, subtitle: null, statusText: null, performanceAsrMillis: 472, performanceCommand: down, items: [Печать ценников, Доступность, Справка, Настройки]}
07-29 22:58:26.915  5540  5540 I flutter : [WearGlassesCubit] payload received update#48 screen=menu selectedIndex=1 at=1785355106915
07-29 22:58:26.924  5540  5540 I flutter : [WEAR_PERF] trace=2:43:38 cmd=down asrMs=472 commandToSendMs=0 bridgeMs=2 renderMs=8 totalMs=10 screen=menu index=1
07-29 22:58:27.241  5540  5540 I flutter : [SpeechRecognitionService] VAD_ENDPOINT captureEpoch=2 segmentId=43 chunkId=4582 captureAgeMs=92013 rawRms=0.00064 noiseFloorRms=0.00076 adaptiveOnRms=0.00250 adaptiveOffRms=0.00130
07-29 22:58:28.671  5540  5540 I flutter : [SpeechRecognitionService] VAD_START captureEpoch=2 segmentId=44 chunkId=4648 captureAgeMs=93443 rawRms=0.00305 noiseFloorRms=0.00080 adaptiveOnRms=0.00250 adaptiveOffRms=0.00130
07-29 22:58:28.973  5540  5540 I flutter : [VOSK][ENDPOINT_RESULT][command] вниз at 1785355108973 (queueDelayMs=0, acceptMs=29, resultMs=8, chunkTotalMs=37)
07-29 22:58:28.974  5540  5540 I flutter : [VOICE_COMMAND] captureEpoch=2 acousticSegmentId=44 commandUtteranceId=43 routeRevision=11 grammarRevision=11 screen=menu kind=endpointResult text="вниз" command=WearVoiceCommand.down
07-29 22:58:28.974  5540  5540 I flutter : [VOICE_COMMAND] captureEpoch=2 acousticSegmentId=44 commandUtteranceId=43 routeRevision=11 grammarRevision=11 screen=menu kind=partial text="" command=null
07-29 22:58:28.986  5540  5540 I flutter : [VOSK][PARTIAL][command]  at 1785355108986 (queueDelayMs=0, acceptMs=1, partialMs=1, chunkTotalMs=2)
07-29 22:58:28.986  5540  5540 I flutter : [VOICE_COMMAND] captureEpoch=2 acousticSegmentId=44 commandUtteranceId=44 routeRevision=11 grammarRevision=11 screen=menu kind=partial text="" command=null
07-29 22:58:30.211  5540  5540 I flutter : [SpeechRecognitionService] VAD_ENDPOINT captureEpoch=2 segmentId=44 chunkId=4726 captureAgeMs=94982 rawRms=0.00092 noiseFloorRms=0.00080 adaptiveOnRms=0.00250 adaptiveOffRms=0.00130
07-29 22:58:31.551  5540  5540 I flutter : [VoiceCapture#2] chunk#3000 bytes=1024 registeredDataConsumers=0 registeredPcmConsumers=1 rawRms=0.00065 rawPeak=0.00189 postGainRms=0.00065 postGainPeak=0.00189 at=1785355111551
07-29 22:58:37.960  5540  5540 I flutter : [VoiceCapture#2] chunk#3200 bytes=1024 registeredDataConsumers=0 registeredPcmConsumers=1 rawRms=0.00069 rawPeak=0.00241 postGainRms=0.00069 postGainPeak=0.00241 at=1785355117960
--------- beginning of main
07-29 22:59:06.123  5540  5540 I flutter : [AudioStreamService] startup audio diagnostics armed durationMs=10000 intervalMs=500
07-29 22:59:06.127  5540  5540 I flutter : [VoiceCapture#3] startup WAV armed path=/data/user/0/ru.tander.smart_glasses/cache/voice_capture/capture_3_1785355146123_uac4.wav
07-29 22:59:06.127  5540  5540 I flutter : [VoiceCapture#3] start at 1785355146123 profile=uac4
07-29 22:59:06.127  5540  5540 I flutter : [VoiceCapture#3] control started; waiting for PCM
07-29 22:59:06.127  5540  5540 I flutter : [SpeechRecognitionService] audio stream start durationMs=2057
07-29 22:59:06.127  5540  5540 I flutter : [SpeechRecognitionService] now listening: SpeechRecognitionService{isListening=true, isSessionActive=true, isPrepared=true, freeTextEnabled=false, commandRecognizer=true, freeTextRecognizer=true, command={processedChunks=0, queueAvgMs=0, queueMaxMs=0, slowQueueChunks=0, recognizerAvgMs=0, recognizerMaxMs=0, slowRecognizerChunks=0}, freeText={processedChunks=0, queueAvgMs=0, queueMaxMs=0, slowQueueChunks=0, recognizerAvgMs=0, recognizerMaxMs=0, slowRecognizerChunks=0}, lastProcessedAgeMs=null, audio=AudioStreamService{captureId=3, isRunning=true, registeredDataConsumers=0, registeredPcmConsumers=1, receivedPcmPackets=0, lastChunkAgeMs=null, lastNonSilentAgeMs=null, continuousZeroAudioAgeMs=null, inputDevice=UAC4, startupWavPath=/data/user/0/ru.tander.smart_glasses/cache/voice_capture/capture_3_1785355146123_uac4.wav startupWavBytes=0, runningForMs=4}}
07-29 22:59:06.127  5540  5540 I flutter : [SpeechRecognitionService] lifecycle operation done: startListening
07-29 22:59:06.651  5540  5540 I flutter : [VoiceCapture#3] startup audio offsetMs=528 receivedPcmPackets=1 rawRms=0.00052 rawPeak=0.00201 postGainRms=0.00052 postGainPeak=0.00201 windowMaxRms=0.00052 windowMaxPeak=0.00201
07-29 22:59:06.651  5540  5540 I flutter : [VoiceCapture#3] chunk#1 bytes=1024 registeredDataConsumers=0 registeredPcmConsumers=1 rawRms=0.00052 rawPeak=0.00201 postGainRms=0.00052 postGainPeak=0.00201 at=1785355146651
07-29 22:59:07.162  5540  5540 I flutter : [VoiceCapture#3] startup audio offsetMs=1039 receivedPcmPackets=18 rawRms=0.00077 rawPeak=0.00223 postGainRms=0.00077 postGainPeak=0.00223 windowMaxRms=0.00086 windowMaxPeak=0.00290
07-29 22:59:07.197  5540  5540 I flutter : [SpeechRecognitionService] VAD_CALIBRATED captureEpoch=4 noiseFloorRms=0.00072 p10=0.00069 p50=0.00075 p90=0.00082 adaptiveOnRms=0.00250 adaptiveOffRms=0.00130
07-29 22:59:07.282  5540  5540 I flutter : [WearVoiceSession] capture ready lastAudioAtMillis=1785355147197 chunks=24 stabilizedForMs=1157
07-29 22:59:07.282  5540  5540 I flutter : [WearVoiceSession] started: SpeechRecognitionService{isListening=true, isSessionActive=true, isPrepared=true, freeTextEnabled=false, commandRecognizer=true, freeTextRecognizer=true, command={processedChunks=0, queueAvgMs=0, queueMaxMs=0, slowQueueChunks=0, recognizerAvgMs=0, recognizerMaxMs=0, slowRecognizerChunks=0}, freeText={processedChunks=0, queueAvgMs=0, queueMaxMs=0, slowQueueChunks=0, recognizerAvgMs=0, recognizerMaxMs=0, slowRecognizerChunks=0}, lastProcessedAgeMs=null, audio=AudioStreamService{captureId=3, isRunning=true, registeredDataConsumers=0, registeredPcmConsumers=1, receivedPcmPackets=24, lastChunkAgeMs=85, lastNonSilentAgeMs=85, continuousZeroAudioAgeMs=null, inputDevice=UAC4, startupWavPath=/data/user/0/ru.tander.smart_glasses/cache/voice_capture/capture_3_1785355146123_uac4.wav startupWavBytes=24576, runningForMs=1159}}
07-29 22:59:07.283  5540  5540 I flutter : GlassesCoordinator: received method=updateWearVoiceOverlay, args={phase: ready, reason: start_ready, visible: false, message: null, version: 1, attempt: 0, revision: 11}
07-29 22:59:07.665  5540  5540 I flutter : [VoiceCapture#3] startup audio offsetMs=1542 receivedPcmPackets=15 rawRms=0.00072 rawPeak=0.00204 postGainRms=0.00072 postGainPeak=0.00204 windowMaxRms=0.00082 windowMaxPeak=0.00296
07-29 22:59:08.177  5540  5540 I flutter : [VoiceCapture#3] startup audio offsetMs=2054 receivedPcmPackets=15 rawRms=0.00075 rawPeak=0.00229 postGainRms=0.00075 postGainPeak=0.00229 windowMaxRms=0.00087 windowMaxPeak=0.00256
07-29 22:59:08.693  5540  5540 I flutter : [VoiceCapture#3] startup audio offsetMs=2570 receivedPcmPackets=16 rawRms=0.00075 rawPeak=0.00229 postGainRms=0.00075 postGainPeak=0.00229 windowMaxRms=0.00089 windowMaxPeak=0.00317
07-29 22:59:08.976  5540  5540 I flutter : [SpeechRecognitionService] VAD_START captureEpoch=4 segmentId=1 chunkId=122 captureAgeMs=2853 rawRms=0.00650 noiseFloorRms=0.00076 adaptiveOnRms=0.00250 adaptiveOffRms=0.00130
07-29 22:59:08.976  5540  5540 I flutter : [SpeechRecognitionService] processing source=command chunk#1 bytes=640 queueDelayMs=0 epoch=null
07-29 22:59:09.208  5540  5540 I flutter : [VoiceCapture#3] startup audio offsetMs=3085 receivedPcmPackets=16 rawRms=0.01091 rawPeak=0.02762 postGainRms=0.01091 postGainPeak=0.02762 windowMaxRms=0.02688 windowMaxPeak=0.04996
07-29 22:59:09.490  5540  5540 I flutter : [VOSK][PARTIAL][command] вверх at 1785355149490 (queueDelayMs=0, acceptMs=31, partialMs=1, chunkTotalMs=32)
07-29 22:59:09.490  5540  5540 I flutter : [VOICE_COMMAND] captureEpoch=4 acousticSegmentId=1 commandUtteranceId=44 routeRevision=11 grammarRevision=11 screen=menu kind=partial text="вверх" command=WearVoiceCommand.up
07-29 22:59:09.490  5540  5540 I flutter : [WearVoiceControlService] emitting#39 partial command: WearVoiceCommand.up hasListener=false
07-29 22:59:09.491  5540  5540 I flutter : [WearModuleApp] voice command received command=WearVoiceCommand.up screen=WearScreenId.menu at=1785355149491
07-29 22:59:09.491  5540  5540 I flutter : [WearFlowController] command=WearVoiceCommand.up state=WearFlowState(screen: WearScreenId.menu, focusedIndex: 1, menuFocusedIndex: 1, isLoading: false, error: null, pendingNavigation: null)
07-29 22:59:09.491  5540  5540 I flutter : [WearFlowController] state=WearFlowState(screen: WearScreenId.menu, focusedIndex: 0, menuFocusedIndex: 0, isLoading: false, error: null, pendingNavigation: null)
07-29 22:59:09.491  5540  5540 I flutter : [WearFlowController] render glasses screen=WearScreenId.menu
07-29 22:59:09.491  5540  5540 I flutter : [WearModuleApp] voice command handled command=WearVoiceCommand.up screen=WearScreenId.menu durationMs=0
07-29 22:59:09.493  5540  5540 I flutter : GlassesCoordinator: received method=updateWearGlasses, args={showWifiIcon: true, primaryAction: null, wifiAvailable: true, footerText: null, statusIcon: null, title: Выбор раздела, performanceTraceId: 4:1:39, performanceRecognizedAtMillis: 1785355149490, isError: false, showPrinterIcon: false, secondaryAction: null, screenType: menu, checkLines: [], wifiLevel: 3, performanceSentAtMillis: 1785355149491, phase: idle, bodyLines: [], printerAvailable: false, pageText: null, selectedIndex: 0, isLoading: false, voiceCommandsEnabled: true, subtitle: null, statusText: null, performanceAsrMillis: 514, performanceCommand: up, items: [Печать ценников, Доступность, Справка, Настройки]}
07-29 22:59:09.493  5540  5540 I flutter : [WearGlassesCubit] payload received update#49 screen=menu selectedIndex=0 at=1785355149493
07-29 22:59:09.506  5540  5540 I flutter : [WEAR_PERF] trace=4:1:39 cmd=up asrMs=514 commandToSendMs=1 bridgeMs=2 renderMs=13 totalMs=16 screen=menu index=0
07-29 22:59:09.722  5540  5540 I flutter : [VoiceCapture#3] startup audio offsetMs=3599 receivedPcmPackets=17 rawRms=0.00074 rawPeak=0.00226 postGainRms=0.00074 postGainPeak=0.00226 windowMaxRms=0.04076 windowMaxPeak=0.09488
07-29 22:59:09.993  5540  5540 I flutter : [SpeechRecognitionService] VAD_ENDPOINT captureEpoch=4 segmentId=1 chunkId=172 captureAgeMs=3870 rawRms=0.00071 noiseFloorRms=0.00076 adaptiveOnRms=0.00250 adaptiveOffRms=0.00130
07-29 22:59:10.240  5540  5540 I flutter : [VoiceCapture#3] startup audio offsetMs=4117 receivedPcmPackets=16 rawRms=0.00080 rawPeak=0.00262 postGainRms=0.00080 postGainPeak=0.00262 windowMaxRms=0.00086 windowMaxPeak=0.00284
07-29 22:59:10.741  5540  5540 I flutter : [VoiceCapture#3] startup audio offsetMs=4618 receivedPcmPackets=15 rawRms=0.00071 rawPeak=0.00198 postGainRms=0.00071 postGainPeak=0.00198 windowMaxRms=0.00079 windowMaxPeak=0.00281
07-29 22:59:11.254  5540  5540 I flutter : [VoiceCapture#3] startup audio offsetMs=5131 receivedPcmPackets=16 rawRms=0.00086 rawPeak=0.00269 postGainRms=0.00086 postGainPeak=0.00269 windowMaxRms=0.00086 windowMaxPeak=0.00299
07-29 22:59:11.757  5540  5540 I flutter : [VoiceCapture#3] startup audio offsetMs=5634 receivedPcmPackets=16 rawRms=0.00102 rawPeak=0.00375 postGainRms=0.00102 postGainPeak=0.00375 windowMaxRms=0.00180 windowMaxPeak=0.00967
07-29 22:59:12.273  5540  5540 I flutter : [VoiceCapture#3] startup audio offsetMs=6150 receivedPcmPackets=16 rawRms=0.00080 rawPeak=0.00311 postGainRms=0.00080 postGainPeak=0.00311 windowMaxRms=0.00093 windowMaxPeak=0.00311
07-29 22:59:12.787  5540  5540 I flutter : [VoiceCapture#3] startup audio offsetMs=6664 receivedPcmPackets=16 rawRms=0.00072 rawPeak=0.00253 postGainRms=0.00072 postGainPeak=0.00253 windowMaxRms=0.00106 windowMaxPeak=0.00708
07-29 22:59:12.850  5540  5540 I flutter : [VoiceCapture#3] chunk#200 bytes=1024 registeredDataConsumers=0 registeredPcmConsumers=1 rawRms=0.00078 rawPeak=0.00232 postGainRms=0.00078 postGainPeak=0.00232 at=1785355152850
07-29 22:59:13.301  5540  5540 I flutter : [VoiceCapture#3] startup audio offsetMs=7178 receivedPcmPackets=16 rawRms=0.00079 rawPeak=0.00232 postGainRms=0.00079 postGainPeak=0.00232 windowMaxRms=0.00129 windowMaxPeak=0.00711
07-29 22:59:13.821  5540  5540 I flutter : [VoiceCapture#3] startup audio offsetMs=7698 receivedPcmPackets=16 rawRms=0.00156 rawPeak=0.00629 postGainRms=0.00156 postGainPeak=0.00629 windowMaxRms=0.00156 windowMaxPeak=0.00629
07-29 22:59:13.931  5540  5540 I flutter : [SpeechRecognitionService] VAD_START captureEpoch=4 segmentId=2 chunkId=371 captureAgeMs=7808 rawRms=0.00316 noiseFloorRms=0.00098 adaptiveOnRms=0.00250 adaptiveOffRms=0.00148
07-29 22:59:14.145  5540  5540 I flutter : [VOSK][ENDPOINT_RESULT][command] вверх at 1785355154145 (queueDelayMs=0, acceptMs=41, resultMs=6, chunkTotalMs=47)
07-29 22:59:14.145  5540  5540 I flutter : [VOICE_COMMAND] captureEpoch=4 acousticSegmentId=2 commandUtteranceId=44 routeRevision=11 grammarRevision=11 screen=menu kind=endpointResult text="вверх" command=WearVoiceCommand.up
07-29 22:59:14.145  5540  5540 I flutter : [VOICE_COMMAND] captureEpoch=4 acousticSegmentId=2 commandUtteranceId=44 routeRevision=11 grammarRevision=11 screen=menu kind=partial text="" command=null
07-29 22:59:14.151  5540  5540 I flutter : [VOSK][PARTIAL][command]  at 1785355154151 (queueDelayMs=0, acceptMs=1, partialMs=0, chunkTotalMs=1)
07-29 22:59:14.151  5540  5540 I flutter : [VOICE_COMMAND] captureEpoch=4 acousticSegmentId=2 commandUtteranceId=45 routeRevision=11 grammarRevision=11 screen=menu kind=partial text="" command=null
07-29 22:59:14.330  5540  5540 I flutter : [VoiceCapture#3] startup audio offsetMs=8207 receivedPcmPackets=17 rawRms=0.00076 rawPeak=0.00223 postGainRms=0.00076 postGainPeak=0.00223 windowMaxRms=0.00255 windowMaxPeak=0.01401
07-29 22:59:14.612  5540  5540 I flutter : [SpeechRecognitionService] VAD_ENDPOINT captureEpoch=4 segmentId=2 chunkId=400 captureAgeMs=8489 rawRms=0.00085 noiseFloorRms=0.00098 adaptiveOnRms=0.00250 adaptiveOffRms=0.00148
07-29 22:59:14.622  5540  5540 I flutter : [VoiceCapture#3] startup WAV saved path=/data/user/0/ru.tander.smart_glasses/cache/voice_capture/capture_3_1785355146123_uac4.wav pcmBytes=256000
07-29 22:59:14.832  5540  5540 I flutter : [VoiceCapture#3] startup audio offsetMs=8709 receivedPcmPackets=15 rawRms=0.00070 rawPeak=0.00204 postGainRms=0.00070 postGainPeak=0.00204 windowMaxRms=0.00094 windowMaxPeak=0.00317
07-29 22:59:15.349  5540  5540 I flutter : [VoiceCapture#3] startup audio offsetMs=9226 receivedPcmPackets=16 rawRms=0.00071 rawPeak=0.00256 postGainRms=0.00071 postGainPeak=0.00256 windowMaxRms=0.00081 windowMaxPeak=0.00275
07-29 22:59:15.866  5540  5540 I flutter : [VoiceCapture#3] startup audio offsetMs=9742 receivedPcmPackets=16 rawRms=0.00080 rawPeak=0.00345 postGainRms=0.00080 postGainPeak=0.00345 windowMaxRms=0.00091 windowMaxPeak=0.00345
07-29 22:59:19.238  5540  5540 I flutter : [VoiceCapture#3] chunk#400 bytes=1024 registeredDataConsumers=0 registeredPcmConsumers=1 rawRms=0.00070 rawPeak=0.00220 postGainRms=0.00070 postGainPeak=0.00220 at=1785355159238
07-29 22:59:25.643  5540  5540 I flutter : [VoiceCapture#3] chunk#600 bytes=1024 registeredDataConsumers=0 registeredPcmConsumers=1 rawRms=0.00074 rawPeak=0.00211 postGainRms=0.00074 postGainPeak=0.00211 at=1785355165642
