recording,mode,variant,timestamp,event,text
1786194763609,command_menu,baseline,10320.0,partial,вниз
1786194763609,command_menu,baseline,10400.0,partial,вниз
1786194763609,command_menu,baseline,10480.0,partial,вниз
1786194763609,command_menu,baseline,10560.0,partial,вниз
1786194763609,command_menu,baseline,10640.0,partial,вниз
1786194763609,command_menu,baseline,10720.0,partial,вниз
1786194763609,command_menu,baseline,10800.0,partial,вниз
1786194763609,command_menu,baseline,10880.0,partial,вниз
1786194763609,command_menu,baseline,10960.0,partial,вниз
1786194763609,command_menu,baseline,11040.0,partial,вниз
1786194763609,command_menu,baseline,11120.0,partial,вниз
1786194763609,command_menu,baseline,11200.0,partial,вниз
1786194763609,command_menu,baseline,11280.0,partial,вниз
1786194763609,command_menu,baseline,11360.0,partial,вниз
1786194763609,command_menu,baseline,11440.0,partial,вниз
1786194763609,command_menu,baseline,11520.0,partial,вниз
1786194763609,command_menu,baseline,11600.0,partial,вниз
1786194763609,command_menu,baseline,11680.0,partial,вниз
1786194763609,command_menu,baseline,11760.0,partial,вниз
1786194763609,command_menu,baseline,11840.0,partial,вниз
1786194763609,command_menu,baseline,11920.0,partial,вниз
1786194763609,command_menu,baseline,12000.0,partial,вниз
1786194763609,command_menu,baseline,12080.0,partial,вниз
1786194763609,command_menu,baseline,12160.0,partial,вниз
1786194763609,command_menu,baseline,12240.0,partial,вниз вниз
1786194763609,command_menu,baseline,12320.0,partial,вниз вниз
1786194763609,command_menu,baseline,12400.0,partial,вниз вниз
1786194763609,command_menu,baseline,12480.0,partial,вниз вниз
1786194763609,command_menu,baseline,12560.0,partial,вниз вниз
1786194763609,command_menu,baseline,12640.0,partial,вниз вниз
1786194763609,command_menu,baseline,12720.0,partial,вниз вниз
1786194763609,command_menu,baseline,12800.0,partial,вниз вниз
1786194763609,command_menu,baseline,12880.0,partial,вниз вниз
1786194763609,command_menu,baseline,12960.0,partial,вниз вниз
1786194763609,command_menu,baseline,13040.0,partial,вниз вниз
1786194763609,command_menu,baseline,13120.0,partial,вниз вниз
1786194763609,command_menu,baseline,13200.0,partial,вниз вниз
1786194763609,command_menu,baseline,13280.0,partial,вниз вниз
1786194763609,command_menu,baseline,13360.0,partial,вниз вниз
1786194763609,command_menu,baseline,13440.0,partial,вниз вниз
1786194763609,command_menu,baseline,13520.0,partial,вниз вниз
1786194763609,command_menu,baseline,13600.0,partial,вниз вниз
1786194763609,command_menu,baseline,13680.0,endpoint,вниз вниз
1786194763609,command_menu,baseline,16080.0,partial,вверх
1786194763609,command_menu,baseline,16160.0,partial,вверх
1786194763609,command_menu,baseline,16240.0,partial,вверх
1786194763609,command_menu,baseline,16320.0,partial,вверх
1786194763609,command_menu,baseline,16400.0,partial,вверх
1786194763609,command_menu,baseline,16480.0,partial,вверх
1786194763609,command_menu,baseline,16560.0,partial,вверх
1786194763609,command_menu,baseline,16640.0,partial,вверх
1786194763609,command_menu,baseline,16720.0,partial,вверх
1786194763609,command_menu,baseline,16800.0,partial,вверх
1786194763609,command_menu,baseline,16880.0,partial,вверх
1786194763609,command_menu,baseline,16960.0,partial,вверх
1786194763609,command_menu,baseline,17040.0,partial,вверх
1786194763609,command_menu,baseline,17120.0,partial,вверх
1786194763609,command_menu,baseline,17200.0,partial,вверх
1786194763609,command_menu,baseline,17280.0,partial,вверх
1786194763609,command_menu,baseline,17360.0,partial,вверх
1786194763609,command_menu,baseline,17440.0,partial,вверх
1786194763609,command_menu,baseline,17520.0,partial,вверх вверх
1786194763609,command_menu,baseline,17600.0,partial,вверх вверх
1786194763609,command_menu,baseline,17680.0,partial,вверх вверх
1786194763609,command_menu,baseline,17760.0,partial,вверх вверх
1786194763609,command_menu,baseline,17840.0,partial,вверх вверх
1786194763609,command_menu,baseline,17920.0,partial,вверх вверх
1786194763609,command_menu,baseline,18000.0,partial,вверх вверх
1786194763609,command_menu,baseline,18080.0,partial,вверх вверх
1786194763609,command_menu,baseline,18160.0,partial,вверх вверх
1786194763609,command_menu,baseline,18240.0,partial,вверх вверх
1786194763609,command_menu,baseline,18320.0,partial,вверх вверх
1786194763609,command_menu,baseline,18400.0,partial,вверх вверх
1786194763609,command_menu,baseline,18480.0,partial,вверх вверх вверх
1786194763609,command_menu,baseline,18560.0,partial,вверх вверх вверх
1786194763609,command_menu,baseline,18640.0,partial,вверх вверх вверх
1786194763609,command_menu,baseline,18720.0,partial,вверх вверх вверх
1786194763609,command_menu,baseline,18800.0,partial,вверх вверх вверх
1786194763609,command_menu,baseline,18880.0,partial,вверх вверх вверх
1786194763609,command_menu,baseline,18960.0,partial,вверх вверх вверх
1786194763609,command_menu,baseline,19040.0,partial,вверх вверх вверх
1786194763609,command_menu,baseline,19120.0,partial,вверх вверх вверх
1786194763609,command_menu,baseline,19200.0,partial,вверх вверх вверх
1786194763609,command_menu,baseline,19280.0,partial,вверх вверх вверх
1786194763609,command_menu,baseline,19360.0,partial,вверх вверх вверх
1786194763609,command_menu,baseline,19440.0,partial,вверх вверх вверх
1786194763609,command_menu,baseline,19520.0,partial,вверх вверх вверх
1786194763609,command_menu,baseline,19600.0,partial,вверх вверх вверх
1786194763609,command_menu,baseline,19680.0,partial,вверх вверх вверх
1786194763609,command_menu,baseline,19760.0,partial,вверх вверх вверх
1786194763609,command_menu,baseline,19840.0,partial,вверх вверх вверх
1786194763609,command_menu,baseline,19920.0,endpoint,вверх вверх вверх
1786194763609,command_menu,baseline,25200.0,partial,вниз
1786194763609,command_menu,baseline,25280.0,partial,вниз
1786194763609,command_menu,baseline,25360.0,partial,вниз
1786194763609,command_menu,baseline,25440.0,partial,вниз
1786194763609,command_menu,baseline,25520.0,partial,вниз
1786194763609,command_menu,baseline,25600.0,partial,вниз
1786194763609,command_menu,baseline,25680.0,partial,вниз
1786194763609,command_menu,baseline,25760.0,partial,вниз
1786194763609,command_menu,baseline,25840.0,partial,вниз
1786194763609,command_menu,baseline,25920.0,partial,вниз
1786194763609,command_menu,baseline,26000.0,partial,вниз
1786194763609,command_menu,baseline,26080.0,partial,вниз
1786194763609,command_menu,baseline,26160.0,partial,вниз
1786194763609,command_menu,baseline,26240.0,partial,вниз
1786194763609,command_menu,baseline,26320.0,partial,вниз
1786194763609,command_menu,baseline,26400.0,partial,вниз
1786194763609,command_menu,baseline,26480.0,partial,вниз
1786194763609,command_menu,baseline,26560.0,partial,вниз
1786194763609,command_menu,baseline,26640.0,partial,вниз вниз
1786194763609,command_menu,baseline,26720.0,partial,вниз вниз
1786194763609,command_menu,baseline,26800.0,partial,вниз вниз
1786194763609,command_menu,baseline,26880.0,partial,вниз вниз
1786194763609,command_menu,baseline,26960.0,partial,вниз вниз
1786194763609,command_menu,baseline,27040.0,partial,вниз вниз
1786194763609,command_menu,baseline,27120.0,partial,вниз вниз
1786194763609,command_menu,baseline,27200.0,partial,вниз вниз
1786194763609,command_menu,baseline,27280.0,partial,вниз вниз
1786194763609,command_menu,baseline,27360.0,partial,вниз вниз
1786194763609,command_menu,baseline,27440.0,partial,вниз вниз
1786194763609,command_menu,baseline,27520.0,partial,вниз вниз
1786194763609,command_menu,baseline,27600.0,partial,вниз вниз доступность
1786194763609,command_menu,baseline,27680.0,partial,вниз вниз доступность
1786194763609,command_menu,baseline,27760.0,partial,вниз вниз доступность
1786194763609,command_menu,baseline,27840.0,partial,вниз вниз доступность
1786194763609,command_menu,baseline,27920.0,partial,вниз вниз доступность
1786194763609,command_menu,baseline,28000.0,partial,вниз вниз доступность
1786194763609,command_menu,baseline,28080.0,partial,вниз вниз вниз
1786194763609,command_menu,baseline,28160.0,partial,вниз вниз вниз
1786194763609,command_menu,baseline,28240.0,partial,вниз вниз вниз
1786194763609,command_menu,baseline,28320.0,partial,вниз вниз вниз
1786194763609,command_menu,baseline,28400.0,partial,вниз вниз вниз
1786194763609,command_menu,baseline,28480.0,partial,вниз вниз вниз
1786194763609,command_menu,baseline,28560.0,partial,вниз вниз вниз
1786194763609,command_menu,baseline,28640.0,partial,вниз вниз вниз
1786194763609,command_menu,baseline,28720.0,partial,вниз вниз вниз
1786194763609,command_menu,baseline,28800.0,partial,вниз вниз вниз
1786194763609,command_menu,baseline,28880.0,partial,вниз вниз вниз
1786194763609,command_menu,baseline,28960.0,partial,вниз вниз вниз
1786194763609,command_menu,baseline,29040.0,endpoint,вниз вниз вниз
1786194763609,command_menu,baseline,47280.0,partial,вверх
1786194763609,command_menu,baseline,47360.0,partial,вверх
1786194763609,command_menu,baseline,47440.0,partial,вверх
1786194763609,command_menu,baseline,47520.0,partial,вверх
1786194763609,command_menu,baseline,47600.0,partial,вверх
1786194763609,command_menu,baseline,47680.0,partial,вверх
1786194763609,command_menu,baseline,47760.0,partial,доступность
1786194763609,command_menu,baseline,47840.0,partial,доступность
1786194763609,command_menu,baseline,47920.0,partial,доступность
1786194763609,command_menu,baseline,48000.0,partial,доступность
1786194763609,command_menu,baseline,48080.0,partial,доступность
1786194763609,command_menu,baseline,48160.0,partial,доступность
1786194763609,command_menu,baseline,48240.0,endpoint,вверх
1786194763609,command_menu,baseline,50640.0,partial,вниз
1786194763609,command_menu,baseline,50720.0,partial,вниз
1786194763609,command_menu,baseline,50800.0,partial,вниз
1786194763609,command_menu,baseline,50880.0,partial,вниз
1786194763609,command_menu,baseline,50960.0,partial,вниз
1786194763609,command_menu,baseline,51040.0,partial,вниз
1786194763609,command_menu,baseline,51120.0,partial,вниз
1786194763609,command_menu,baseline,51200.0,partial,вниз
1786194763609,command_menu,baseline,51280.0,partial,вниз
1786194763609,command_menu,baseline,51360.0,partial,вниз
1786194763609,command_menu,baseline,51440.0,partial,вниз
1786194763609,command_menu,baseline,51520.0,partial,вниз
1786194763609,command_menu,baseline,51600.0,partial,вниз вниз
1786194763609,command_menu,baseline,51680.0,partial,вниз вниз
1786194763609,command_menu,baseline,51760.0,partial,вниз вниз
1786194763609,command_menu,baseline,51840.0,partial,вниз вниз
1786194763609,command_menu,baseline,51920.0,partial,вниз вниз
1786194763609,command_menu,baseline,52000.0,partial,вниз вниз
1786194763609,command_menu,baseline,52080.0,partial,вниз вниз
1786194763609,command_menu,baseline,52160.0,partial,вниз вниз
1786194763609,command_menu,baseline,52240.0,partial,вниз вниз
1786194763609,command_menu,baseline,52320.0,partial,вниз вниз
1786194763609,command_menu,baseline,52400.0,partial,вниз вниз
1786194763609,command_menu,baseline,52480.0,partial,вниз вниз
1786194763609,command_menu,baseline,52560.0,partial,вниз вниз вниз
1786194763609,command_menu,baseline,52640.0,partial,вниз вниз вниз
1786194763609,command_menu,baseline,52720.0,partial,вниз вниз вниз
1786194763609,command_menu,baseline,52800.0,partial,вниз вниз вниз
1786194763609,command_menu,baseline,52880.0,partial,вниз вниз вниз
1786194763609,command_menu,baseline,52960.0,partial,вниз вниз вниз
1786194763609,command_menu,baseline,53040.0,partial,вниз вниз вниз
1786194763609,command_menu,baseline,53120.0,partial,вниз вниз вниз
1786194763609,command_menu,baseline,53200.0,partial,вниз вниз вниз
1786194763609,command_menu,baseline,53280.0,partial,вниз вниз вниз
1786194763609,command_menu,baseline,53360.0,partial,вниз вниз вниз
1786194763609,command_menu,baseline,53440.0,partial,вниз вниз вниз
1786194763609,command_menu,baseline,53520.0,partial,вниз вниз вниз
1786194763609,command_menu,baseline,53600.0,partial,вниз вниз вниз
1786194763609,command_menu,baseline,53680.0,partial,вниз вниз вниз
1786194763609,command_menu,baseline,53760.0,partial,вниз вниз вниз
1786194763609,command_menu,baseline,53840.0,partial,вниз вниз вниз
1786194763609,command_menu,baseline,53920.0,partial,вниз вниз вниз
1786194763609,command_menu,baseline,54000.0,endpoint,вниз вниз вниз
1786194763609,command_menu,baseline,54960.0,partial,доступность
1786194763609,command_menu,baseline,55040.0,partial,доступность
1786194763609,command_menu,baseline,55120.0,partial,доступность
1786194763609,command_menu,baseline,55200.0,partial,доступность
1786194763609,command_menu,baseline,55280.0,partial,доступность
1786194763609,command_menu,baseline,55360.0,partial,доступность
1786194763609,command_menu,baseline,55440.0,partial,вверх
1786194763609,command_menu,baseline,55520.0,partial,вверх
1786194763609,command_menu,baseline,55600.0,partial,вверх
1786194763609,command_menu,baseline,55680.0,partial,вверх
1786194763609,command_menu,baseline,55760.0,partial,вверх
1786194763609,command_menu,baseline,55840.0,partial,вверх
1786194763609,command_menu,baseline,55920.0,partial,вверх
1786194763609,command_menu,baseline,56000.0,partial,вверх
1786194763609,command_menu,baseline,56080.0,partial,вверх
1786194763609,command_menu,baseline,56160.0,partial,вверх
1786194763609,command_menu,baseline,56240.0,partial,вверх
1786194763609,command_menu,baseline,56320.0,partial,вверх
1786194763609,command_menu,baseline,56400.0,endpoint,вверх
1786194763609,command_menu,baseline,58320.0,partial,печать
1786194763609,command_menu,baseline,58400.0,partial,печать
1786194763609,command_menu,baseline,58480.0,partial,печать
1786194763609,command_menu,baseline,58560.0,partial,печать
1786194763609,command_menu,baseline,58640.0,partial,печать
1786194763609,command_menu,baseline,58720.0,partial,печать
1786194763609,command_menu,baseline,58800.0,partial,печать
1786194763609,command_menu,baseline,58880.0,partial,печать
1786194763609,command_menu,baseline,58960.0,partial,печать
1786194763609,command_menu,baseline,59040.0,partial,печать
1786194763609,command_menu,baseline,59120.0,partial,печать
1786194763609,command_menu,baseline,59200.0,partial,печать
1786194763609,command_menu,baseline,59280.0,partial,печать
1786194763609,command_menu,baseline,59360.0,partial,печать
1786194763609,command_menu,baseline,59440.0,partial,печать
1786194763609,command_menu,baseline,59520.0,partial,печать
1786194763609,command_menu,baseline,59600.0,partial,печать
1786194763609,command_menu,baseline,59680.0,partial,печать
1786194763609,command_menu,baseline,59760.0,partial,печать
1786194763609,command_menu,baseline,59840.0,partial,печать
1786194763609,command_menu,baseline,59920.0,partial,печать
1786194763609,command_menu,baseline,60000.0,partial,печать
1786194763609,command_menu,baseline,60080.0,partial,печать
1786194763609,command_menu,baseline,60160.0,partial,печать
1786194763609,command_menu,baseline,60240.0,endpoint,печать
1786194763609,command_menu,baseline,60720.0,partial,печать
1786194763609,command_menu,baseline,60800.0,partial,печать
1786194763609,command_menu,baseline,60880.0,partial,печать
1786194763609,command_menu,baseline,60960.0,partial,печать
1786194763609,command_menu,baseline,61040.0,partial,печать
1786194763609,command_menu,baseline,61120.0,partial,печать
1786194763609,command_menu,baseline,66000.0,partial,печать
1786194763609,command_menu,baseline,66080.0,partial,печать
1786194763609,command_menu,baseline,66160.0,partial,печать
1786194763609,command_menu,baseline,66240.0,partial,печать
1786194763609,command_menu,baseline,66320.0,partial,печать
1786194763609,command_menu,baseline,66400.0,partial,печать
1786194763609,command_menu,baseline,66480.0,partial,печать
1786194763609,command_menu,baseline,66560.0,partial,печать
1786194763609,command_menu,baseline,66640.0,partial,печать
1786194763609,command_menu,baseline,66720.0,partial,печать
1786194763609,command_menu,baseline,66800.0,partial,печать
1786194763609,command_menu,baseline,66880.0,partial,печать
1786194763609,command_menu,baseline,66960.0,partial,печать
1786194763609,command_menu,baseline,67040.0,partial,печать
1786194763609,command_menu,baseline,67120.0,partial,печать
1786194763609,command_menu,baseline,67200.0,partial,печать
1786194763609,command_menu,baseline,67280.0,partial,печать
1786194763609,command_menu,baseline,67360.0,partial,печать
1786194763609,command_menu,baseline,67440.0,endpoint,печать
1786194763609,command_menu,baseline,70800.0,partial,печать
1786194763609,command_menu,baseline,70880.0,partial,печать
1786194763609,command_menu,baseline,70960.0,partial,печать
1786194763609,command_menu,baseline,71040.0,partial,печать
1786194763609,command_menu,baseline,71120.0,partial,печать
1786194763609,command_menu,baseline,71200.0,partial,печать
1786194763609,command_menu,baseline,71280.0,partial,печать
1786194763609,command_menu,baseline,71360.0,partial,печать
1786194763609,command_menu,baseline,71440.0,partial,печать
1786194763609,command_menu,baseline,71520.0,partial,печать
1786194763609,command_menu,baseline,71600.0,partial,печать
1786194763609,command_menu,baseline,71680.0,partial,печать
1786194763609,command_menu,baseline,71760.0,partial,печать
1786194763609,command_menu,baseline,71840.0,partial,печать
1786194763609,command_menu,baseline,71920.0,partial,печать
1786194763609,command_menu,baseline,72000.0,partial,печать
1786194763609,command_menu,baseline,72080.0,partial,печать
1786194763609,command_menu,baseline,72160.0,partial,печать
1786194763609,command_menu,baseline,72240.0,endpoint,печать
1786194763609,command_menu,baseline,73200.0,partial,доступность
1786194763609,command_menu,baseline,73280.0,partial,доступность
1786194763609,command_menu,baseline,73360.0,partial,доступность
1786194763609,command_menu,baseline,73440.0,partial,доступность
1786194763609,command_menu,baseline,73520.0,partial,доступность
1786194763609,command_menu,baseline,73600.0,partial,доступность
1786194763609,command_menu,baseline,81840.0,partial,доступность
1786194763609,command_menu,baseline,81920.0,partial,доступность
1786194763609,command_menu,baseline,82000.0,partial,доступность
1786194763609,command_menu,baseline,82080.0,partial,доступность
1786194763609,command_menu,baseline,82160.0,partial,доступность
1786194763609,command_menu,baseline,82240.0,partial,доступность
1786194763609,command_menu,baseline,89520.0,partial,печать
1786194763609,command_menu,baseline,89600.0,partial,печать
1786194763609,command_menu,baseline,89680.0,partial,печать
1786194763609,command_menu,baseline,89760.0,partial,печать
1786194763609,command_menu,baseline,89840.0,partial,печать
1786194763609,command_menu,baseline,89920.0,partial,печать
1786194763609,command_menu,baseline,94800.0,partial,доступность
1786194763609,command_menu,baseline,94880.0,partial,доступность
1786194763609,command_menu,baseline,94960.0,partial,доступность
1786194763609,command_menu,baseline,95040.0,partial,доступность
1786194763609,command_menu,baseline,95120.0,partial,доступность
1786194763609,command_menu,baseline,95200.0,partial,доступность
1786194763609,command_menu,baseline,111120.0,partial,доступность
1786194763609,command_menu,baseline,111200.0,partial,доступность
1786194763609,command_menu,baseline,111280.0,partial,доступность
1786194763609,command_menu,baseline,111360.0,partial,доступность
1786194763609,command_menu,baseline,111440.0,partial,доступность
1786194763609,command_menu,baseline,111520.0,partial,доступность
1786194763609,command_menu,baseline,112560.0,endpoint,доступность
1786194763609,command_menu,baseline,158640.0,partial,доступность
1786194763609,command_menu,baseline,158720.0,partial,доступность
1786194763609,command_menu,baseline,158800.0,partial,доступность
1786194763609,command_menu,baseline,158880.0,partial,доступность
1786194763609,command_menu,baseline,158960.0,partial,доступность
1786194763609,command_menu,baseline,159040.0,partial,доступность
1786194763609,free_text,baseline,11280.0,endpoint,вниз
1786194763609,free_text,baseline,16560.0,partial,вниз вверх
1786194763609,free_text,baseline,16640.0,partial,вниз вверх
1786194763609,free_text,baseline,16720.0,partial,вниз вверх
1786194763609,free_text,baseline,16800.0,partial,вниз вверх
1786194763609,free_text,baseline,16880.0,partial,вниз вверх
1786194763609,free_text,baseline,16960.0,partial,вниз вверх
1786194763609,free_text,baseline,17040.0,partial,вниз вверх вниз
1786194763609,free_text,baseline,17120.0,partial,вниз вверх вниз
1786194763609,free_text,baseline,17200.0,partial,вниз вверх вниз
1786194763609,free_text,baseline,17280.0,partial,вниз вверх вниз
1786194763609,free_text,baseline,17360.0,partial,вниз вверх вниз
1786194763609,free_text,baseline,17440.0,partial,вниз вверх вниз
1786194763609,free_text,baseline,17520.0,endpoint,вниз вверх
1786194763609,free_text,baseline,27120.0,partial,вниз вниз
1786194763609,free_text,baseline,27200.0,partial,вниз вниз
1786194763609,free_text,baseline,27280.0,partial,вниз вниз
1786194763609,free_text,baseline,27360.0,partial,вниз вниз
1786194763609,free_text,baseline,27440.0,partial,вниз вниз
1786194763609,free_text,baseline,27520.0,partial,вниз вниз
1786194763609,free_text,baseline,27600.0,partial,вниз вниз вниз
1786194763609,free_text,baseline,27680.0,partial,вниз вниз вниз
1786194763609,free_text,baseline,27760.0,partial,вниз вниз вниз
1786194763609,free_text,baseline,27840.0,partial,вниз вниз вниз
1786194763609,free_text,baseline,27920.0,partial,вниз вниз вниз
1786194763609,free_text,baseline,28000.0,partial,вниз вниз вниз
1786194763609,free_text,baseline,28080.0,partial,вниз вниз вниз
1786194763609,free_text,baseline,28160.0,partial,вниз вниз вниз
1786194763609,free_text,baseline,28240.0,partial,вниз вниз вниз
1786194763609,free_text,baseline,28320.0,partial,вниз вниз вниз
1786194763609,free_text,baseline,28400.0,partial,вниз вниз вниз
1786194763609,free_text,baseline,28480.0,partial,вниз вниз вниз
1786194763609,free_text,baseline,28560.0,partial,вниз вниз вниз
1786194763609,free_text,baseline,28640.0,partial,вниз вниз вниз
1786194763609,free_text,baseline,28720.0,partial,вниз вниз вниз
1786194763609,free_text,baseline,28800.0,partial,вниз вниз вниз
1786194763609,free_text,baseline,28880.0,partial,вниз вниз вниз
1786194763609,free_text,baseline,28960.0,partial,вниз вниз вниз
1786194763609,free_text,baseline,29040.0,endpoint,вниз вниз вниз
1786194763609,free_text,baseline,51600.0,partial,для до боли внизу
1786194763609,free_text,baseline,51680.0,partial,для до боли внизу
1786194763609,free_text,baseline,51760.0,partial,для до боли внизу
1786194763609,free_text,baseline,51840.0,partial,для до боли внизу
1786194763609,free_text,baseline,51920.0,partial,для до боли внизу
1786194763609,free_text,baseline,52000.0,partial,для до боли внизу
1786194763609,free_text,baseline,52560.0,partial,для для вниз вниз вниз
1786194763609,free_text,baseline,52640.0,partial,для для вниз вниз вниз
1786194763609,free_text,baseline,52720.0,partial,для для вниз вниз вниз
1786194763609,free_text,baseline,52800.0,partial,для для вниз вниз вниз
1786194763609,free_text,baseline,52880.0,partial,для для вниз вниз вниз
1786194763609,free_text,baseline,52960.0,partial,для для вниз вниз вниз
1786194763609,free_text,baseline,53040.0,partial,для для вниз вниз вниз
1786194763609,free_text,baseline,53120.0,partial,для для вниз вниз вниз
1786194763609,free_text,baseline,53200.0,partial,для для вниз вниз вниз
1786194763609,free_text,baseline,53280.0,partial,для для вниз вниз вниз
1786194763609,free_text,baseline,53360.0,partial,для для вниз вниз вниз
1786194763609,free_text,baseline,53440.0,partial,для для вниз вниз вниз
1786194763609,free_text,baseline,53520.0,partial,для для вниз вниз вниз
1786194763609,free_text,baseline,53600.0,partial,для для вниз вниз вниз
1786194763609,free_text,baseline,53680.0,partial,для для вниз вниз вниз
1786194763609,free_text,baseline,53760.0,partial,для для вниз вниз вниз
1786194763609,free_text,baseline,53840.0,partial,для для вниз вниз вниз
1786194763609,free_text,baseline,53920.0,partial,для для вниз вниз вниз
1786194763609,free_text,baseline,54000.0,endpoint,для для вниз вниз вниз
1786194763609,free_text,baseline,58800.0,partial,печать
1786194763609,free_text,baseline,58880.0,partial,печать
1786194763609,free_text,baseline,58960.0,partial,печать
1786194763609,free_text,baseline,59040.0,partial,печать
1786194763609,free_text,baseline,59120.0,partial,печать
1786194763609,free_text,baseline,59200.0,partial,печать
1786194763609,free_text,baseline,59280.0,partial,печать
1786194763609,free_text,baseline,59360.0,partial,печать
1786194763609,free_text,baseline,59440.0,partial,печать
1786194763609,free_text,baseline,59520.0,partial,печать
1786194763609,free_text,baseline,59600.0,partial,печать
1786194763609,free_text,baseline,59680.0,partial,печать
1786194763609,free_text,baseline,59760.0,partial,печать
1786194763609,free_text,baseline,59840.0,partial,печать
1786194763609,free_text,baseline,59920.0,partial,печать
1786194763609,free_text,baseline,60000.0,partial,печать
1786194763609,free_text,baseline,60080.0,partial,печать
1786194763609,free_text,baseline,60160.0,partial,печать
1786194763609,free_text,baseline,60240.0,partial,печать
1786194763609,free_text,baseline,60320.0,partial,печать
1786194763609,free_text,baseline,60400.0,partial,печать
1786194763609,free_text,baseline,60480.0,partial,печать
1786194763609,free_text,baseline,60560.0,partial,печать
1786194763609,free_text,baseline,60640.0,partial,печать
1786194763609,free_text,baseline,60720.0,partial,печать
1786194763609,free_text,baseline,60800.0,partial,печать
1786194763609,free_text,baseline,60880.0,partial,печать
1786194763609,free_text,baseline,60960.0,partial,печать
1786194763609,free_text,baseline,61040.0,partial,печать
1786194763609,free_text,baseline,61120.0,partial,печать
1786194763609,free_text,baseline,61200.0,partial,печать белый
1786194763609,free_text,baseline,61280.0,partial,печать белый
1786194763609,free_text,baseline,61360.0,partial,печать белый
1786194763609,free_text,baseline,61440.0,partial,печать белый
1786194763609,free_text,baseline,61520.0,partial,печать белый
1786194763609,free_text,baseline,61600.0,partial,печать белый
1786194763609,free_text,baseline,61680.0,partial,печать белый
1786194763609,free_text,baseline,61760.0,partial,печать белый
1786194763609,free_text,baseline,61840.0,partial,печать белый
1786194763609,free_text,baseline,61920.0,partial,печать белый
1786194763609,free_text,baseline,62000.0,partial,печать белый
1786194763609,free_text,baseline,62080.0,partial,печать белый
1786194763609,free_text,baseline,62160.0,partial,печать белый
1786194763609,free_text,baseline,62240.0,partial,печать белый
1786194763609,free_text,baseline,62320.0,partial,печать белый
1786194763609,free_text,baseline,62400.0,partial,печать белый
1786194763609,free_text,baseline,62480.0,partial,печать белый
1786194763609,free_text,baseline,62560.0,partial,печать белый
1786194763609,free_text,baseline,62640.0,partial,печать белый
1786194763609,free_text,baseline,62720.0,partial,печать белый
1786194763609,free_text,baseline,62800.0,partial,печать белый
1786194763609,free_text,baseline,62880.0,partial,печать белый
1786194763609,free_text,baseline,62960.0,partial,печать белый
1786194763609,free_text,baseline,63040.0,partial,печать белый
1786194763609,free_text,baseline,63120.0,partial,печать белый
1786194763609,free_text,baseline,63200.0,partial,печать белый
1786194763609,free_text,baseline,63280.0,partial,печать белый
1786194763609,free_text,baseline,63360.0,partial,печать белый
1786194763609,free_text,baseline,63440.0,partial,печать белый
1786194763609,free_text,baseline,63520.0,partial,печать белый
1786194763609,free_text,baseline,63600.0,partial,печать белый воротничок
1786194763609,free_text,baseline,63680.0,partial,печать белый воротничок
1786194763609,free_text,baseline,63760.0,partial,печать белый воротничок
1786194763609,free_text,baseline,63840.0,partial,печать белый воротничок
1786194763609,free_text,baseline,63920.0,partial,печать белый воротничок
1786194763609,free_text,baseline,64000.0,partial,печать белый воротничок
1786194763609,free_text,baseline,64080.0,endpoint,печать белый вода
1786194763609,free_text,baseline,95280.0,partial,белый
1786194763609,free_text,baseline,95360.0,partial,белый
1786194763609,free_text,baseline,95440.0,partial,белый
1786194763609,free_text,baseline,95520.0,partial,белый
1786194763609,free_text,baseline,95600.0,partial,белый
1786194763609,free_text,baseline,95680.0,partial,белый
1786194763609,free_text,baseline,95760.0,partial,белый
1786194763609,free_text,baseline,95840.0,partial,белый
1786194763609,free_text,baseline,95920.0,partial,белый
1786194763609,free_text,baseline,96000.0,partial,белый
1786194763609,free_text,baseline,96080.0,partial,белый
1786194763609,free_text,baseline,96160.0,partial,белый
1786194763609,free_text,baseline,96240.0,partial,белый
1786194763609,free_text,baseline,96320.0,partial,белый
1786194763609,free_text,baseline,96400.0,partial,белый
1786194763609,free_text,baseline,96480.0,partial,белый
1786194763609,free_text,baseline,96560.0,partial,белый
1786194763609,free_text,baseline,96640.0,partial,белый
1786194763609,free_text,baseline,96720.0,partial,белый
1786194763609,free_text,baseline,96800.0,partial,белый
1786194763609,free_text,baseline,96880.0,partial,белый
1786194763609,free_text,baseline,96960.0,partial,белый
1786194763609,free_text,baseline,97040.0,partial,белый
1786194763609,free_text,baseline,97120.0,partial,белый
1786194763609,free_text,baseline,97200.0,endpoint,белый
1786194763609,free_text,baseline,156240.0,partial,список
1786194763609,free_text,baseline,156320.0,partial,список
1786194763609,free_text,baseline,156400.0,partial,список
1786194763609,free_text,baseline,156480.0,partial,список
1786194763609,free_text,baseline,156560.0,partial,список
1786194763609,free_text,baseline,156640.0,partial,список
1786194763609,free_text,baseline,156720.0,partial,список
1786194763609,free_text,baseline,156800.0,partial,список
1786194763609,free_text,baseline,156880.0,partial,список
1786194763609,free_text,baseline,156960.0,partial,список
1786194763609,free_text,baseline,157040.0,partial,список
1786194763609,free_text,baseline,157120.0,partial,список
1786194763609,free_text,baseline,157200.0,partial,список
1786194763609,free_text,baseline,157280.0,partial,список
1786194763609,free_text,baseline,157360.0,partial,список
1786194763609,free_text,baseline,157440.0,partial,список
1786194763609,free_text,baseline,157520.0,partial,список
1786194763609,free_text,baseline,157600.0,partial,список
1786194763609,free_text,baseline,157680.0,partial,список
1786194763609,free_text,baseline,157760.0,partial,список
1786194763609,free_text,baseline,157840.0,partial,список
1786194763609,free_text,baseline,157920.0,partial,список
1786194763609,free_text,baseline,158000.0,partial,список
1786194763609,free_text,baseline,158080.0,partial,список
1786194763609,free_text,baseline,158160.0,endpoint,список
1786194763609,command_menu,webrtc_ns_low,16080.0,partial,доступность
1786194763609,command_menu,webrtc_ns_low,16160.0,partial,доступность
1786194763609,command_menu,webrtc_ns_low,16240.0,partial,доступность
1786194763609,command_menu,webrtc_ns_low,16320.0,partial,доступность
1786194763609,command_menu,webrtc_ns_low,16400.0,partial,доступность
1786194763609,command_menu,webrtc_ns_low,16480.0,partial,доступность
1786194763609,command_menu,webrtc_ns_low,17040.0,partial,доступность
1786194763609,command_menu,webrtc_ns_low,17120.0,partial,доступность
1786194763609,command_menu,webrtc_ns_low,17200.0,partial,доступность
1786194763609,command_menu,webrtc_ns_low,17280.0,partial,доступность
1786194763609,command_menu,webrtc_ns_low,17360.0,partial,доступность
1786194763609,command_menu,webrtc_ns_low,17440.0,partial,доступность
1786194763609,command_menu,webrtc_ns_low,18480.0,partial,вверх
1786194763609,command_menu,webrtc_ns_low,18560.0,partial,вверх
1786194763609,command_menu,webrtc_ns_low,18640.0,partial,вверх
1786194763609,command_menu,webrtc_ns_low,18720.0,partial,вверх
1786194763609,command_menu,webrtc_ns_low,18800.0,partial,вверх
1786194763609,command_menu,webrtc_ns_low,18880.0,partial,вверх
1786194763609,command_menu,webrtc_ns_low,18960.0,partial,вверх
1786194763609,command_menu,webrtc_ns_low,19040.0,partial,вверх
1786194763609,command_menu,webrtc_ns_low,19120.0,partial,вверх
1786194763609,command_menu,webrtc_ns_low,19200.0,partial,вверх
1786194763609,command_menu,webrtc_ns_low,19280.0,partial,вверх
1786194763609,command_menu,webrtc_ns_low,19360.0,partial,вверх
1786194763609,command_menu,webrtc_ns_low,19440.0,partial,вверх
1786194763609,command_menu,webrtc_ns_low,19520.0,partial,вверх
1786194763609,command_menu,webrtc_ns_low,19600.0,partial,вверх
1786194763609,command_menu,webrtc_ns_low,19680.0,partial,вверх
1786194763609,command_menu,webrtc_ns_low,19760.0,partial,вверх
1786194763609,command_menu,webrtc_ns_low,19840.0,partial,вверх
1786194763609,command_menu,webrtc_ns_low,19920.0,endpoint,вверх
1786194763609,command_menu,webrtc_ns_low,25680.0,partial,вниз
1786194763609,command_menu,webrtc_ns_low,25760.0,partial,вниз
1786194763609,command_menu,webrtc_ns_low,25840.0,partial,вниз
1786194763609,command_menu,webrtc_ns_low,25920.0,partial,вниз
1786194763609,command_menu,webrtc_ns_low,26000.0,partial,вниз
1786194763609,command_menu,webrtc_ns_low,26080.0,partial,вниз
1786194763609,command_menu,webrtc_ns_low,26160.0,partial,вниз
1786194763609,command_menu,webrtc_ns_low,26240.0,partial,вниз
1786194763609,command_menu,webrtc_ns_low,26320.0,partial,вниз
1786194763609,command_menu,webrtc_ns_low,26400.0,partial,вниз
1786194763609,command_menu,webrtc_ns_low,26480.0,partial,вниз
1786194763609,command_menu,webrtc_ns_low,26560.0,partial,вниз
1786194763609,command_menu,webrtc_ns_low,26640.0,partial,вниз вниз
1786194763609,command_menu,webrtc_ns_low,26720.0,partial,вниз вниз
1786194763609,command_menu,webrtc_ns_low,26800.0,partial,вниз вниз
1786194763609,command_menu,webrtc_ns_low,26880.0,partial,вниз вниз
1786194763609,command_menu,webrtc_ns_low,26960.0,partial,вниз вниз
1786194763609,command_menu,webrtc_ns_low,27040.0,partial,вниз вниз
1786194763609,command_menu,webrtc_ns_low,27120.0,partial,вниз вниз
1786194763609,command_menu,webrtc_ns_low,27200.0,partial,вниз вниз
1786194763609,command_menu,webrtc_ns_low,27280.0,partial,вниз вниз
1786194763609,command_menu,webrtc_ns_low,27360.0,partial,вниз вниз
1786194763609,command_menu,webrtc_ns_low,27440.0,partial,вниз вниз
1786194763609,command_menu,webrtc_ns_low,27520.0,partial,вниз вниз
1786194763609,command_menu,webrtc_ns_low,27600.0,partial,вниз вниз
1786194763609,command_menu,webrtc_ns_low,27680.0,partial,вниз вниз
1786194763609,command_menu,webrtc_ns_low,27760.0,partial,вниз вниз
1786194763609,command_menu,webrtc_ns_low,27840.0,partial,вниз вниз
1786194763609,command_menu,webrtc_ns_low,27920.0,partial,вниз вниз
1786194763609,command_menu,webrtc_ns_low,28000.0,partial,вниз вниз
1786194763609,command_menu,webrtc_ns_low,28080.0,partial,вниз вниз вниз
1786194763609,command_menu,webrtc_ns_low,28160.0,partial,вниз вниз вниз
1786194763609,command_menu,webrtc_ns_low,28240.0,partial,вниз вниз вниз
1786194763609,command_menu,webrtc_ns_low,28320.0,partial,вниз вниз вниз
1786194763609,command_menu,webrtc_ns_low,28400.0,partial,вниз вниз вниз
1786194763609,command_menu,webrtc_ns_low,28480.0,partial,вниз вниз вниз
1786194763609,command_menu,webrtc_ns_low,28560.0,partial,вниз вниз вниз
1786194763609,command_menu,webrtc_ns_low,28640.0,partial,вниз вниз вниз
1786194763609,command_menu,webrtc_ns_low,28720.0,partial,вниз вниз вниз
1786194763609,command_menu,webrtc_ns_low,28800.0,partial,вниз вниз вниз
1786194763609,command_menu,webrtc_ns_low,28880.0,partial,вниз вниз вниз
1786194763609,command_menu,webrtc_ns_low,28960.0,partial,вниз вниз вниз
1786194763609,command_menu,webrtc_ns_low,29040.0,endpoint,вниз вниз вниз
1786194763609,command_menu,webrtc_ns_low,46800.0,partial,доступность
1786194763609,command_menu,webrtc_ns_low,46880.0,partial,доступность
1786194763609,command_menu,webrtc_ns_low,46960.0,partial,доступность
1786194763609,command_menu,webrtc_ns_low,47040.0,partial,доступность
1786194763609,command_menu,webrtc_ns_low,47120.0,partial,доступность
1786194763609,command_menu,webrtc_ns_low,47200.0,partial,доступность
1786194763609,command_menu,webrtc_ns_low,47280.0,partial,вверх
1786194763609,command_menu,webrtc_ns_low,47360.0,partial,вверх
1786194763609,command_menu,webrtc_ns_low,47440.0,partial,вверх
1786194763609,command_menu,webrtc_ns_low,47520.0,partial,вверх
1786194763609,command_menu,webrtc_ns_low,47600.0,partial,вверх
1786194763609,command_menu,webrtc_ns_low,47680.0,partial,вверх
1786194763609,command_menu,webrtc_ns_low,47760.0,partial,вверх доступность
1786194763609,command_menu,webrtc_ns_low,47840.0,partial,вверх доступность
1786194763609,command_menu,webrtc_ns_low,47920.0,partial,вверх доступность
1786194763609,command_menu,webrtc_ns_low,48000.0,partial,вверх доступность
1786194763609,command_menu,webrtc_ns_low,48080.0,partial,вверх доступность
1786194763609,command_menu,webrtc_ns_low,48160.0,partial,вверх доступность
1786194763609,command_menu,webrtc_ns_low,48240.0,endpoint,вверх
1786194763609,command_menu,webrtc_ns_low,49200.0,partial,вверх
1786194763609,command_menu,webrtc_ns_low,49280.0,partial,вверх
1786194763609,command_menu,webrtc_ns_low,49360.0,partial,вверх
1786194763609,command_menu,webrtc_ns_low,49440.0,partial,вверх
1786194763609,command_menu,webrtc_ns_low,49520.0,partial,вверх
1786194763609,command_menu,webrtc_ns_low,49600.0,partial,вверх
1786194763609,command_menu,webrtc_ns_low,49680.0,partial,вверх
1786194763609,command_menu,webrtc_ns_low,49760.0,partial,вверх
1786194763609,command_menu,webrtc_ns_low,49840.0,partial,вверх
1786194763609,command_menu,webrtc_ns_low,49920.0,partial,вверх
1786194763609,command_menu,webrtc_ns_low,50000.0,partial,вверх
1786194763609,command_menu,webrtc_ns_low,50080.0,partial,вверх
1786194763609,command_menu,webrtc_ns_low,50160.0,endpoint,вверх
1786194763609,command_menu,webrtc_ns_low,50640.0,partial,вниз
1786194763609,command_menu,webrtc_ns_low,50720.0,partial,вниз
1786194763609,command_menu,webrtc_ns_low,50800.0,partial,вниз
1786194763609,command_menu,webrtc_ns_low,50880.0,partial,вниз
1786194763609,command_menu,webrtc_ns_low,50960.0,partial,вниз
1786194763609,command_menu,webrtc_ns_low,51040.0,partial,вниз
1786194763609,command_menu,webrtc_ns_low,51120.0,partial,вниз
1786194763609,command_menu,webrtc_ns_low,51200.0,partial,вниз
1786194763609,command_menu,webrtc_ns_low,51280.0,partial,вниз
1786194763609,command_menu,webrtc_ns_low,51360.0,partial,вниз
1786194763609,command_menu,webrtc_ns_low,51440.0,partial,вниз
1786194763609,command_menu,webrtc_ns_low,51520.0,partial,вниз
1786194763609,command_menu,webrtc_ns_low,51600.0,partial,вниз вниз
1786194763609,command_menu,webrtc_ns_low,51680.0,partial,вниз вниз
1786194763609,command_menu,webrtc_ns_low,51760.0,partial,вниз вниз
1786194763609,command_menu,webrtc_ns_low,51840.0,partial,вниз вниз
1786194763609,command_menu,webrtc_ns_low,51920.0,partial,вниз вниз
1786194763609,command_menu,webrtc_ns_low,52000.0,partial,вниз вниз
1786194763609,command_menu,webrtc_ns_low,52080.0,endpoint,вниз
1786194763609,command_menu,webrtc_ns_low,52560.0,partial,вниз
1786194763609,command_menu,webrtc_ns_low,52640.0,partial,вниз
1786194763609,command_menu,webrtc_ns_low,52720.0,partial,вниз
1786194763609,command_menu,webrtc_ns_low,52800.0,partial,вниз
1786194763609,command_menu,webrtc_ns_low,52880.0,partial,вниз
1786194763609,command_menu,webrtc_ns_low,52960.0,partial,вниз
1786194763609,command_menu,webrtc_ns_low,53040.0,partial,вниз
1786194763609,command_menu,webrtc_ns_low,53120.0,partial,вниз
1786194763609,command_menu,webrtc_ns_low,53200.0,partial,вниз
1786194763609,command_menu,webrtc_ns_low,53280.0,partial,вниз
1786194763609,command_menu,webrtc_ns_low,53360.0,partial,вниз
1786194763609,command_menu,webrtc_ns_low,53440.0,partial,вниз
1786194763609,command_menu,webrtc_ns_low,53520.0,partial,вниз
1786194763609,command_menu,webrtc_ns_low,53600.0,partial,вниз
1786194763609,command_menu,webrtc_ns_low,53680.0,partial,вниз
1786194763609,command_menu,webrtc_ns_low,53760.0,partial,вниз
1786194763609,command_menu,webrtc_ns_low,53840.0,partial,вниз
1786194763609,command_menu,webrtc_ns_low,53920.0,partial,вниз
1786194763609,command_menu,webrtc_ns_low,54000.0,endpoint,вниз
1786194763609,command_menu,webrtc_ns_low,54960.0,partial,доступность
1786194763609,command_menu,webrtc_ns_low,55040.0,partial,доступность
1786194763609,command_menu,webrtc_ns_low,55120.0,partial,доступность
1786194763609,command_menu,webrtc_ns_low,55200.0,partial,доступность
1786194763609,command_menu,webrtc_ns_low,55280.0,partial,доступность
1786194763609,command_menu,webrtc_ns_low,55360.0,partial,доступность
1786194763609,command_menu,webrtc_ns_low,55440.0,partial,вверх
1786194763609,command_menu,webrtc_ns_low,55520.0,partial,вверх
1786194763609,command_menu,webrtc_ns_low,55600.0,partial,вверх
1786194763609,command_menu,webrtc_ns_low,55680.0,partial,вверх
1786194763609,command_menu,webrtc_ns_low,55760.0,partial,вверх
1786194763609,command_menu,webrtc_ns_low,55840.0,partial,вверх
1786194763609,command_menu,webrtc_ns_low,55920.0,partial,вверх
1786194763609,command_menu,webrtc_ns_low,56000.0,partial,вверх
1786194763609,command_menu,webrtc_ns_low,56080.0,partial,вверх
1786194763609,command_menu,webrtc_ns_low,56160.0,partial,вверх
1786194763609,command_menu,webrtc_ns_low,56240.0,partial,вверх
1786194763609,command_menu,webrtc_ns_low,56320.0,partial,вверх
1786194763609,command_menu,webrtc_ns_low,56400.0,partial,вверх
1786194763609,command_menu,webrtc_ns_low,56480.0,partial,вверх
1786194763609,command_menu,webrtc_ns_low,56560.0,partial,вверх
1786194763609,command_menu,webrtc_ns_low,56640.0,partial,вверх
1786194763609,command_menu,webrtc_ns_low,56720.0,partial,вверх
1786194763609,command_menu,webrtc_ns_low,56800.0,partial,вверх
1786194763609,command_menu,webrtc_ns_low,56880.0,partial,вверх
1786194763609,command_menu,webrtc_ns_low,56960.0,partial,вверх
1786194763609,command_menu,webrtc_ns_low,57040.0,partial,вверх
1786194763609,command_menu,webrtc_ns_low,57120.0,partial,вверх
1786194763609,command_menu,webrtc_ns_low,57200.0,partial,вверх
1786194763609,command_menu,webrtc_ns_low,57280.0,partial,вверх
1786194763609,command_menu,webrtc_ns_low,57360.0,partial,вверх
1786194763609,command_menu,webrtc_ns_low,57440.0,partial,вверх
1786194763609,command_menu,webrtc_ns_low,57520.0,partial,вверх
1786194763609,command_menu,webrtc_ns_low,57600.0,partial,вверх
1786194763609,command_menu,webrtc_ns_low,57680.0,partial,вверх
1786194763609,command_menu,webrtc_ns_low,57760.0,partial,вверх
1786194763609,command_menu,webrtc_ns_low,57840.0,endpoint,вверх
1786194763609,command_menu,webrtc_ns_low,58320.0,partial,печать
1786194763609,command_menu,webrtc_ns_low,58400.0,partial,печать
1786194763609,command_menu,webrtc_ns_low,58480.0,partial,печать
1786194763609,command_menu,webrtc_ns_low,58560.0,partial,печать
1786194763609,command_menu,webrtc_ns_low,58640.0,partial,печать
1786194763609,command_menu,webrtc_ns_low,58720.0,partial,печать
1786194763609,command_menu,webrtc_ns_low,58800.0,partial,печать
1786194763609,command_menu,webrtc_ns_low,58880.0,partial,печать
1786194763609,command_menu,webrtc_ns_low,58960.0,partial,печать
1786194763609,command_menu,webrtc_ns_low,59040.0,partial,печать
1786194763609,command_menu,webrtc_ns_low,59120.0,partial,печать
1786194763609,command_menu,webrtc_ns_low,59200.0,partial,печать
1786194763609,command_menu,webrtc_ns_low,59280.0,partial,печать
1786194763609,command_menu,webrtc_ns_low,59360.0,partial,печать
1786194763609,command_menu,webrtc_ns_low,59440.0,partial,печать
1786194763609,command_menu,webrtc_ns_low,59520.0,partial,печать
1786194763609,command_menu,webrtc_ns_low,59600.0,partial,печать
1786194763609,command_menu,webrtc_ns_low,59680.0,partial,печать
1786194763609,command_menu,webrtc_ns_low,59760.0,partial,печать
1786194763609,command_menu,webrtc_ns_low,59840.0,partial,печать
1786194763609,command_menu,webrtc_ns_low,59920.0,partial,печать
1786194763609,command_menu,webrtc_ns_low,60000.0,partial,печать
1786194763609,command_menu,webrtc_ns_low,60080.0,partial,печать
1786194763609,command_menu,webrtc_ns_low,60160.0,partial,печать
1786194763609,command_menu,webrtc_ns_low,60240.0,endpoint,печать
1786194763609,command_menu,webrtc_ns_low,60720.0,partial,печать
1786194763609,command_menu,webrtc_ns_low,60800.0,partial,печать
1786194763609,command_menu,webrtc_ns_low,60880.0,partial,печать
1786194763609,command_menu,webrtc_ns_low,60960.0,partial,печать
1786194763609,command_menu,webrtc_ns_low,61040.0,partial,печать
1786194763609,command_menu,webrtc_ns_low,61120.0,partial,печать
1786194763609,command_menu,webrtc_ns_low,66000.0,partial,печать
1786194763609,command_menu,webrtc_ns_low,66080.0,partial,печать
1786194763609,command_menu,webrtc_ns_low,66160.0,partial,печать
1786194763609,command_menu,webrtc_ns_low,66240.0,partial,печать
1786194763609,command_menu,webrtc_ns_low,66320.0,partial,печать
1786194763609,command_menu,webrtc_ns_low,66400.0,partial,печать
1786194763609,command_menu,webrtc_ns_low,66480.0,partial,печать
1786194763609,command_menu,webrtc_ns_low,66560.0,partial,печать
1786194763609,command_menu,webrtc_ns_low,66640.0,partial,печать
1786194763609,command_menu,webrtc_ns_low,66720.0,partial,печать
1786194763609,command_menu,webrtc_ns_low,66800.0,partial,печать
1786194763609,command_menu,webrtc_ns_low,66880.0,partial,печать
1786194763609,command_menu,webrtc_ns_low,66960.0,partial,печать
1786194763609,command_menu,webrtc_ns_low,67040.0,partial,печать
1786194763609,command_menu,webrtc_ns_low,67120.0,partial,печать
1786194763609,command_menu,webrtc_ns_low,67200.0,partial,печать
1786194763609,command_menu,webrtc_ns_low,67280.0,partial,печать
1786194763609,command_menu,webrtc_ns_low,67360.0,partial,печать
1786194763609,command_menu,webrtc_ns_low,67440.0,endpoint,печать
1786194763609,command_menu,webrtc_ns_low,70800.0,partial,печать
1786194763609,command_menu,webrtc_ns_low,70880.0,partial,печать
1786194763609,command_menu,webrtc_ns_low,70960.0,partial,печать
1786194763609,command_menu,webrtc_ns_low,71040.0,partial,печать
1786194763609,command_menu,webrtc_ns_low,71120.0,partial,печать
1786194763609,command_menu,webrtc_ns_low,71200.0,partial,печать
1786194763609,command_menu,webrtc_ns_low,71280.0,partial,печать
1786194763609,command_menu,webrtc_ns_low,71360.0,partial,печать
1786194763609,command_menu,webrtc_ns_low,71440.0,partial,печать
1786194763609,command_menu,webrtc_ns_low,71520.0,partial,печать
1786194763609,command_menu,webrtc_ns_low,71600.0,partial,печать
1786194763609,command_menu,webrtc_ns_low,71680.0,partial,печать
1786194763609,command_menu,webrtc_ns_low,71760.0,partial,печать
1786194763609,command_menu,webrtc_ns_low,71840.0,partial,печать
1786194763609,command_menu,webrtc_ns_low,71920.0,partial,печать
1786194763609,command_menu,webrtc_ns_low,72000.0,partial,печать
1786194763609,command_menu,webrtc_ns_low,72080.0,partial,печать
1786194763609,command_menu,webrtc_ns_low,72160.0,partial,печать
1786194763609,command_menu,webrtc_ns_low,72240.0,endpoint,печать
1786194763609,command_menu,webrtc_ns_low,73200.0,partial,доступность
1786194763609,command_menu,webrtc_ns_low,73280.0,partial,доступность
1786194763609,command_menu,webrtc_ns_low,73360.0,partial,доступность
1786194763609,command_menu,webrtc_ns_low,73440.0,partial,доступность
1786194763609,command_menu,webrtc_ns_low,73520.0,partial,доступность
1786194763609,command_menu,webrtc_ns_low,73600.0,partial,доступность
1786194763609,command_menu,webrtc_ns_low,81840.0,partial,доступность
1786194763609,command_menu,webrtc_ns_low,81920.0,partial,доступность
1786194763609,command_menu,webrtc_ns_low,82000.0,partial,доступность
1786194763609,command_menu,webrtc_ns_low,82080.0,partial,доступность
1786194763609,command_menu,webrtc_ns_low,82160.0,partial,доступность
1786194763609,command_menu,webrtc_ns_low,82240.0,partial,доступность
1786194763609,command_menu,webrtc_ns_low,94800.0,partial,доступность
1786194763609,command_menu,webrtc_ns_low,94880.0,partial,доступность
1786194763609,command_menu,webrtc_ns_low,94960.0,partial,доступность
1786194763609,command_menu,webrtc_ns_low,95040.0,partial,доступность
1786194763609,command_menu,webrtc_ns_low,95120.0,partial,доступность
1786194763609,command_menu,webrtc_ns_low,95200.0,partial,доступность
1786194763609,command_menu,webrtc_ns_low,113520.0,partial,печать
1786194763609,command_menu,webrtc_ns_low,113600.0,partial,печать
1786194763609,command_menu,webrtc_ns_low,113680.0,partial,печать
1786194763609,command_menu,webrtc_ns_low,113760.0,partial,печать
1786194763609,command_menu,webrtc_ns_low,113840.0,partial,печать
1786194763609,command_menu,webrtc_ns_low,113920.0,partial,печать
1786194763609,command_menu,webrtc_ns_low,158640.0,partial,доступность
1786194763609,command_menu,webrtc_ns_low,158720.0,partial,доступность
1786194763609,command_menu,webrtc_ns_low,158800.0,partial,доступность
1786194763609,command_menu,webrtc_ns_low,158880.0,partial,доступность
1786194763609,command_menu,webrtc_ns_low,158960.0,partial,доступность
1786194763609,command_menu,webrtc_ns_low,159040.0,partial,доступность
1786194763609,command_menu,webrtc_ns_low,162000.0,partial,доступность
1786194763609,command_menu,webrtc_ns_low,162080.0,partial,доступность
1786194763609,command_menu,webrtc_ns_low,162160.0,partial,доступность
1786194763609,command_menu,webrtc_ns_low,162240.0,partial,доступность
1786194763609,command_menu,webrtc_ns_low,162320.0,partial,доступность
1786194763609,command_menu,webrtc_ns_low,162400.0,partial,доступность
1786194763609,free_text,webrtc_ns_low,29040.0,endpoint,вниз вниз вниз
1786194763609,free_text,webrtc_ns_low,58800.0,partial,печать
1786194763609,free_text,webrtc_ns_low,58880.0,partial,печать
1786194763609,free_text,webrtc_ns_low,58960.0,partial,печать
1786194763609,free_text,webrtc_ns_low,59040.0,partial,печать
1786194763609,free_text,webrtc_ns_low,59120.0,partial,печать
1786194763609,free_text,webrtc_ns_low,59200.0,partial,печать
1786194763609,free_text,webrtc_ns_low,59280.0,partial,печать
1786194763609,free_text,webrtc_ns_low,59360.0,partial,печать
1786194763609,free_text,webrtc_ns_low,59440.0,partial,печать
1786194763609,free_text,webrtc_ns_low,59520.0,partial,печать
1786194763609,free_text,webrtc_ns_low,59600.0,partial,печать
1786194763609,free_text,webrtc_ns_low,59680.0,partial,печать
1786194763609,free_text,webrtc_ns_low,59760.0,partial,печать
1786194763609,free_text,webrtc_ns_low,59840.0,partial,печать
1786194763609,free_text,webrtc_ns_low,59920.0,partial,печать
1786194763609,free_text,webrtc_ns_low,60000.0,partial,печать
1786194763609,free_text,webrtc_ns_low,60080.0,partial,печать
1786194763609,free_text,webrtc_ns_low,60160.0,partial,печать
1786194763609,free_text,webrtc_ns_low,60240.0,partial,печать
1786194763609,free_text,webrtc_ns_low,60320.0,partial,печать
1786194763609,free_text,webrtc_ns_low,60400.0,partial,печать
1786194763609,free_text,webrtc_ns_low,60480.0,partial,печать
1786194763609,free_text,webrtc_ns_low,60560.0,partial,печать
1786194763609,free_text,webrtc_ns_low,60640.0,partial,печать
1786194763609,free_text,webrtc_ns_low,60720.0,partial,печать
1786194763609,free_text,webrtc_ns_low,60800.0,partial,печать
1786194763609,free_text,webrtc_ns_low,60880.0,partial,печать
1786194763609,free_text,webrtc_ns_low,60960.0,partial,печать
1786194763609,free_text,webrtc_ns_low,61040.0,partial,печать
1786194763609,free_text,webrtc_ns_low,61120.0,partial,печать
1786194763609,free_text,webrtc_ns_low,61200.0,partial,печать белый
1786194763609,free_text,webrtc_ns_low,61280.0,partial,печать белый
1786194763609,free_text,webrtc_ns_low,61360.0,partial,печать белый
1786194763609,free_text,webrtc_ns_low,61440.0,partial,печать белый
1786194763609,free_text,webrtc_ns_low,61520.0,partial,печать белый
1786194763609,free_text,webrtc_ns_low,61600.0,partial,печать белый
1786194763609,free_text,webrtc_ns_low,61680.0,partial,печать белый
1786194763609,free_text,webrtc_ns_low,61760.0,partial,печать белый
1786194763609,free_text,webrtc_ns_low,61840.0,partial,печать белый
1786194763609,free_text,webrtc_ns_low,61920.0,partial,печать белый
1786194763609,free_text,webrtc_ns_low,62000.0,partial,печать белый
1786194763609,free_text,webrtc_ns_low,62080.0,partial,печать белый
1786194763609,free_text,webrtc_ns_low,62160.0,partial,печать белый
1786194763609,free_text,webrtc_ns_low,62240.0,partial,печать белый
1786194763609,free_text,webrtc_ns_low,62320.0,partial,печать белый
1786194763609,free_text,webrtc_ns_low,62400.0,partial,печать белый
1786194763609,free_text,webrtc_ns_low,62480.0,partial,печать белый
1786194763609,free_text,webrtc_ns_low,62560.0,partial,печать белый
1786194763609,free_text,webrtc_ns_low,62640.0,partial,печать белый
1786194763609,free_text,webrtc_ns_low,62720.0,partial,печать белый
1786194763609,free_text,webrtc_ns_low,62800.0,partial,печать белый
1786194763609,free_text,webrtc_ns_low,62880.0,partial,печать белый
1786194763609,free_text,webrtc_ns_low,62960.0,partial,печать белый
1786194763609,free_text,webrtc_ns_low,63040.0,partial,печать белый
1786194763609,free_text,webrtc_ns_low,63120.0,partial,печать белый
1786194763609,free_text,webrtc_ns_low,63200.0,partial,печать белый
1786194763609,free_text,webrtc_ns_low,63280.0,partial,печать белый
1786194763609,free_text,webrtc_ns_low,63360.0,partial,печать белый
1786194763609,free_text,webrtc_ns_low,63440.0,partial,печать белый
1786194763609,free_text,webrtc_ns_low,63520.0,partial,печать белый
1786194763609,free_text,webrtc_ns_low,63600.0,partial,печать белый воротничок
1786194763609,free_text,webrtc_ns_low,63680.0,partial,печать белый воротничок
1786194763609,free_text,webrtc_ns_low,63760.0,partial,печать белый воротничок
1786194763609,free_text,webrtc_ns_low,63840.0,partial,печать белый воротничок
1786194763609,free_text,webrtc_ns_low,63920.0,partial,печать белый воротничок
1786194763609,free_text,webrtc_ns_low,64000.0,partial,печать белый воротничок
1786194763609,free_text,webrtc_ns_low,64080.0,endpoint,печать белый года
1786194763609,free_text,webrtc_ns_low,95280.0,partial,белый
1786194763609,free_text,webrtc_ns_low,95360.0,partial,белый
1786194763609,free_text,webrtc_ns_low,95440.0,partial,белый
1786194763609,free_text,webrtc_ns_low,95520.0,partial,белый
1786194763609,free_text,webrtc_ns_low,95600.0,partial,белый
1786194763609,free_text,webrtc_ns_low,95680.0,partial,белый
1786194763609,free_text,webrtc_ns_low,95760.0,partial,белый
1786194763609,free_text,webrtc_ns_low,95840.0,partial,белый
1786194763609,free_text,webrtc_ns_low,95920.0,partial,белый
1786194763609,free_text,webrtc_ns_low,96000.0,partial,белый
1786194763609,free_text,webrtc_ns_low,96080.0,partial,белый
1786194763609,free_text,webrtc_ns_low,96160.0,partial,белый
1786194763609,free_text,webrtc_ns_low,96240.0,partial,белый
1786194763609,free_text,webrtc_ns_low,96320.0,partial,белый
1786194763609,free_text,webrtc_ns_low,96400.0,partial,белый
1786194763609,free_text,webrtc_ns_low,96480.0,partial,белый
1786194763609,free_text,webrtc_ns_low,96560.0,partial,белый
1786194763609,free_text,webrtc_ns_low,96640.0,partial,белый
1786194763609,free_text,webrtc_ns_low,96720.0,partial,белый
1786194763609,free_text,webrtc_ns_low,96800.0,partial,белый
1786194763609,free_text,webrtc_ns_low,96880.0,partial,белый
1786194763609,free_text,webrtc_ns_low,96960.0,partial,белый
1786194763609,free_text,webrtc_ns_low,97040.0,partial,белый
1786194763609,free_text,webrtc_ns_low,97120.0,partial,белый
1786194763609,free_text,webrtc_ns_low,97200.0,partial,белый
1786194763609,free_text,webrtc_ns_low,97280.0,partial,белый
1786194763609,free_text,webrtc_ns_low,97360.0,partial,белый
1786194763609,free_text,webrtc_ns_low,97440.0,partial,белый
1786194763609,free_text,webrtc_ns_low,97520.0,partial,белый
1786194763609,free_text,webrtc_ns_low,97600.0,partial,белый
1786194763609,free_text,webrtc_ns_low,97680.0,endpoint,белый
1786194763609,command_menu,webrtc_ns_moderate,16080.0,partial,доступность
1786194763609,command_menu,webrtc_ns_moderate,16160.0,partial,доступность
1786194763609,command_menu,webrtc_ns_moderate,16240.0,partial,доступность
1786194763609,command_menu,webrtc_ns_moderate,16320.0,partial,доступность
1786194763609,command_menu,webrtc_ns_moderate,16400.0,partial,доступность
1786194763609,command_menu,webrtc_ns_moderate,16480.0,partial,доступность
1786194763609,command_menu,webrtc_ns_moderate,17040.0,partial,доступность
1786194763609,command_menu,webrtc_ns_moderate,17120.0,partial,доступность
1786194763609,command_menu,webrtc_ns_moderate,17200.0,partial,доступность
1786194763609,command_menu,webrtc_ns_moderate,17280.0,partial,доступность
1786194763609,command_menu,webrtc_ns_moderate,17360.0,partial,доступность
1786194763609,command_menu,webrtc_ns_moderate,17440.0,partial,доступность
1786194763609,command_menu,webrtc_ns_moderate,18480.0,partial,вверх
1786194763609,command_menu,webrtc_ns_moderate,18560.0,partial,вверх
1786194763609,command_menu,webrtc_ns_moderate,18640.0,partial,вверх
1786194763609,command_menu,webrtc_ns_moderate,18720.0,partial,вверх
1786194763609,command_menu,webrtc_ns_moderate,18800.0,partial,вверх
1786194763609,command_menu,webrtc_ns_moderate,18880.0,partial,вверх
1786194763609,command_menu,webrtc_ns_moderate,18960.0,partial,вверх
1786194763609,command_menu,webrtc_ns_moderate,19040.0,partial,вверх
1786194763609,command_menu,webrtc_ns_moderate,19120.0,partial,вверх
1786194763609,command_menu,webrtc_ns_moderate,19200.0,partial,вверх
1786194763609,command_menu,webrtc_ns_moderate,19280.0,partial,вверх
1786194763609,command_menu,webrtc_ns_moderate,19360.0,partial,вверх
1786194763609,command_menu,webrtc_ns_moderate,19440.0,partial,вверх
1786194763609,command_menu,webrtc_ns_moderate,19520.0,partial,вверх
1786194763609,command_menu,webrtc_ns_moderate,19600.0,partial,вверх
1786194763609,command_menu,webrtc_ns_moderate,19680.0,partial,вверх
1786194763609,command_menu,webrtc_ns_moderate,19760.0,partial,вверх
1786194763609,command_menu,webrtc_ns_moderate,19840.0,partial,вверх
1786194763609,command_menu,webrtc_ns_moderate,19920.0,endpoint,вверх
1786194763609,command_menu,webrtc_ns_moderate,25680.0,partial,вниз
1786194763609,command_menu,webrtc_ns_moderate,25760.0,partial,вниз
1786194763609,command_menu,webrtc_ns_moderate,25840.0,partial,вниз
1786194763609,command_menu,webrtc_ns_moderate,25920.0,partial,вниз
1786194763609,command_menu,webrtc_ns_moderate,26000.0,partial,вниз
1786194763609,command_menu,webrtc_ns_moderate,26080.0,partial,вниз
1786194763609,command_menu,webrtc_ns_moderate,26160.0,partial,вниз
1786194763609,command_menu,webrtc_ns_moderate,26240.0,partial,вниз
1786194763609,command_menu,webrtc_ns_moderate,26320.0,partial,вниз
1786194763609,command_menu,webrtc_ns_moderate,26400.0,partial,вниз
1786194763609,command_menu,webrtc_ns_moderate,26480.0,partial,вниз
1786194763609,command_menu,webrtc_ns_moderate,26560.0,partial,вниз
1786194763609,command_menu,webrtc_ns_moderate,26640.0,partial,вниз вниз
1786194763609,command_menu,webrtc_ns_moderate,26720.0,partial,вниз вниз
1786194763609,command_menu,webrtc_ns_moderate,26800.0,partial,вниз вниз
1786194763609,command_menu,webrtc_ns_moderate,26880.0,partial,вниз вниз
1786194763609,command_menu,webrtc_ns_moderate,26960.0,partial,вниз вниз
1786194763609,command_menu,webrtc_ns_moderate,27040.0,partial,вниз вниз
1786194763609,command_menu,webrtc_ns_moderate,27120.0,partial,вниз вниз
1786194763609,command_menu,webrtc_ns_moderate,27200.0,partial,вниз вниз
1786194763609,command_menu,webrtc_ns_moderate,27280.0,partial,вниз вниз
1786194763609,command_menu,webrtc_ns_moderate,27360.0,partial,вниз вниз
1786194763609,command_menu,webrtc_ns_moderate,27440.0,partial,вниз вниз
1786194763609,command_menu,webrtc_ns_moderate,27520.0,partial,вниз вниз
1786194763609,command_menu,webrtc_ns_moderate,27600.0,partial,вниз вниз
1786194763609,command_menu,webrtc_ns_moderate,27680.0,partial,вниз вниз
1786194763609,command_menu,webrtc_ns_moderate,27760.0,partial,вниз вниз
1786194763609,command_menu,webrtc_ns_moderate,27840.0,partial,вниз вниз
1786194763609,command_menu,webrtc_ns_moderate,27920.0,partial,вниз вниз
1786194763609,command_menu,webrtc_ns_moderate,28000.0,partial,вниз вниз
1786194763609,command_menu,webrtc_ns_moderate,28080.0,partial,вниз вниз вниз
1786194763609,command_menu,webrtc_ns_moderate,28160.0,partial,вниз вниз вниз
1786194763609,command_menu,webrtc_ns_moderate,28240.0,partial,вниз вниз вниз
1786194763609,command_menu,webrtc_ns_moderate,28320.0,partial,вниз вниз вниз
1786194763609,command_menu,webrtc_ns_moderate,28400.0,partial,вниз вниз вниз
1786194763609,command_menu,webrtc_ns_moderate,28480.0,partial,вниз вниз вниз
1786194763609,command_menu,webrtc_ns_moderate,28560.0,partial,вниз вниз вниз
1786194763609,command_menu,webrtc_ns_moderate,28640.0,partial,вниз вниз вниз
1786194763609,command_menu,webrtc_ns_moderate,28720.0,partial,вниз вниз вниз
1786194763609,command_menu,webrtc_ns_moderate,28800.0,partial,вниз вниз вниз
1786194763609,command_menu,webrtc_ns_moderate,28880.0,partial,вниз вниз вниз
1786194763609,command_menu,webrtc_ns_moderate,28960.0,partial,вниз вниз вниз
1786194763609,command_menu,webrtc_ns_moderate,29040.0,endpoint,вниз вниз вниз
1786194763609,command_menu,webrtc_ns_moderate,46800.0,partial,доступность
1786194763609,command_menu,webrtc_ns_moderate,46880.0,partial,доступность
1786194763609,command_menu,webrtc_ns_moderate,46960.0,partial,доступность
1786194763609,command_menu,webrtc_ns_moderate,47040.0,partial,доступность
1786194763609,command_menu,webrtc_ns_moderate,47120.0,partial,доступность
1786194763609,command_menu,webrtc_ns_moderate,47200.0,partial,доступность
1786194763609,command_menu,webrtc_ns_moderate,47280.0,partial,вверх
1786194763609,command_menu,webrtc_ns_moderate,47360.0,partial,вверх
1786194763609,command_menu,webrtc_ns_moderate,47440.0,partial,вверх
1786194763609,command_menu,webrtc_ns_moderate,47520.0,partial,вверх
1786194763609,command_menu,webrtc_ns_moderate,47600.0,partial,вверх
1786194763609,command_menu,webrtc_ns_moderate,47680.0,partial,вверх
1786194763609,command_menu,webrtc_ns_moderate,47760.0,partial,вверх доступность
1786194763609,command_menu,webrtc_ns_moderate,47840.0,partial,вверх доступность
1786194763609,command_menu,webrtc_ns_moderate,47920.0,partial,вверх доступность
1786194763609,command_menu,webrtc_ns_moderate,48000.0,partial,вверх доступность
1786194763609,command_menu,webrtc_ns_moderate,48080.0,partial,вверх доступность
1786194763609,command_menu,webrtc_ns_moderate,48160.0,partial,вверх доступность
1786194763609,command_menu,webrtc_ns_moderate,48240.0,endpoint,вверх
1786194763609,command_menu,webrtc_ns_moderate,49200.0,partial,вверх
1786194763609,command_menu,webrtc_ns_moderate,49280.0,partial,вверх
1786194763609,command_menu,webrtc_ns_moderate,49360.0,partial,вверх
1786194763609,command_menu,webrtc_ns_moderate,49440.0,partial,вверх
1786194763609,command_menu,webrtc_ns_moderate,49520.0,partial,вверх
1786194763609,command_menu,webrtc_ns_moderate,49600.0,partial,вверх
1786194763609,command_menu,webrtc_ns_moderate,49680.0,partial,вверх
1786194763609,command_menu,webrtc_ns_moderate,49760.0,partial,вверх
1786194763609,command_menu,webrtc_ns_moderate,49840.0,partial,вверх
1786194763609,command_menu,webrtc_ns_moderate,49920.0,partial,вверх
1786194763609,command_menu,webrtc_ns_moderate,50000.0,partial,вверх
1786194763609,command_menu,webrtc_ns_moderate,50080.0,partial,вверх
1786194763609,command_menu,webrtc_ns_moderate,50160.0,endpoint,вверх
1786194763609,command_menu,webrtc_ns_moderate,50640.0,partial,вниз
1786194763609,command_menu,webrtc_ns_moderate,50720.0,partial,вниз
1786194763609,command_menu,webrtc_ns_moderate,50800.0,partial,вниз
1786194763609,command_menu,webrtc_ns_moderate,50880.0,partial,вниз
1786194763609,command_menu,webrtc_ns_moderate,50960.0,partial,вниз
1786194763609,command_menu,webrtc_ns_moderate,51040.0,partial,вниз
1786194763609,command_menu,webrtc_ns_moderate,51120.0,partial,вниз
1786194763609,command_menu,webrtc_ns_moderate,51200.0,partial,вниз
1786194763609,command_menu,webrtc_ns_moderate,51280.0,partial,вниз
1786194763609,command_menu,webrtc_ns_moderate,51360.0,partial,вниз
1786194763609,command_menu,webrtc_ns_moderate,51440.0,partial,вниз
1786194763609,command_menu,webrtc_ns_moderate,51520.0,partial,вниз
1786194763609,command_menu,webrtc_ns_moderate,51600.0,partial,вниз вниз
1786194763609,command_menu,webrtc_ns_moderate,51680.0,partial,вниз вниз
1786194763609,command_menu,webrtc_ns_moderate,51760.0,partial,вниз вниз
1786194763609,command_menu,webrtc_ns_moderate,51840.0,partial,вниз вниз
1786194763609,command_menu,webrtc_ns_moderate,51920.0,partial,вниз вниз
1786194763609,command_menu,webrtc_ns_moderate,52000.0,partial,вниз вниз
1786194763609,command_menu,webrtc_ns_moderate,52080.0,partial,вниз вниз
1786194763609,command_menu,webrtc_ns_moderate,52160.0,partial,вниз вниз
1786194763609,command_menu,webrtc_ns_moderate,52240.0,partial,вниз вниз
1786194763609,command_menu,webrtc_ns_moderate,52320.0,partial,вниз вниз
1786194763609,command_menu,webrtc_ns_moderate,52400.0,partial,вниз вниз
1786194763609,command_menu,webrtc_ns_moderate,52480.0,partial,вниз вниз
1786194763609,command_menu,webrtc_ns_moderate,52560.0,partial,вниз вниз
1786194763609,command_menu,webrtc_ns_moderate,52640.0,partial,вниз вниз
1786194763609,command_menu,webrtc_ns_moderate,52720.0,partial,вниз вниз
1786194763609,command_menu,webrtc_ns_moderate,52800.0,partial,вниз вниз
1786194763609,command_menu,webrtc_ns_moderate,52880.0,partial,вниз вниз
1786194763609,command_menu,webrtc_ns_moderate,52960.0,partial,вниз вниз
1786194763609,command_menu,webrtc_ns_moderate,53040.0,partial,вниз вниз вниз
1786194763609,command_menu,webrtc_ns_moderate,53120.0,partial,вниз вниз вниз
1786194763609,command_menu,webrtc_ns_moderate,53200.0,partial,вниз вниз вниз
1786194763609,command_menu,webrtc_ns_moderate,53280.0,partial,вниз вниз вниз
1786194763609,command_menu,webrtc_ns_moderate,53360.0,partial,вниз вниз вниз
1786194763609,command_menu,webrtc_ns_moderate,53440.0,partial,вниз вниз вниз
1786194763609,command_menu,webrtc_ns_moderate,53520.0,partial,вниз вниз вниз
1786194763609,command_menu,webrtc_ns_moderate,53600.0,partial,вниз вниз вниз
1786194763609,command_menu,webrtc_ns_moderate,53680.0,partial,вниз вниз вниз
1786194763609,command_menu,webrtc_ns_moderate,53760.0,partial,вниз вниз вниз
1786194763609,command_menu,webrtc_ns_moderate,53840.0,partial,вниз вниз вниз
1786194763609,command_menu,webrtc_ns_moderate,53920.0,partial,вниз вниз вниз
1786194763609,command_menu,webrtc_ns_moderate,54000.0,endpoint,вниз вниз вниз
1786194763609,command_menu,webrtc_ns_moderate,54960.0,partial,доступность
1786194763609,command_menu,webrtc_ns_moderate,55040.0,partial,доступность
1786194763609,command_menu,webrtc_ns_moderate,55120.0,partial,доступность
1786194763609,command_menu,webrtc_ns_moderate,55200.0,partial,доступность
1786194763609,command_menu,webrtc_ns_moderate,55280.0,partial,доступность
1786194763609,command_menu,webrtc_ns_moderate,55360.0,partial,доступность
1786194763609,command_menu,webrtc_ns_moderate,55440.0,partial,вверх
1786194763609,command_menu,webrtc_ns_moderate,55520.0,partial,вверх
1786194763609,command_menu,webrtc_ns_moderate,55600.0,partial,вверх
1786194763609,command_menu,webrtc_ns_moderate,55680.0,partial,вверх
1786194763609,command_menu,webrtc_ns_moderate,55760.0,partial,вверх
1786194763609,command_menu,webrtc_ns_moderate,55840.0,partial,вверх
1786194763609,command_menu,webrtc_ns_moderate,55920.0,partial,вверх
1786194763609,command_menu,webrtc_ns_moderate,56000.0,partial,вверх
1786194763609,command_menu,webrtc_ns_moderate,56080.0,partial,вверх
1786194763609,command_menu,webrtc_ns_moderate,56160.0,partial,вверх
1786194763609,command_menu,webrtc_ns_moderate,56240.0,partial,вверх
1786194763609,command_menu,webrtc_ns_moderate,56320.0,partial,вверх
1786194763609,command_menu,webrtc_ns_moderate,56400.0,endpoint,вверх
1786194763609,command_menu,webrtc_ns_moderate,58320.0,partial,печать
1786194763609,command_menu,webrtc_ns_moderate,58400.0,partial,печать
1786194763609,command_menu,webrtc_ns_moderate,58480.0,partial,печать
1786194763609,command_menu,webrtc_ns_moderate,58560.0,partial,печать
1786194763609,command_menu,webrtc_ns_moderate,58640.0,partial,печать
1786194763609,command_menu,webrtc_ns_moderate,58720.0,partial,печать
1786194763609,command_menu,webrtc_ns_moderate,58800.0,partial,печать
1786194763609,command_menu,webrtc_ns_moderate,58880.0,partial,печать
1786194763609,command_menu,webrtc_ns_moderate,58960.0,partial,печать
1786194763609,command_menu,webrtc_ns_moderate,59040.0,partial,печать
1786194763609,command_menu,webrtc_ns_moderate,59120.0,partial,печать
1786194763609,command_menu,webrtc_ns_moderate,59200.0,partial,печать
1786194763609,command_menu,webrtc_ns_moderate,59280.0,partial,печать
1786194763609,command_menu,webrtc_ns_moderate,59360.0,partial,печать
1786194763609,command_menu,webrtc_ns_moderate,59440.0,partial,печать
1786194763609,command_menu,webrtc_ns_moderate,59520.0,partial,печать
1786194763609,command_menu,webrtc_ns_moderate,59600.0,partial,печать
1786194763609,command_menu,webrtc_ns_moderate,59680.0,partial,печать
1786194763609,command_menu,webrtc_ns_moderate,59760.0,partial,печать
1786194763609,command_menu,webrtc_ns_moderate,59840.0,partial,печать
1786194763609,command_menu,webrtc_ns_moderate,59920.0,partial,печать
1786194763609,command_menu,webrtc_ns_moderate,60000.0,partial,печать
1786194763609,command_menu,webrtc_ns_moderate,60080.0,partial,печать
1786194763609,command_menu,webrtc_ns_moderate,60160.0,partial,печать
1786194763609,command_menu,webrtc_ns_moderate,60240.0,endpoint,печать
1786194763609,command_menu,webrtc_ns_moderate,60720.0,partial,печать
1786194763609,command_menu,webrtc_ns_moderate,60800.0,partial,печать
1786194763609,command_menu,webrtc_ns_moderate,60880.0,partial,печать
1786194763609,command_menu,webrtc_ns_moderate,60960.0,partial,печать
1786194763609,command_menu,webrtc_ns_moderate,61040.0,partial,печать
1786194763609,command_menu,webrtc_ns_moderate,61120.0,partial,печать
1786194763609,command_menu,webrtc_ns_moderate,66000.0,partial,печать
1786194763609,command_menu,webrtc_ns_moderate,66080.0,partial,печать
1786194763609,command_menu,webrtc_ns_moderate,66160.0,partial,печать
1786194763609,command_menu,webrtc_ns_moderate,66240.0,partial,печать
1786194763609,command_menu,webrtc_ns_moderate,66320.0,partial,печать
1786194763609,command_menu,webrtc_ns_moderate,66400.0,partial,печать
1786194763609,command_menu,webrtc_ns_moderate,66480.0,partial,печать
1786194763609,command_menu,webrtc_ns_moderate,66560.0,partial,печать
1786194763609,command_menu,webrtc_ns_moderate,66640.0,partial,печать
1786194763609,command_menu,webrtc_ns_moderate,66720.0,partial,печать
1786194763609,command_menu,webrtc_ns_moderate,66800.0,partial,печать
1786194763609,command_menu,webrtc_ns_moderate,66880.0,partial,печать
1786194763609,command_menu,webrtc_ns_moderate,66960.0,partial,печать
1786194763609,command_menu,webrtc_ns_moderate,67040.0,partial,печать
1786194763609,command_menu,webrtc_ns_moderate,67120.0,partial,печать
1786194763609,command_menu,webrtc_ns_moderate,67200.0,partial,печать
1786194763609,command_menu,webrtc_ns_moderate,67280.0,partial,печать
1786194763609,command_menu,webrtc_ns_moderate,67360.0,partial,печать
1786194763609,command_menu,webrtc_ns_moderate,67440.0,endpoint,печать
1786194763609,command_menu,webrtc_ns_moderate,70800.0,partial,печать
1786194763609,command_menu,webrtc_ns_moderate,70880.0,partial,печать
1786194763609,command_menu,webrtc_ns_moderate,70960.0,partial,печать
1786194763609,command_menu,webrtc_ns_moderate,71040.0,partial,печать
1786194763609,command_menu,webrtc_ns_moderate,71120.0,partial,печать
1786194763609,command_menu,webrtc_ns_moderate,71200.0,partial,печать
1786194763609,command_menu,webrtc_ns_moderate,71280.0,partial,печать
1786194763609,command_menu,webrtc_ns_moderate,71360.0,partial,печать
1786194763609,command_menu,webrtc_ns_moderate,71440.0,partial,печать
1786194763609,command_menu,webrtc_ns_moderate,71520.0,partial,печать
1786194763609,command_menu,webrtc_ns_moderate,71600.0,partial,печать
1786194763609,command_menu,webrtc_ns_moderate,71680.0,partial,печать
1786194763609,command_menu,webrtc_ns_moderate,71760.0,partial,печать
1786194763609,command_menu,webrtc_ns_moderate,71840.0,partial,печать
1786194763609,command_menu,webrtc_ns_moderate,71920.0,partial,печать
1786194763609,command_menu,webrtc_ns_moderate,72000.0,partial,печать
1786194763609,command_menu,webrtc_ns_moderate,72080.0,partial,печать
1786194763609,command_menu,webrtc_ns_moderate,72160.0,partial,печать
1786194763609,command_menu,webrtc_ns_moderate,72240.0,endpoint,печать
1786194763609,command_menu,webrtc_ns_moderate,73200.0,partial,доступность
1786194763609,command_menu,webrtc_ns_moderate,73280.0,partial,доступность
1786194763609,command_menu,webrtc_ns_moderate,73360.0,partial,доступность
1786194763609,command_menu,webrtc_ns_moderate,73440.0,partial,доступность
1786194763609,command_menu,webrtc_ns_moderate,73520.0,partial,доступность
1786194763609,command_menu,webrtc_ns_moderate,73600.0,partial,доступность
1786194763609,command_menu,webrtc_ns_moderate,94800.0,partial,доступность
1786194763609,command_menu,webrtc_ns_moderate,94880.0,partial,доступность
1786194763609,command_menu,webrtc_ns_moderate,94960.0,partial,доступность
1786194763609,command_menu,webrtc_ns_moderate,95040.0,partial,доступность
1786194763609,command_menu,webrtc_ns_moderate,95120.0,partial,доступность
1786194763609,command_menu,webrtc_ns_moderate,95200.0,partial,доступность
1786194763609,command_menu,webrtc_ns_moderate,113520.0,partial,печать
1786194763609,command_menu,webrtc_ns_moderate,113600.0,partial,печать
1786194763609,command_menu,webrtc_ns_moderate,113680.0,partial,печать
1786194763609,command_menu,webrtc_ns_moderate,113760.0,partial,печать
1786194763609,command_menu,webrtc_ns_moderate,113840.0,partial,печать
1786194763609,command_menu,webrtc_ns_moderate,113920.0,partial,печать
1786194763609,command_menu,webrtc_ns_moderate,162000.0,partial,доступность
1786194763609,command_menu,webrtc_ns_moderate,162080.0,partial,доступность
1786194763609,command_menu,webrtc_ns_moderate,162160.0,partial,доступность
1786194763609,command_menu,webrtc_ns_moderate,162240.0,partial,доступность
1786194763609,command_menu,webrtc_ns_moderate,162320.0,partial,доступность
1786194763609,command_menu,webrtc_ns_moderate,162400.0,partial,доступность
1786194763609,free_text,webrtc_ns_moderate,27120.0,partial,вниз вниз
1786194763609,free_text,webrtc_ns_moderate,27200.0,partial,вниз вниз
1786194763609,free_text,webrtc_ns_moderate,27280.0,partial,вниз вниз
1786194763609,free_text,webrtc_ns_moderate,27360.0,partial,вниз вниз
1786194763609,free_text,webrtc_ns_moderate,27440.0,partial,вниз вниз
1786194763609,free_text,webrtc_ns_moderate,27520.0,partial,вниз вниз
1786194763609,free_text,webrtc_ns_moderate,27600.0,partial,вниз вниз вниз
1786194763609,free_text,webrtc_ns_moderate,27680.0,partial,вниз вниз вниз
1786194763609,free_text,webrtc_ns_moderate,27760.0,partial,вниз вниз вниз
1786194763609,free_text,webrtc_ns_moderate,27840.0,partial,вниз вниз вниз
1786194763609,free_text,webrtc_ns_moderate,27920.0,partial,вниз вниз вниз
1786194763609,free_text,webrtc_ns_moderate,28000.0,partial,вниз вниз вниз
1786194763609,free_text,webrtc_ns_moderate,28080.0,partial,вниз вниз вниз
1786194763609,free_text,webrtc_ns_moderate,28160.0,partial,вниз вниз вниз
1786194763609,free_text,webrtc_ns_moderate,28240.0,partial,вниз вниз вниз
1786194763609,free_text,webrtc_ns_moderate,28320.0,partial,вниз вниз вниз
1786194763609,free_text,webrtc_ns_moderate,28400.0,partial,вниз вниз вниз
1786194763609,free_text,webrtc_ns_moderate,28480.0,partial,вниз вниз вниз
1786194763609,free_text,webrtc_ns_moderate,28560.0,partial,вниз вниз вниз
1786194763609,free_text,webrtc_ns_moderate,28640.0,partial,вниз вниз вниз
1786194763609,free_text,webrtc_ns_moderate,28720.0,partial,вниз вниз вниз
1786194763609,free_text,webrtc_ns_moderate,28800.0,partial,вниз вниз вниз
1786194763609,free_text,webrtc_ns_moderate,28880.0,partial,вниз вниз вниз
1786194763609,free_text,webrtc_ns_moderate,28960.0,partial,вниз вниз вниз
1786194763609,free_text,webrtc_ns_moderate,29040.0,endpoint,вниз вниз вниз
1786194763609,free_text,webrtc_ns_moderate,51600.0,partial,верх для для вниз вниз
1786194763609,free_text,webrtc_ns_moderate,51680.0,partial,верх для для вниз вниз
1786194763609,free_text,webrtc_ns_moderate,51760.0,partial,верх для для вниз вниз
1786194763609,free_text,webrtc_ns_moderate,51840.0,partial,верх для для вниз вниз
1786194763609,free_text,webrtc_ns_moderate,51920.0,partial,верх для для вниз вниз
1786194763609,free_text,webrtc_ns_moderate,52000.0,partial,верх для для вниз вниз
1786194763609,free_text,webrtc_ns_moderate,52080.0,endpoint,верх для для вниз вниз
1786194763609,free_text,webrtc_ns_moderate,58800.0,partial,печать
1786194763609,free_text,webrtc_ns_moderate,58880.0,partial,печать
1786194763609,free_text,webrtc_ns_moderate,58960.0,partial,печать
1786194763609,free_text,webrtc_ns_moderate,59040.0,partial,печать
1786194763609,free_text,webrtc_ns_moderate,59120.0,partial,печать
1786194763609,free_text,webrtc_ns_moderate,59200.0,partial,печать
1786194763609,free_text,webrtc_ns_moderate,59280.0,partial,печать
1786194763609,free_text,webrtc_ns_moderate,59360.0,partial,печать
1786194763609,free_text,webrtc_ns_moderate,59440.0,partial,печать
1786194763609,free_text,webrtc_ns_moderate,59520.0,partial,печать
1786194763609,free_text,webrtc_ns_moderate,59600.0,partial,печать
1786194763609,free_text,webrtc_ns_moderate,59680.0,partial,печать
1786194763609,free_text,webrtc_ns_moderate,59760.0,partial,печать
1786194763609,free_text,webrtc_ns_moderate,59840.0,partial,печать
1786194763609,free_text,webrtc_ns_moderate,59920.0,partial,печать
1786194763609,free_text,webrtc_ns_moderate,60000.0,partial,печать
1786194763609,free_text,webrtc_ns_moderate,60080.0,partial,печать
1786194763609,free_text,webrtc_ns_moderate,60160.0,partial,печать
1786194763609,free_text,webrtc_ns_moderate,60240.0,partial,печать
1786194763609,free_text,webrtc_ns_moderate,60320.0,partial,печать
1786194763609,free_text,webrtc_ns_moderate,60400.0,partial,печать
1786194763609,free_text,webrtc_ns_moderate,60480.0,partial,печать
1786194763609,free_text,webrtc_ns_moderate,60560.0,partial,печать
1786194763609,free_text,webrtc_ns_moderate,60640.0,partial,печать
1786194763609,free_text,webrtc_ns_moderate,60720.0,partial,печать
1786194763609,free_text,webrtc_ns_moderate,60800.0,partial,печать
1786194763609,free_text,webrtc_ns_moderate,60880.0,partial,печать
1786194763609,free_text,webrtc_ns_moderate,60960.0,partial,печать
1786194763609,free_text,webrtc_ns_moderate,61040.0,partial,печать
1786194763609,free_text,webrtc_ns_moderate,61120.0,partial,печать
1786194763609,free_text,webrtc_ns_moderate,61200.0,partial,печать белый
1786194763609,free_text,webrtc_ns_moderate,61280.0,partial,печать белый
1786194763609,free_text,webrtc_ns_moderate,61360.0,partial,печать белый
1786194763609,free_text,webrtc_ns_moderate,61440.0,partial,печать белый
1786194763609,free_text,webrtc_ns_moderate,61520.0,partial,печать белый
1786194763609,free_text,webrtc_ns_moderate,61600.0,partial,печать белый
1786194763609,free_text,webrtc_ns_moderate,61680.0,partial,печать белый
1786194763609,free_text,webrtc_ns_moderate,61760.0,partial,печать белый
1786194763609,free_text,webrtc_ns_moderate,61840.0,partial,печать белый
1786194763609,free_text,webrtc_ns_moderate,61920.0,partial,печать белый
1786194763609,free_text,webrtc_ns_moderate,62000.0,partial,печать белый
1786194763609,free_text,webrtc_ns_moderate,62080.0,partial,печать белый
1786194763609,free_text,webrtc_ns_moderate,62160.0,partial,печать белый
1786194763609,free_text,webrtc_ns_moderate,62240.0,partial,печать белый
1786194763609,free_text,webrtc_ns_moderate,62320.0,partial,печать белый
1786194763609,free_text,webrtc_ns_moderate,62400.0,partial,печать белый
1786194763609,free_text,webrtc_ns_moderate,62480.0,partial,печать белый
1786194763609,free_text,webrtc_ns_moderate,62560.0,partial,печать белый
1786194763609,free_text,webrtc_ns_moderate,62640.0,partial,печать белый
1786194763609,free_text,webrtc_ns_moderate,62720.0,partial,печать белый
1786194763609,free_text,webrtc_ns_moderate,62800.0,partial,печать белый
1786194763609,free_text,webrtc_ns_moderate,62880.0,partial,печать белый
1786194763609,free_text,webrtc_ns_moderate,62960.0,partial,печать белый
1786194763609,free_text,webrtc_ns_moderate,63040.0,partial,печать белый
1786194763609,free_text,webrtc_ns_moderate,63120.0,partial,печать белый
1786194763609,free_text,webrtc_ns_moderate,63200.0,partial,печать белый
1786194763609,free_text,webrtc_ns_moderate,63280.0,partial,печать белый
1786194763609,free_text,webrtc_ns_moderate,63360.0,partial,печать белый
1786194763609,free_text,webrtc_ns_moderate,63440.0,partial,печать белый
1786194763609,free_text,webrtc_ns_moderate,63520.0,partial,печать белый
1786194763609,free_text,webrtc_ns_moderate,63600.0,partial,печать белый воротничок
1786194763609,free_text,webrtc_ns_moderate,63680.0,partial,печать белый воротничок
1786194763609,free_text,webrtc_ns_moderate,63760.0,partial,печать белый воротничок
1786194763609,free_text,webrtc_ns_moderate,63840.0,partial,печать белый воротничок
1786194763609,free_text,webrtc_ns_moderate,63920.0,partial,печать белый воротничок
1786194763609,free_text,webrtc_ns_moderate,64000.0,partial,печать белый воротничок
1786194763609,free_text,webrtc_ns_moderate,64080.0,endpoint,печать белый года
1786194763609,free_text,webrtc_ns_moderate,95280.0,partial,белый
1786194763609,free_text,webrtc_ns_moderate,95360.0,partial,белый
1786194763609,free_text,webrtc_ns_moderate,95440.0,partial,белый
1786194763609,free_text,webrtc_ns_moderate,95520.0,partial,белый
1786194763609,free_text,webrtc_ns_moderate,95600.0,partial,белый
1786194763609,free_text,webrtc_ns_moderate,95680.0,partial,белый
1786194763609,free_text,webrtc_ns_moderate,95760.0,partial,белый
1786194763609,free_text,webrtc_ns_moderate,95840.0,partial,белый
1786194763609,free_text,webrtc_ns_moderate,95920.0,partial,белый
1786194763609,free_text,webrtc_ns_moderate,96000.0,partial,белый
1786194763609,free_text,webrtc_ns_moderate,96080.0,partial,белый
1786194763609,free_text,webrtc_ns_moderate,96160.0,partial,белый
1786194763609,free_text,webrtc_ns_moderate,96240.0,partial,белый
1786194763609,free_text,webrtc_ns_moderate,96320.0,partial,белый
1786194763609,free_text,webrtc_ns_moderate,96400.0,partial,белый
1786194763609,free_text,webrtc_ns_moderate,96480.0,partial,белый
1786194763609,free_text,webrtc_ns_moderate,96560.0,partial,белый
1786194763609,free_text,webrtc_ns_moderate,96640.0,partial,белый
1786194763609,free_text,webrtc_ns_moderate,96720.0,partial,белый
1786194763609,free_text,webrtc_ns_moderate,96800.0,partial,белый
1786194763609,free_text,webrtc_ns_moderate,96880.0,partial,белый
1786194763609,free_text,webrtc_ns_moderate,96960.0,partial,белый
1786194763609,free_text,webrtc_ns_moderate,97040.0,partial,белый
1786194763609,free_text,webrtc_ns_moderate,97120.0,partial,белый
1786194763609,free_text,webrtc_ns_moderate,97200.0,partial,белый
1786194763609,free_text,webrtc_ns_moderate,97280.0,partial,белый
1786194763609,free_text,webrtc_ns_moderate,97360.0,partial,белый
1786194763609,free_text,webrtc_ns_moderate,97440.0,partial,белый
1786194763609,free_text,webrtc_ns_moderate,97520.0,partial,белый
1786194763609,free_text,webrtc_ns_moderate,97600.0,partial,белый
1786194763609,free_text,webrtc_ns_moderate,97680.0,endpoint,белый
1786194763609,command_menu,webrtc_ns_high,24240.0,partial,вверх
1786194763609,command_menu,webrtc_ns_high,24320.0,partial,вверх
1786194763609,command_menu,webrtc_ns_high,24400.0,partial,вверх
1786194763609,command_menu,webrtc_ns_high,24480.0,partial,вверх
1786194763609,command_menu,webrtc_ns_high,24560.0,partial,вверх
1786194763609,command_menu,webrtc_ns_high,24640.0,partial,вверх
1786194763609,command_menu,webrtc_ns_high,24720.0,partial,вверх
1786194763609,command_menu,webrtc_ns_high,24800.0,partial,вверх
1786194763609,command_menu,webrtc_ns_high,24880.0,partial,вверх
1786194763609,command_menu,webrtc_ns_high,24960.0,partial,вверх
1786194763609,command_menu,webrtc_ns_high,25040.0,partial,вверх
1786194763609,command_menu,webrtc_ns_high,25120.0,partial,вверх
1786194763609,command_menu,webrtc_ns_high,25200.0,endpoint,вверх
1786194763609,command_menu,webrtc_ns_high,25680.0,partial,вниз
1786194763609,command_menu,webrtc_ns_high,25760.0,partial,вниз
1786194763609,command_menu,webrtc_ns_high,25840.0,partial,вниз
1786194763609,command_menu,webrtc_ns_high,25920.0,partial,вниз
1786194763609,command_menu,webrtc_ns_high,26000.0,partial,вниз
1786194763609,command_menu,webrtc_ns_high,26080.0,partial,вниз
1786194763609,command_menu,webrtc_ns_high,26160.0,partial,вниз
1786194763609,command_menu,webrtc_ns_high,26240.0,partial,вниз
1786194763609,command_menu,webrtc_ns_high,26320.0,partial,вниз
1786194763609,command_menu,webrtc_ns_high,26400.0,partial,вниз
1786194763609,command_menu,webrtc_ns_high,26480.0,partial,вниз
1786194763609,command_menu,webrtc_ns_high,26560.0,partial,вниз
1786194763609,command_menu,webrtc_ns_high,26640.0,endpoint,вниз
1786194763609,command_menu,webrtc_ns_high,28080.0,partial,вниз
1786194763609,command_menu,webrtc_ns_high,28160.0,partial,вниз
1786194763609,command_menu,webrtc_ns_high,28240.0,partial,вниз
1786194763609,command_menu,webrtc_ns_high,28320.0,partial,вниз
1786194763609,command_menu,webrtc_ns_high,28400.0,partial,вниз
1786194763609,command_menu,webrtc_ns_high,28480.0,partial,вниз
1786194763609,command_menu,webrtc_ns_high,28560.0,partial,вниз
1786194763609,command_menu,webrtc_ns_high,28640.0,partial,вниз
1786194763609,command_menu,webrtc_ns_high,28720.0,partial,вниз
1786194763609,command_menu,webrtc_ns_high,28800.0,partial,вниз
1786194763609,command_menu,webrtc_ns_high,28880.0,partial,вниз
1786194763609,command_menu,webrtc_ns_high,28960.0,partial,вниз
1786194763609,command_menu,webrtc_ns_high,29040.0,endpoint,вниз
1786194763609,command_menu,webrtc_ns_high,46800.0,partial,доступность
1786194763609,command_menu,webrtc_ns_high,46880.0,partial,доступность
1786194763609,command_menu,webrtc_ns_high,46960.0,partial,доступность
1786194763609,command_menu,webrtc_ns_high,47040.0,partial,доступность
1786194763609,command_menu,webrtc_ns_high,47120.0,partial,доступность
1786194763609,command_menu,webrtc_ns_high,47200.0,partial,доступность
1786194763609,command_menu,webrtc_ns_high,47280.0,partial,вверх
1786194763609,command_menu,webrtc_ns_high,47360.0,partial,вверх
1786194763609,command_menu,webrtc_ns_high,47440.0,partial,вверх
1786194763609,command_menu,webrtc_ns_high,47520.0,partial,вверх
1786194763609,command_menu,webrtc_ns_high,47600.0,partial,вверх
1786194763609,command_menu,webrtc_ns_high,47680.0,partial,вверх
1786194763609,command_menu,webrtc_ns_high,47760.0,partial,вверх доступность
1786194763609,command_menu,webrtc_ns_high,47840.0,partial,вверх доступность
1786194763609,command_menu,webrtc_ns_high,47920.0,partial,вверх доступность
1786194763609,command_menu,webrtc_ns_high,48000.0,partial,вверх доступность
1786194763609,command_menu,webrtc_ns_high,48080.0,partial,вверх доступность
1786194763609,command_menu,webrtc_ns_high,48160.0,partial,вверх доступность
1786194763609,command_menu,webrtc_ns_high,48240.0,partial,вверх вверх
1786194763609,command_menu,webrtc_ns_high,48320.0,partial,вверх вверх
1786194763609,command_menu,webrtc_ns_high,48400.0,partial,вверх вверх
1786194763609,command_menu,webrtc_ns_high,48480.0,partial,вверх вверх
1786194763609,command_menu,webrtc_ns_high,48560.0,partial,вверх вверх
1786194763609,command_menu,webrtc_ns_high,48640.0,partial,вверх вверх
1786194763609,command_menu,webrtc_ns_high,48720.0,partial,вверх вверх
1786194763609,command_menu,webrtc_ns_high,48800.0,partial,вверх вверх
1786194763609,command_menu,webrtc_ns_high,48880.0,partial,вверх вверх
1786194763609,command_menu,webrtc_ns_high,48960.0,partial,вверх вверх
1786194763609,command_menu,webrtc_ns_high,49040.0,partial,вверх вверх
1786194763609,command_menu,webrtc_ns_high,49120.0,partial,вверх вверх
1786194763609,command_menu,webrtc_ns_high,49200.0,endpoint,вверх вверх
1786194763609,command_menu,webrtc_ns_high,50640.0,partial,вниз
1786194763609,command_menu,webrtc_ns_high,50720.0,partial,вниз
1786194763609,command_menu,webrtc_ns_high,50800.0,partial,вниз
1786194763609,command_menu,webrtc_ns_high,50880.0,partial,вниз
1786194763609,command_menu,webrtc_ns_high,50960.0,partial,вниз
1786194763609,command_menu,webrtc_ns_high,51040.0,partial,вниз
1786194763609,command_menu,webrtc_ns_high,51120.0,partial,вниз
1786194763609,command_menu,webrtc_ns_high,51200.0,partial,вниз
1786194763609,command_menu,webrtc_ns_high,51280.0,partial,вниз
1786194763609,command_menu,webrtc_ns_high,51360.0,partial,вниз
1786194763609,command_menu,webrtc_ns_high,51440.0,partial,вниз
1786194763609,command_menu,webrtc_ns_high,51520.0,partial,вниз
1786194763609,command_menu,webrtc_ns_high,51600.0,partial,вниз вниз
1786194763609,command_menu,webrtc_ns_high,51680.0,partial,вниз вниз
1786194763609,command_menu,webrtc_ns_high,51760.0,partial,вниз вниз
1786194763609,command_menu,webrtc_ns_high,51840.0,partial,вниз вниз
1786194763609,command_menu,webrtc_ns_high,51920.0,partial,вниз вниз
1786194763609,command_menu,webrtc_ns_high,52000.0,partial,вниз вниз
1786194763609,command_menu,webrtc_ns_high,52080.0,partial,вниз вниз
1786194763609,command_menu,webrtc_ns_high,52160.0,partial,вниз вниз
1786194763609,command_menu,webrtc_ns_high,52240.0,partial,вниз вниз
1786194763609,command_menu,webrtc_ns_high,52320.0,partial,вниз вниз
1786194763609,command_menu,webrtc_ns_high,52400.0,partial,вниз вниз
1786194763609,command_menu,webrtc_ns_high,52480.0,partial,вниз вниз
1786194763609,command_menu,webrtc_ns_high,52560.0,partial,вниз вниз
1786194763609,command_menu,webrtc_ns_high,52640.0,partial,вниз вниз
1786194763609,command_menu,webrtc_ns_high,52720.0,partial,вниз вниз
1786194763609,command_menu,webrtc_ns_high,52800.0,partial,вниз вниз
1786194763609,command_menu,webrtc_ns_high,52880.0,partial,вниз вниз
1786194763609,command_menu,webrtc_ns_high,52960.0,partial,вниз вниз
1786194763609,command_menu,webrtc_ns_high,53040.0,partial,вниз вниз вниз
1786194763609,command_menu,webrtc_ns_high,53120.0,partial,вниз вниз вниз
1786194763609,command_menu,webrtc_ns_high,53200.0,partial,вниз вниз вниз
1786194763609,command_menu,webrtc_ns_high,53280.0,partial,вниз вниз вниз
1786194763609,command_menu,webrtc_ns_high,53360.0,partial,вниз вниз вниз
1786194763609,command_menu,webrtc_ns_high,53440.0,partial,вниз вниз вниз
1786194763609,command_menu,webrtc_ns_high,53520.0,partial,вниз вниз вниз
1786194763609,command_menu,webrtc_ns_high,53600.0,partial,вниз вниз вниз
1786194763609,command_menu,webrtc_ns_high,53680.0,partial,вниз вниз вниз
1786194763609,command_menu,webrtc_ns_high,53760.0,partial,вниз вниз вниз
1786194763609,command_menu,webrtc_ns_high,53840.0,partial,вниз вниз вниз
1786194763609,command_menu,webrtc_ns_high,53920.0,partial,вниз вниз вниз
1786194763609,command_menu,webrtc_ns_high,54000.0,endpoint,вниз вниз вниз
1786194763609,command_menu,webrtc_ns_high,54960.0,partial,доступность
1786194763609,command_menu,webrtc_ns_high,55040.0,partial,доступность
1786194763609,command_menu,webrtc_ns_high,55120.0,partial,доступность
1786194763609,command_menu,webrtc_ns_high,55200.0,partial,доступность
1786194763609,command_menu,webrtc_ns_high,55280.0,partial,доступность
1786194763609,command_menu,webrtc_ns_high,55360.0,partial,доступность
1786194763609,command_menu,webrtc_ns_high,55440.0,partial,вверх
1786194763609,command_menu,webrtc_ns_high,55520.0,partial,вверх
1786194763609,command_menu,webrtc_ns_high,55600.0,partial,вверх
1786194763609,command_menu,webrtc_ns_high,55680.0,partial,вверх
1786194763609,command_menu,webrtc_ns_high,55760.0,partial,вверх
1786194763609,command_menu,webrtc_ns_high,55840.0,partial,вверх
1786194763609,command_menu,webrtc_ns_high,55920.0,partial,вверх
1786194763609,command_menu,webrtc_ns_high,56000.0,partial,вверх
1786194763609,command_menu,webrtc_ns_high,56080.0,partial,вверх
1786194763609,command_menu,webrtc_ns_high,56160.0,partial,вверх
1786194763609,command_menu,webrtc_ns_high,56240.0,partial,вверх
1786194763609,command_menu,webrtc_ns_high,56320.0,partial,вверх
1786194763609,command_menu,webrtc_ns_high,56400.0,endpoint,вверх
1786194763609,command_menu,webrtc_ns_high,58320.0,partial,печать
1786194763609,command_menu,webrtc_ns_high,58400.0,partial,печать
1786194763609,command_menu,webrtc_ns_high,58480.0,partial,печать
1786194763609,command_menu,webrtc_ns_high,58560.0,partial,печать
1786194763609,command_menu,webrtc_ns_high,58640.0,partial,печать
1786194763609,command_menu,webrtc_ns_high,58720.0,partial,печать
1786194763609,command_menu,webrtc_ns_high,58800.0,partial,печать
1786194763609,command_menu,webrtc_ns_high,58880.0,partial,печать
1786194763609,command_menu,webrtc_ns_high,58960.0,partial,печать
1786194763609,command_menu,webrtc_ns_high,59040.0,partial,печать
1786194763609,command_menu,webrtc_ns_high,59120.0,partial,печать
1786194763609,command_menu,webrtc_ns_high,59200.0,partial,печать
1786194763609,command_menu,webrtc_ns_high,59280.0,partial,печать
1786194763609,command_menu,webrtc_ns_high,59360.0,partial,печать
1786194763609,command_menu,webrtc_ns_high,59440.0,partial,печать
1786194763609,command_menu,webrtc_ns_high,59520.0,partial,печать
1786194763609,command_menu,webrtc_ns_high,59600.0,partial,печать
1786194763609,command_menu,webrtc_ns_high,59680.0,partial,печать
1786194763609,command_menu,webrtc_ns_high,59760.0,partial,печать
1786194763609,command_menu,webrtc_ns_high,59840.0,partial,печать
1786194763609,command_menu,webrtc_ns_high,59920.0,partial,печать
1786194763609,command_menu,webrtc_ns_high,60000.0,partial,печать
1786194763609,command_menu,webrtc_ns_high,60080.0,partial,печать
1786194763609,command_menu,webrtc_ns_high,60160.0,partial,печать
1786194763609,command_menu,webrtc_ns_high,60240.0,endpoint,печать
1786194763609,command_menu,webrtc_ns_high,60720.0,partial,печать
1786194763609,command_menu,webrtc_ns_high,60800.0,partial,печать
1786194763609,command_menu,webrtc_ns_high,60880.0,partial,печать
1786194763609,command_menu,webrtc_ns_high,60960.0,partial,печать
1786194763609,command_menu,webrtc_ns_high,61040.0,partial,печать
1786194763609,command_menu,webrtc_ns_high,61120.0,partial,печать
1786194763609,command_menu,webrtc_ns_high,66000.0,partial,печать
1786194763609,command_menu,webrtc_ns_high,66080.0,partial,печать
1786194763609,command_menu,webrtc_ns_high,66160.0,partial,печать
1786194763609,command_menu,webrtc_ns_high,66240.0,partial,печать
1786194763609,command_menu,webrtc_ns_high,66320.0,partial,печать
1786194763609,command_menu,webrtc_ns_high,66400.0,partial,печать
1786194763609,command_menu,webrtc_ns_high,66480.0,partial,печать
1786194763609,command_menu,webrtc_ns_high,66560.0,partial,печать
1786194763609,command_menu,webrtc_ns_high,66640.0,partial,печать
1786194763609,command_menu,webrtc_ns_high,66720.0,partial,печать
1786194763609,command_menu,webrtc_ns_high,66800.0,partial,печать
1786194763609,command_menu,webrtc_ns_high,66880.0,partial,печать
1786194763609,command_menu,webrtc_ns_high,66960.0,partial,печать
1786194763609,command_menu,webrtc_ns_high,67040.0,partial,печать
1786194763609,command_menu,webrtc_ns_high,67120.0,partial,печать
1786194763609,command_menu,webrtc_ns_high,67200.0,partial,печать
1786194763609,command_menu,webrtc_ns_high,67280.0,partial,печать
1786194763609,command_menu,webrtc_ns_high,67360.0,partial,печать
1786194763609,command_menu,webrtc_ns_high,67440.0,endpoint,печать
1786194763609,command_menu,webrtc_ns_high,70800.0,partial,печать
1786194763609,command_menu,webrtc_ns_high,70880.0,partial,печать
1786194763609,command_menu,webrtc_ns_high,70960.0,partial,печать
1786194763609,command_menu,webrtc_ns_high,71040.0,partial,печать
1786194763609,command_menu,webrtc_ns_high,71120.0,partial,печать
1786194763609,command_menu,webrtc_ns_high,71200.0,partial,печать
1786194763609,command_menu,webrtc_ns_high,71280.0,partial,печать
1786194763609,command_menu,webrtc_ns_high,71360.0,partial,печать
1786194763609,command_menu,webrtc_ns_high,71440.0,partial,печать
1786194763609,command_menu,webrtc_ns_high,71520.0,partial,печать
1786194763609,command_menu,webrtc_ns_high,71600.0,partial,печать
1786194763609,command_menu,webrtc_ns_high,71680.0,partial,печать
1786194763609,command_menu,webrtc_ns_high,71760.0,partial,печать
1786194763609,command_menu,webrtc_ns_high,71840.0,partial,печать
1786194763609,command_menu,webrtc_ns_high,71920.0,partial,печать
1786194763609,command_menu,webrtc_ns_high,72000.0,partial,печать
1786194763609,command_menu,webrtc_ns_high,72080.0,partial,печать
1786194763609,command_menu,webrtc_ns_high,72160.0,partial,печать
1786194763609,command_menu,webrtc_ns_high,72240.0,endpoint,печать
1786194763609,command_menu,webrtc_ns_high,73200.0,partial,доступность
1786194763609,command_menu,webrtc_ns_high,73280.0,partial,доступность
1786194763609,command_menu,webrtc_ns_high,73360.0,partial,доступность
1786194763609,command_menu,webrtc_ns_high,73440.0,partial,доступность
1786194763609,command_menu,webrtc_ns_high,73520.0,partial,доступность
1786194763609,command_menu,webrtc_ns_high,73600.0,partial,доступность
1786194763609,command_menu,webrtc_ns_high,94800.0,partial,доступность
1786194763609,command_menu,webrtc_ns_high,94880.0,partial,доступность
1786194763609,command_menu,webrtc_ns_high,94960.0,partial,доступность
1786194763609,command_menu,webrtc_ns_high,95040.0,partial,доступность
1786194763609,command_menu,webrtc_ns_high,95120.0,partial,доступность
1786194763609,command_menu,webrtc_ns_high,95200.0,partial,доступность
1786194763609,command_menu,webrtc_ns_high,113520.0,partial,печать
1786194763609,command_menu,webrtc_ns_high,113600.0,partial,печать
1786194763609,command_menu,webrtc_ns_high,113680.0,partial,печать
1786194763609,command_menu,webrtc_ns_high,113760.0,partial,печать
1786194763609,command_menu,webrtc_ns_high,113840.0,partial,печать
1786194763609,command_menu,webrtc_ns_high,113920.0,partial,печать
1786194763609,command_menu,webrtc_ns_high,162000.0,partial,доступность
1786194763609,command_menu,webrtc_ns_high,162080.0,partial,доступность
1786194763609,command_menu,webrtc_ns_high,162160.0,partial,доступность
1786194763609,command_menu,webrtc_ns_high,162240.0,partial,доступность
1786194763609,command_menu,webrtc_ns_high,162320.0,partial,доступность
1786194763609,command_menu,webrtc_ns_high,162400.0,partial,доступность
1786194763609,free_text,webrtc_ns_high,27600.0,partial,вниз вниз вниз
1786194763609,free_text,webrtc_ns_high,27680.0,partial,вниз вниз вниз
1786194763609,free_text,webrtc_ns_high,27760.0,partial,вниз вниз вниз
1786194763609,free_text,webrtc_ns_high,27840.0,partial,вниз вниз вниз
1786194763609,free_text,webrtc_ns_high,27920.0,partial,вниз вниз вниз
1786194763609,free_text,webrtc_ns_high,28000.0,partial,вниз вниз вниз
1786194763609,free_text,webrtc_ns_high,28080.0,partial,вниз вниз быть
1786194763609,free_text,webrtc_ns_high,28160.0,partial,вниз вниз быть
1786194763609,free_text,webrtc_ns_high,28240.0,partial,вниз вниз быть
1786194763609,free_text,webrtc_ns_high,28320.0,partial,вниз вниз быть
1786194763609,free_text,webrtc_ns_high,28400.0,partial,вниз вниз быть
1786194763609,free_text,webrtc_ns_high,28480.0,partial,вниз вниз быть
1786194763609,free_text,webrtc_ns_high,28560.0,partial,вниз вниз быть
1786194763609,free_text,webrtc_ns_high,28640.0,partial,вниз вниз быть
1786194763609,free_text,webrtc_ns_high,28720.0,partial,вниз вниз быть
1786194763609,free_text,webrtc_ns_high,28800.0,partial,вниз вниз быть
1786194763609,free_text,webrtc_ns_high,28880.0,partial,вниз вниз быть
1786194763609,free_text,webrtc_ns_high,28960.0,partial,вниз вниз быть
1786194763609,free_text,webrtc_ns_high,29040.0,endpoint,вниз вниз вниз
1786194763609,free_text,webrtc_ns_high,52080.0,endpoint,вниз вниз
1786194763609,free_text,webrtc_ns_high,58800.0,partial,як як як печать
1786194763609,free_text,webrtc_ns_high,58880.0,partial,як як як печать
1786194763609,free_text,webrtc_ns_high,58960.0,partial,як як як печать
1786194763609,free_text,webrtc_ns_high,59040.0,partial,як як як печать
1786194763609,free_text,webrtc_ns_high,59120.0,partial,як як як печать
1786194763609,free_text,webrtc_ns_high,59200.0,partial,як як як печать
1786194763609,free_text,webrtc_ns_high,59280.0,partial,як як як печать
1786194763609,free_text,webrtc_ns_high,59360.0,partial,як як як печать
1786194763609,free_text,webrtc_ns_high,59440.0,partial,як як як печать
1786194763609,free_text,webrtc_ns_high,59520.0,partial,як як як печать
1786194763609,free_text,webrtc_ns_high,59600.0,partial,як як як печать
1786194763609,free_text,webrtc_ns_high,59680.0,partial,як як як печать
1786194763609,free_text,webrtc_ns_high,59760.0,partial,як як як печать
1786194763609,free_text,webrtc_ns_high,59840.0,partial,як як як печать
1786194763609,free_text,webrtc_ns_high,59920.0,partial,як як як печать
1786194763609,free_text,webrtc_ns_high,60000.0,partial,як як як печать
1786194763609,free_text,webrtc_ns_high,60080.0,partial,як як як печать
1786194763609,free_text,webrtc_ns_high,60160.0,partial,як як як печать
1786194763609,free_text,webrtc_ns_high,60240.0,partial,як як як печать
1786194763609,free_text,webrtc_ns_high,60320.0,partial,як як як печать
1786194763609,free_text,webrtc_ns_high,60400.0,partial,як як як печать
1786194763609,free_text,webrtc_ns_high,60480.0,partial,як як як печать
1786194763609,free_text,webrtc_ns_high,60560.0,partial,як як як печать
1786194763609,free_text,webrtc_ns_high,60640.0,partial,як як як печать
1786194763609,free_text,webrtc_ns_high,60720.0,partial,як як як печать
1786194763609,free_text,webrtc_ns_high,60800.0,partial,як як як печать
1786194763609,free_text,webrtc_ns_high,60880.0,partial,як як як печать
1786194763609,free_text,webrtc_ns_high,60960.0,partial,як як як печать
1786194763609,free_text,webrtc_ns_high,61040.0,partial,як як як печать
1786194763609,free_text,webrtc_ns_high,61120.0,partial,як як як печать
1786194763609,free_text,webrtc_ns_high,61200.0,partial,як як як печать белый
1786194763609,free_text,webrtc_ns_high,61280.0,partial,як як як печать белый
1786194763609,free_text,webrtc_ns_high,61360.0,partial,як як як печать белый
1786194763609,free_text,webrtc_ns_high,61440.0,partial,як як як печать белый
1786194763609,free_text,webrtc_ns_high,61520.0,partial,як як як печать белый
1786194763609,free_text,webrtc_ns_high,61600.0,partial,як як як печать белый
1786194763609,free_text,webrtc_ns_high,61680.0,partial,як як як печать белый
1786194763609,free_text,webrtc_ns_high,61760.0,partial,як як як печать белый
1786194763609,free_text,webrtc_ns_high,61840.0,partial,як як як печать белый
1786194763609,free_text,webrtc_ns_high,61920.0,partial,як як як печать белый
1786194763609,free_text,webrtc_ns_high,62000.0,partial,як як як печать белый
1786194763609,free_text,webrtc_ns_high,62080.0,partial,як як як печать белый
1786194763609,free_text,webrtc_ns_high,62160.0,partial,як як як печать белый
1786194763609,free_text,webrtc_ns_high,62240.0,partial,як як як печать белый
1786194763609,free_text,webrtc_ns_high,62320.0,partial,як як як печать белый
1786194763609,free_text,webrtc_ns_high,62400.0,partial,як як як печать белый
1786194763609,free_text,webrtc_ns_high,62480.0,partial,як як як печать белый
1786194763609,free_text,webrtc_ns_high,62560.0,partial,як як як печать белый
1786194763609,free_text,webrtc_ns_high,62640.0,partial,як як як печать белый
1786194763609,free_text,webrtc_ns_high,62720.0,partial,як як як печать белый
1786194763609,free_text,webrtc_ns_high,62800.0,partial,як як як печать белый
1786194763609,free_text,webrtc_ns_high,62880.0,partial,як як як печать белый
1786194763609,free_text,webrtc_ns_high,62960.0,partial,як як як печать белый
1786194763609,free_text,webrtc_ns_high,63040.0,partial,як як як печать белый
1786194763609,free_text,webrtc_ns_high,63120.0,partial,як як як печать белый
1786194763609,free_text,webrtc_ns_high,63200.0,partial,як як як печать белый
1786194763609,free_text,webrtc_ns_high,63280.0,partial,як як як печать белый
1786194763609,free_text,webrtc_ns_high,63360.0,partial,як як як печать белый
1786194763609,free_text,webrtc_ns_high,63440.0,partial,як як як печать белый
1786194763609,free_text,webrtc_ns_high,63520.0,partial,як як як печать белый
1786194763609,free_text,webrtc_ns_high,63600.0,partial,як як як печать белый воротничок
1786194763609,free_text,webrtc_ns_high,63680.0,partial,як як як печать белый воротничок
1786194763609,free_text,webrtc_ns_high,63760.0,partial,як як як печать белый воротничок
1786194763609,free_text,webrtc_ns_high,63840.0,partial,як як як печать белый воротничок
1786194763609,free_text,webrtc_ns_high,63920.0,partial,як як як печать белый воротничок
1786194763609,free_text,webrtc_ns_high,64000.0,partial,як як як печать белый воротничок
1786194763609,free_text,webrtc_ns_high,64080.0,endpoint,як як як печать белый года
1786194763609,free_text,webrtc_ns_high,73200.0,partial,пять лет назад
1786194763609,free_text,webrtc_ns_high,73280.0,partial,пять лет назад
1786194763609,free_text,webrtc_ns_high,73360.0,partial,пять лет назад
1786194763609,free_text,webrtc_ns_high,73440.0,partial,пять лет назад
1786194763609,free_text,webrtc_ns_high,73520.0,partial,пять лет назад
1786194763609,free_text,webrtc_ns_high,73600.0,partial,пять лет назад
1786194763609,free_text,webrtc_ns_high,95280.0,partial,белый
1786194763609,free_text,webrtc_ns_high,95360.0,partial,белый
1786194763609,free_text,webrtc_ns_high,95440.0,partial,белый
1786194763609,free_text,webrtc_ns_high,95520.0,partial,белый
1786194763609,free_text,webrtc_ns_high,95600.0,partial,белый
1786194763609,free_text,webrtc_ns_high,95680.0,partial,белый
1786194763609,free_text,webrtc_ns_high,95760.0,partial,белый
1786194763609,free_text,webrtc_ns_high,95840.0,partial,белый
1786194763609,free_text,webrtc_ns_high,95920.0,partial,белый
1786194763609,free_text,webrtc_ns_high,96000.0,partial,белый
1786194763609,free_text,webrtc_ns_high,96080.0,partial,белый
1786194763609,free_text,webrtc_ns_high,96160.0,partial,белый
1786194763609,free_text,webrtc_ns_high,96240.0,partial,белый
1786194763609,free_text,webrtc_ns_high,96320.0,partial,белый
1786194763609,free_text,webrtc_ns_high,96400.0,partial,белый
1786194763609,free_text,webrtc_ns_high,96480.0,partial,белый
1786194763609,free_text,webrtc_ns_high,96560.0,partial,белый
1786194763609,free_text,webrtc_ns_high,96640.0,partial,белый
1786194763609,free_text,webrtc_ns_high,96720.0,partial,белый
1786194763609,free_text,webrtc_ns_high,96800.0,partial,белый
1786194763609,free_text,webrtc_ns_high,96880.0,partial,белый
1786194763609,free_text,webrtc_ns_high,96960.0,partial,белый
1786194763609,free_text,webrtc_ns_high,97040.0,partial,белый
1786194763609,free_text,webrtc_ns_high,97120.0,partial,белый
1786194763609,free_text,webrtc_ns_high,97200.0,partial,белый
1786194763609,free_text,webrtc_ns_high,97280.0,partial,белый
1786194763609,free_text,webrtc_ns_high,97360.0,partial,белый
1786194763609,free_text,webrtc_ns_high,97440.0,partial,белый
1786194763609,free_text,webrtc_ns_high,97520.0,partial,белый
1786194763609,free_text,webrtc_ns_high,97600.0,partial,белый
1786194763609,free_text,webrtc_ns_high,97680.0,endpoint,белый
1786194763609,command_menu,webrtc_ns_very_high,20400.0,endpoint,вверх
1786194763609,command_menu,webrtc_ns_very_high,25680.0,partial,вниз
1786194763609,command_menu,webrtc_ns_very_high,25760.0,partial,вниз
1786194763609,command_menu,webrtc_ns_very_high,25840.0,partial,вниз
1786194763609,command_menu,webrtc_ns_very_high,25920.0,partial,вниз
1786194763609,command_menu,webrtc_ns_very_high,26000.0,partial,вниз
1786194763609,command_menu,webrtc_ns_very_high,26080.0,partial,вниз
1786194763609,command_menu,webrtc_ns_very_high,26160.0,partial,вниз
1786194763609,command_menu,webrtc_ns_very_high,26240.0,partial,вниз
1786194763609,command_menu,webrtc_ns_very_high,26320.0,partial,вниз
1786194763609,command_menu,webrtc_ns_very_high,26400.0,partial,вниз
1786194763609,command_menu,webrtc_ns_very_high,26480.0,partial,вниз
1786194763609,command_menu,webrtc_ns_very_high,26560.0,partial,вниз
1786194763609,command_menu,webrtc_ns_very_high,26640.0,endpoint,вниз
1786194763609,command_menu,webrtc_ns_very_high,28080.0,partial,вниз
1786194763609,command_menu,webrtc_ns_very_high,28160.0,partial,вниз
1786194763609,command_menu,webrtc_ns_very_high,28240.0,partial,вниз
1786194763609,command_menu,webrtc_ns_very_high,28320.0,partial,вниз
1786194763609,command_menu,webrtc_ns_very_high,28400.0,partial,вниз
1786194763609,command_menu,webrtc_ns_very_high,28480.0,partial,вниз
1786194763609,command_menu,webrtc_ns_very_high,28560.0,partial,вниз
1786194763609,command_menu,webrtc_ns_very_high,28640.0,partial,вниз
1786194763609,command_menu,webrtc_ns_very_high,28720.0,partial,вниз
1786194763609,command_menu,webrtc_ns_very_high,28800.0,partial,вниз
1786194763609,command_menu,webrtc_ns_very_high,28880.0,partial,вниз
1786194763609,command_menu,webrtc_ns_very_high,28960.0,partial,вниз
1786194763609,command_menu,webrtc_ns_very_high,29040.0,endpoint,вниз
1786194763609,command_menu,webrtc_ns_very_high,46800.0,partial,доступность
1786194763609,command_menu,webrtc_ns_very_high,46880.0,partial,доступность
1786194763609,command_menu,webrtc_ns_very_high,46960.0,partial,доступность
1786194763609,command_menu,webrtc_ns_very_high,47040.0,partial,доступность
1786194763609,command_menu,webrtc_ns_very_high,47120.0,partial,доступность
1786194763609,command_menu,webrtc_ns_very_high,47200.0,partial,доступность
1786194763609,command_menu,webrtc_ns_very_high,47280.0,partial,вверх
1786194763609,command_menu,webrtc_ns_very_high,47360.0,partial,вверх
1786194763609,command_menu,webrtc_ns_very_high,47440.0,partial,вверх
1786194763609,command_menu,webrtc_ns_very_high,47520.0,partial,вверх
1786194763609,command_menu,webrtc_ns_very_high,47600.0,partial,вверх
1786194763609,command_menu,webrtc_ns_very_high,47680.0,partial,вверх
1786194763609,command_menu,webrtc_ns_very_high,47760.0,partial,вверх доступность
1786194763609,command_menu,webrtc_ns_very_high,47840.0,partial,вверх доступность
1786194763609,command_menu,webrtc_ns_very_high,47920.0,partial,вверх доступность
1786194763609,command_menu,webrtc_ns_very_high,48000.0,partial,вверх доступность
1786194763609,command_menu,webrtc_ns_very_high,48080.0,partial,вверх доступность
1786194763609,command_menu,webrtc_ns_very_high,48160.0,partial,вверх доступность
1786194763609,command_menu,webrtc_ns_very_high,48240.0,endpoint,вверх
1786194763609,command_menu,webrtc_ns_very_high,50640.0,partial,вниз
1786194763609,command_menu,webrtc_ns_very_high,50720.0,partial,вниз
1786194763609,command_menu,webrtc_ns_very_high,50800.0,partial,вниз
1786194763609,command_menu,webrtc_ns_very_high,50880.0,partial,вниз
1786194763609,command_menu,webrtc_ns_very_high,50960.0,partial,вниз
1786194763609,command_menu,webrtc_ns_very_high,51040.0,partial,вниз
1786194763609,command_menu,webrtc_ns_very_high,51120.0,partial,вниз
1786194763609,command_menu,webrtc_ns_very_high,51200.0,partial,вниз
1786194763609,command_menu,webrtc_ns_very_high,51280.0,partial,вниз
1786194763609,command_menu,webrtc_ns_very_high,51360.0,partial,вниз
1786194763609,command_menu,webrtc_ns_very_high,51440.0,partial,вниз
1786194763609,command_menu,webrtc_ns_very_high,51520.0,partial,вниз
1786194763609,command_menu,webrtc_ns_very_high,51600.0,partial,вниз вниз
1786194763609,command_menu,webrtc_ns_very_high,51680.0,partial,вниз вниз
1786194763609,command_menu,webrtc_ns_very_high,51760.0,partial,вниз вниз
1786194763609,command_menu,webrtc_ns_very_high,51840.0,partial,вниз вниз
1786194763609,command_menu,webrtc_ns_very_high,51920.0,partial,вниз вниз
1786194763609,command_menu,webrtc_ns_very_high,52000.0,partial,вниз вниз
1786194763609,command_menu,webrtc_ns_very_high,52080.0,partial,вниз вниз
1786194763609,command_menu,webrtc_ns_very_high,52160.0,partial,вниз вниз
1786194763609,command_menu,webrtc_ns_very_high,52240.0,partial,вниз вниз
1786194763609,command_menu,webrtc_ns_very_high,52320.0,partial,вниз вниз
1786194763609,command_menu,webrtc_ns_very_high,52400.0,partial,вниз вниз
1786194763609,command_menu,webrtc_ns_very_high,52480.0,partial,вниз вниз
1786194763609,command_menu,webrtc_ns_very_high,52560.0,partial,вниз вниз
1786194763609,command_menu,webrtc_ns_very_high,52640.0,partial,вниз вниз
1786194763609,command_menu,webrtc_ns_very_high,52720.0,partial,вниз вниз
1786194763609,command_menu,webrtc_ns_very_high,52800.0,partial,вниз вниз
1786194763609,command_menu,webrtc_ns_very_high,52880.0,partial,вниз вниз
1786194763609,command_menu,webrtc_ns_very_high,52960.0,partial,вниз вниз
1786194763609,command_menu,webrtc_ns_very_high,53040.0,partial,вниз вниз вниз
1786194763609,command_menu,webrtc_ns_very_high,53120.0,partial,вниз вниз вниз
1786194763609,command_menu,webrtc_ns_very_high,53200.0,partial,вниз вниз вниз
1786194763609,command_menu,webrtc_ns_very_high,53280.0,partial,вниз вниз вниз
1786194763609,command_menu,webrtc_ns_very_high,53360.0,partial,вниз вниз вниз
1786194763609,command_menu,webrtc_ns_very_high,53440.0,partial,вниз вниз вниз
1786194763609,command_menu,webrtc_ns_very_high,53520.0,partial,вниз вниз вниз
1786194763609,command_menu,webrtc_ns_very_high,53600.0,partial,вниз вниз вниз
1786194763609,command_menu,webrtc_ns_very_high,53680.0,partial,вниз вниз вниз
1786194763609,command_menu,webrtc_ns_very_high,53760.0,partial,вниз вниз вниз
1786194763609,command_menu,webrtc_ns_very_high,53840.0,partial,вниз вниз вниз
1786194763609,command_menu,webrtc_ns_very_high,53920.0,partial,вниз вниз вниз
1786194763609,command_menu,webrtc_ns_very_high,54000.0,endpoint,вниз вниз вниз
1786194763609,command_menu,webrtc_ns_very_high,54960.0,partial,доступность
1786194763609,command_menu,webrtc_ns_very_high,55040.0,partial,доступность
1786194763609,command_menu,webrtc_ns_very_high,55120.0,partial,доступность
1786194763609,command_menu,webrtc_ns_very_high,55200.0,partial,доступность
1786194763609,command_menu,webrtc_ns_very_high,55280.0,partial,доступность
1786194763609,command_menu,webrtc_ns_very_high,55360.0,partial,доступность
1786194763609,command_menu,webrtc_ns_very_high,55440.0,partial,вверх
1786194763609,command_menu,webrtc_ns_very_high,55520.0,partial,вверх
1786194763609,command_menu,webrtc_ns_very_high,55600.0,partial,вверх
1786194763609,command_menu,webrtc_ns_very_high,55680.0,partial,вверх
1786194763609,command_menu,webrtc_ns_very_high,55760.0,partial,вверх
1786194763609,command_menu,webrtc_ns_very_high,55840.0,partial,вверх
1786194763609,command_menu,webrtc_ns_very_high,55920.0,partial,вверх
1786194763609,command_menu,webrtc_ns_very_high,56000.0,partial,вверх
1786194763609,command_menu,webrtc_ns_very_high,56080.0,partial,вверх
1786194763609,command_menu,webrtc_ns_very_high,56160.0,partial,вверх
1786194763609,command_menu,webrtc_ns_very_high,56240.0,partial,вверх
1786194763609,command_menu,webrtc_ns_very_high,56320.0,partial,вверх
1786194763609,command_menu,webrtc_ns_very_high,56400.0,endpoint,вверх
1786194763609,command_menu,webrtc_ns_very_high,58320.0,partial,печать
1786194763609,command_menu,webrtc_ns_very_high,58400.0,partial,печать
1786194763609,command_menu,webrtc_ns_very_high,58480.0,partial,печать
1786194763609,command_menu,webrtc_ns_very_high,58560.0,partial,печать
1786194763609,command_menu,webrtc_ns_very_high,58640.0,partial,печать
1786194763609,command_menu,webrtc_ns_very_high,58720.0,partial,печать
1786194763609,command_menu,webrtc_ns_very_high,58800.0,partial,печать
1786194763609,command_menu,webrtc_ns_very_high,58880.0,partial,печать
1786194763609,command_menu,webrtc_ns_very_high,58960.0,partial,печать
1786194763609,command_menu,webrtc_ns_very_high,59040.0,partial,печать
1786194763609,command_menu,webrtc_ns_very_high,59120.0,partial,печать
1786194763609,command_menu,webrtc_ns_very_high,59200.0,partial,печать
1786194763609,command_menu,webrtc_ns_very_high,59280.0,partial,печать
1786194763609,command_menu,webrtc_ns_very_high,59360.0,partial,печать
1786194763609,command_menu,webrtc_ns_very_high,59440.0,partial,печать
1786194763609,command_menu,webrtc_ns_very_high,59520.0,partial,печать
1786194763609,command_menu,webrtc_ns_very_high,59600.0,partial,печать
1786194763609,command_menu,webrtc_ns_very_high,59680.0,partial,печать
1786194763609,command_menu,webrtc_ns_very_high,59760.0,partial,печать
1786194763609,command_menu,webrtc_ns_very_high,59840.0,partial,печать
1786194763609,command_menu,webrtc_ns_very_high,59920.0,partial,печать
1786194763609,command_menu,webrtc_ns_very_high,60000.0,partial,печать
1786194763609,command_menu,webrtc_ns_very_high,60080.0,partial,печать
1786194763609,command_menu,webrtc_ns_very_high,60160.0,partial,печать
1786194763609,command_menu,webrtc_ns_very_high,60240.0,endpoint,печать
1786194763609,command_menu,webrtc_ns_very_high,60720.0,partial,печать
1786194763609,command_menu,webrtc_ns_very_high,60800.0,partial,печать
1786194763609,command_menu,webrtc_ns_very_high,60880.0,partial,печать
1786194763609,command_menu,webrtc_ns_very_high,60960.0,partial,печать
1786194763609,command_menu,webrtc_ns_very_high,61040.0,partial,печать
1786194763609,command_menu,webrtc_ns_very_high,61120.0,partial,печать
1786194763609,command_menu,webrtc_ns_very_high,65520.0,partial,доступность
1786194763609,command_menu,webrtc_ns_very_high,65600.0,partial,доступность
1786194763609,command_menu,webrtc_ns_very_high,65680.0,partial,доступность
1786194763609,command_menu,webrtc_ns_very_high,65760.0,partial,доступность
1786194763609,command_menu,webrtc_ns_very_high,65840.0,partial,доступность
1786194763609,command_menu,webrtc_ns_very_high,65920.0,partial,доступность
1786194763609,command_menu,webrtc_ns_very_high,66000.0,partial,печать
1786194763609,command_menu,webrtc_ns_very_high,66080.0,partial,печать
1786194763609,command_menu,webrtc_ns_very_high,66160.0,partial,печать
1786194763609,command_menu,webrtc_ns_very_high,66240.0,partial,печать
1786194763609,command_menu,webrtc_ns_very_high,66320.0,partial,печать
1786194763609,command_menu,webrtc_ns_very_high,66400.0,partial,печать
1786194763609,command_menu,webrtc_ns_very_high,66480.0,partial,печать
1786194763609,command_menu,webrtc_ns_very_high,66560.0,partial,печать
1786194763609,command_menu,webrtc_ns_very_high,66640.0,partial,печать
1786194763609,command_menu,webrtc_ns_very_high,66720.0,partial,печать
1786194763609,command_menu,webrtc_ns_very_high,66800.0,partial,печать
1786194763609,command_menu,webrtc_ns_very_high,66880.0,partial,печать
1786194763609,command_menu,webrtc_ns_very_high,66960.0,partial,печать
1786194763609,command_menu,webrtc_ns_very_high,67040.0,partial,печать
1786194763609,command_menu,webrtc_ns_very_high,67120.0,partial,печать
1786194763609,command_menu,webrtc_ns_very_high,67200.0,partial,печать
1786194763609,command_menu,webrtc_ns_very_high,67280.0,partial,печать
1786194763609,command_menu,webrtc_ns_very_high,67360.0,partial,печать
1786194763609,command_menu,webrtc_ns_very_high,67440.0,endpoint,печать
1786194763609,command_menu,webrtc_ns_very_high,70800.0,partial,печать
1786194763609,command_menu,webrtc_ns_very_high,70880.0,partial,печать
1786194763609,command_menu,webrtc_ns_very_high,70960.0,partial,печать
1786194763609,command_menu,webrtc_ns_very_high,71040.0,partial,печать
1786194763609,command_menu,webrtc_ns_very_high,71120.0,partial,печать
1786194763609,command_menu,webrtc_ns_very_high,71200.0,partial,печать
1786194763609,command_menu,webrtc_ns_very_high,71280.0,partial,печать
1786194763609,command_menu,webrtc_ns_very_high,71360.0,partial,печать
1786194763609,command_menu,webrtc_ns_very_high,71440.0,partial,печать
1786194763609,command_menu,webrtc_ns_very_high,71520.0,partial,печать
1786194763609,command_menu,webrtc_ns_very_high,71600.0,partial,печать
1786194763609,command_menu,webrtc_ns_very_high,71680.0,partial,печать
1786194763609,command_menu,webrtc_ns_very_high,71760.0,partial,печать
1786194763609,command_menu,webrtc_ns_very_high,71840.0,partial,печать
1786194763609,command_menu,webrtc_ns_very_high,71920.0,partial,печать
1786194763609,command_menu,webrtc_ns_very_high,72000.0,partial,печать
1786194763609,command_menu,webrtc_ns_very_high,72080.0,partial,печать
1786194763609,command_menu,webrtc_ns_very_high,72160.0,partial,печать
1786194763609,command_menu,webrtc_ns_very_high,72240.0,endpoint,печать
1786194763609,command_menu,webrtc_ns_very_high,73200.0,partial,доступность
1786194763609,command_menu,webrtc_ns_very_high,73280.0,partial,доступность
1786194763609,command_menu,webrtc_ns_very_high,73360.0,partial,доступность
1786194763609,command_menu,webrtc_ns_very_high,73440.0,partial,доступность
1786194763609,command_menu,webrtc_ns_very_high,73520.0,partial,доступность
1786194763609,command_menu,webrtc_ns_very_high,73600.0,partial,доступность
1786194763609,command_menu,webrtc_ns_very_high,94800.0,partial,доступность
1786194763609,command_menu,webrtc_ns_very_high,94880.0,partial,доступность
1786194763609,command_menu,webrtc_ns_very_high,94960.0,partial,доступность
1786194763609,command_menu,webrtc_ns_very_high,95040.0,partial,доступность
1786194763609,command_menu,webrtc_ns_very_high,95120.0,partial,доступность
1786194763609,command_menu,webrtc_ns_very_high,95200.0,partial,доступность
1786194763609,command_menu,webrtc_ns_very_high,113520.0,partial,печать
1786194763609,command_menu,webrtc_ns_very_high,113600.0,partial,печать
1786194763609,command_menu,webrtc_ns_very_high,113680.0,partial,печать
1786194763609,command_menu,webrtc_ns_very_high,113760.0,partial,печать
1786194763609,command_menu,webrtc_ns_very_high,113840.0,partial,печать
1786194763609,command_menu,webrtc_ns_very_high,113920.0,partial,печать
1786194763609,command_menu,webrtc_ns_very_high,158640.0,partial,доступность
1786194763609,command_menu,webrtc_ns_very_high,158720.0,partial,доступность
1786194763609,command_menu,webrtc_ns_very_high,158800.0,partial,доступность
1786194763609,command_menu,webrtc_ns_very_high,158880.0,partial,доступность
1786194763609,command_menu,webrtc_ns_very_high,158960.0,partial,доступность
1786194763609,command_menu,webrtc_ns_very_high,159040.0,partial,доступность
1786194763609,command_menu,webrtc_ns_very_high,162000.0,partial,доступность
1786194763609,command_menu,webrtc_ns_very_high,162080.0,partial,доступность
1786194763609,command_menu,webrtc_ns_very_high,162160.0,partial,доступность
1786194763609,command_menu,webrtc_ns_very_high,162240.0,partial,доступность
1786194763609,command_menu,webrtc_ns_very_high,162320.0,partial,доступность
1786194763609,command_menu,webrtc_ns_very_high,162400.0,partial,доступность
1786194763609,free_text,webrtc_ns_very_high,27120.0,partial,вниз вниз
1786194763609,free_text,webrtc_ns_very_high,27200.0,partial,вниз вниз
1786194763609,free_text,webrtc_ns_very_high,27280.0,partial,вниз вниз
1786194763609,free_text,webrtc_ns_very_high,27360.0,partial,вниз вниз
1786194763609,free_text,webrtc_ns_very_high,27440.0,partial,вниз вниз
1786194763609,free_text,webrtc_ns_very_high,27520.0,partial,вниз вниз
1786194763609,free_text,webrtc_ns_very_high,27600.0,partial,вниз вниз вниз
1786194763609,free_text,webrtc_ns_very_high,27680.0,partial,вниз вниз вниз
1786194763609,free_text,webrtc_ns_very_high,27760.0,partial,вниз вниз вниз
1786194763609,free_text,webrtc_ns_very_high,27840.0,partial,вниз вниз вниз
1786194763609,free_text,webrtc_ns_very_high,27920.0,partial,вниз вниз вниз
1786194763609,free_text,webrtc_ns_very_high,28000.0,partial,вниз вниз вниз
1786194763609,free_text,webrtc_ns_very_high,28080.0,partial,вниз вниз быть
1786194763609,free_text,webrtc_ns_very_high,28160.0,partial,вниз вниз быть
1786194763609,free_text,webrtc_ns_very_high,28240.0,partial,вниз вниз быть
1786194763609,free_text,webrtc_ns_very_high,28320.0,partial,вниз вниз быть
1786194763609,free_text,webrtc_ns_very_high,28400.0,partial,вниз вниз быть
1786194763609,free_text,webrtc_ns_very_high,28480.0,partial,вниз вниз быть
1786194763609,free_text,webrtc_ns_very_high,28560.0,partial,вниз вниз быть
1786194763609,free_text,webrtc_ns_very_high,28640.0,partial,вниз вниз быть
1786194763609,free_text,webrtc_ns_very_high,28720.0,partial,вниз вниз быть
1786194763609,free_text,webrtc_ns_very_high,28800.0,partial,вниз вниз быть
1786194763609,free_text,webrtc_ns_very_high,28880.0,partial,вниз вниз быть
1786194763609,free_text,webrtc_ns_very_high,28960.0,partial,вниз вниз быть
1786194763609,free_text,webrtc_ns_very_high,29040.0,endpoint,для вниз вниз вниз
1786194763609,free_text,webrtc_ns_very_high,52080.0,endpoint,вниз вниз
1786194763609,free_text,webrtc_ns_very_high,58800.0,partial,як як як печать
1786194763609,free_text,webrtc_ns_very_high,58880.0,partial,як як як печать
1786194763609,free_text,webrtc_ns_very_high,58960.0,partial,як як як печать
1786194763609,free_text,webrtc_ns_very_high,59040.0,partial,як як як печать
1786194763609,free_text,webrtc_ns_very_high,59120.0,partial,як як як печать
1786194763609,free_text,webrtc_ns_very_high,59200.0,partial,як як як печать
1786194763609,free_text,webrtc_ns_very_high,59280.0,partial,як як як печать
1786194763609,free_text,webrtc_ns_very_high,59360.0,partial,як як як печать
1786194763609,free_text,webrtc_ns_very_high,59440.0,partial,як як як печать
1786194763609,free_text,webrtc_ns_very_high,59520.0,partial,як як як печать
1786194763609,free_text,webrtc_ns_very_high,59600.0,partial,як як як печать
1786194763609,free_text,webrtc_ns_very_high,59680.0,partial,як як як печать
1786194763609,free_text,webrtc_ns_very_high,59760.0,partial,як як як печать
1786194763609,free_text,webrtc_ns_very_high,59840.0,partial,як як як печать
1786194763609,free_text,webrtc_ns_very_high,59920.0,partial,як як як печать
1786194763609,free_text,webrtc_ns_very_high,60000.0,partial,як як як печать
1786194763609,free_text,webrtc_ns_very_high,60080.0,partial,як як як печать
1786194763609,free_text,webrtc_ns_very_high,60160.0,partial,як як як печать
1786194763609,free_text,webrtc_ns_very_high,60240.0,partial,як як як печать
1786194763609,free_text,webrtc_ns_very_high,60320.0,partial,як як як печать
1786194763609,free_text,webrtc_ns_very_high,60400.0,partial,як як як печать
1786194763609,free_text,webrtc_ns_very_high,60480.0,partial,як як як печать
1786194763609,free_text,webrtc_ns_very_high,60560.0,partial,як як як печать
1786194763609,free_text,webrtc_ns_very_high,60640.0,partial,як як як печать
1786194763609,free_text,webrtc_ns_very_high,60720.0,partial,як як як печать
1786194763609,free_text,webrtc_ns_very_high,60800.0,partial,як як як печать
1786194763609,free_text,webrtc_ns_very_high,60880.0,partial,як як як печать
1786194763609,free_text,webrtc_ns_very_high,60960.0,partial,як як як печать
1786194763609,free_text,webrtc_ns_very_high,61040.0,partial,як як як печать
1786194763609,free_text,webrtc_ns_very_high,61120.0,partial,як як як печать
1786194763609,free_text,webrtc_ns_very_high,61200.0,partial,як як як печать белый
1786194763609,free_text,webrtc_ns_very_high,61280.0,partial,як як як печать белый
1786194763609,free_text,webrtc_ns_very_high,61360.0,partial,як як як печать белый
1786194763609,free_text,webrtc_ns_very_high,61440.0,partial,як як як печать белый
1786194763609,free_text,webrtc_ns_very_high,61520.0,partial,як як як печать белый
1786194763609,free_text,webrtc_ns_very_high,61600.0,partial,як як як печать белый
1786194763609,free_text,webrtc_ns_very_high,61680.0,partial,як як як печать белый
1786194763609,free_text,webrtc_ns_very_high,61760.0,partial,як як як печать белый
1786194763609,free_text,webrtc_ns_very_high,61840.0,partial,як як як печать белый
1786194763609,free_text,webrtc_ns_very_high,61920.0,partial,як як як печать белый
1786194763609,free_text,webrtc_ns_very_high,62000.0,partial,як як як печать белый
1786194763609,free_text,webrtc_ns_very_high,62080.0,partial,як як як печать белый
1786194763609,free_text,webrtc_ns_very_high,62160.0,partial,як як як печать белый
1786194763609,free_text,webrtc_ns_very_high,62240.0,partial,як як як печать белый
1786194763609,free_text,webrtc_ns_very_high,62320.0,partial,як як як печать белый
1786194763609,free_text,webrtc_ns_very_high,62400.0,partial,як як як печать белый
1786194763609,free_text,webrtc_ns_very_high,62480.0,partial,як як як печать белый
1786194763609,free_text,webrtc_ns_very_high,62560.0,partial,як як як печать белый
1786194763609,free_text,webrtc_ns_very_high,62640.0,partial,як як як печать белый
1786194763609,free_text,webrtc_ns_very_high,62720.0,partial,як як як печать белый
1786194763609,free_text,webrtc_ns_very_high,62800.0,partial,як як як печать белый
1786194763609,free_text,webrtc_ns_very_high,62880.0,partial,як як як печать белый
1786194763609,free_text,webrtc_ns_very_high,62960.0,partial,як як як печать белый
1786194763609,free_text,webrtc_ns_very_high,63040.0,partial,як як як печать белый
1786194763609,free_text,webrtc_ns_very_high,63120.0,partial,як як як печать белый
1786194763609,free_text,webrtc_ns_very_high,63200.0,partial,як як як печать белый
1786194763609,free_text,webrtc_ns_very_high,63280.0,partial,як як як печать белый
1786194763609,free_text,webrtc_ns_very_high,63360.0,partial,як як як печать белый
1786194763609,free_text,webrtc_ns_very_high,63440.0,partial,як як як печать белый
1786194763609,free_text,webrtc_ns_very_high,63520.0,partial,як як як печать белый
1786194763609,free_text,webrtc_ns_very_high,63600.0,partial,як як як печать белый воротничок
1786194763609,free_text,webrtc_ns_very_high,63680.0,partial,як як як печать белый воротничок
1786194763609,free_text,webrtc_ns_very_high,63760.0,partial,як як як печать белый воротничок
1786194763609,free_text,webrtc_ns_very_high,63840.0,partial,як як як печать белый воротничок
1786194763609,free_text,webrtc_ns_very_high,63920.0,partial,як як як печать белый воротничок
1786194763609,free_text,webrtc_ns_very_high,64000.0,partial,як як як печать белый воротничок
1786194763609,free_text,webrtc_ns_very_high,64080.0,endpoint,як як як печать белый года
1786194763609,free_text,webrtc_ns_very_high,73200.0,partial,пять лет назад
1786194763609,free_text,webrtc_ns_very_high,73280.0,partial,пять лет назад
1786194763609,free_text,webrtc_ns_very_high,73360.0,partial,пять лет назад
1786194763609,free_text,webrtc_ns_very_high,73440.0,partial,пять лет назад
1786194763609,free_text,webrtc_ns_very_high,73520.0,partial,пять лет назад
1786194763609,free_text,webrtc_ns_very_high,73600.0,partial,пять лет назад
1786194763609,free_text,webrtc_ns_very_high,95280.0,partial,белый
1786194763609,free_text,webrtc_ns_very_high,95360.0,partial,белый
1786194763609,free_text,webrtc_ns_very_high,95440.0,partial,белый
1786194763609,free_text,webrtc_ns_very_high,95520.0,partial,белый
1786194763609,free_text,webrtc_ns_very_high,95600.0,partial,белый
1786194763609,free_text,webrtc_ns_very_high,95680.0,partial,белый
1786194763609,free_text,webrtc_ns_very_high,95760.0,partial,белый
1786194763609,free_text,webrtc_ns_very_high,95840.0,partial,белый
1786194763609,free_text,webrtc_ns_very_high,95920.0,partial,белый
1786194763609,free_text,webrtc_ns_very_high,96000.0,partial,белый
1786194763609,free_text,webrtc_ns_very_high,96080.0,partial,белый
1786194763609,free_text,webrtc_ns_very_high,96160.0,partial,белый
1786194763609,free_text,webrtc_ns_very_high,96240.0,partial,белый
1786194763609,free_text,webrtc_ns_very_high,96320.0,partial,белый
1786194763609,free_text,webrtc_ns_very_high,96400.0,partial,белый
1786194763609,free_text,webrtc_ns_very_high,96480.0,partial,белый
1786194763609,free_text,webrtc_ns_very_high,96560.0,partial,белый
1786194763609,free_text,webrtc_ns_very_high,96640.0,partial,белый
1786194763609,free_text,webrtc_ns_very_high,96720.0,partial,белый
1786194763609,free_text,webrtc_ns_very_high,96800.0,partial,белый
1786194763609,free_text,webrtc_ns_very_high,96880.0,partial,белый
1786194763609,free_text,webrtc_ns_very_high,96960.0,partial,белый
1786194763609,free_text,webrtc_ns_very_high,97040.0,partial,белый
1786194763609,free_text,webrtc_ns_very_high,97120.0,partial,белый
1786194763609,free_text,webrtc_ns_very_high,97200.0,partial,белый
1786194763609,free_text,webrtc_ns_very_high,97280.0,partial,белый
1786194763609,free_text,webrtc_ns_very_high,97360.0,partial,белый
1786194763609,free_text,webrtc_ns_very_high,97440.0,partial,белый
1786194763609,free_text,webrtc_ns_very_high,97520.0,partial,белый
1786194763609,free_text,webrtc_ns_very_high,97600.0,partial,белый
1786194763609,free_text,webrtc_ns_very_high,97680.0,endpoint,белый
1786194978795,command_menu,baseline,18000.0,partial,вниз
1786194978795,command_menu,baseline,18080.0,partial,вниз
1786194978795,command_menu,baseline,18160.0,partial,вниз
1786194978795,command_menu,baseline,18240.0,partial,вниз
1786194978795,command_menu,baseline,18320.0,partial,вниз
1786194978795,command_menu,baseline,18400.0,partial,вниз
1786194978795,command_menu,baseline,18480.0,partial,вниз
1786194978795,command_menu,baseline,18560.0,partial,вниз
1786194978795,command_menu,baseline,18640.0,partial,вниз
1786194978795,command_menu,baseline,18720.0,partial,вниз
1786194978795,command_menu,baseline,18800.0,partial,вниз
1786194978795,command_menu,baseline,18880.0,partial,вниз
1786194978795,command_menu,baseline,18960.0,partial,вниз
1786194978795,command_menu,baseline,19040.0,partial,вниз
1786194978795,command_menu,baseline,19120.0,partial,вниз
1786194978795,command_menu,baseline,19200.0,partial,вниз
1786194978795,command_menu,baseline,19280.0,partial,вниз
1786194978795,command_menu,baseline,19360.0,partial,вниз
1786194978795,command_menu,baseline,19440.0,endpoint,вниз
1786194978795,command_menu,baseline,20880.0,partial,вниз
1786194978795,command_menu,baseline,20960.0,partial,вниз
1786194978795,command_menu,baseline,21040.0,partial,вниз
1786194978795,command_menu,baseline,21120.0,partial,вниз
1786194978795,command_menu,baseline,21200.0,partial,вниз
1786194978795,command_menu,baseline,21280.0,partial,вниз
1786194978795,command_menu,baseline,21360.0,partial,вниз
1786194978795,command_menu,baseline,21440.0,partial,вниз
1786194978795,command_menu,baseline,21520.0,partial,вниз
1786194978795,command_menu,baseline,21600.0,partial,вниз
1786194978795,command_menu,baseline,21680.0,partial,вниз
1786194978795,command_menu,baseline,21760.0,partial,вниз
1786194978795,command_menu,baseline,21840.0,partial,вниз
1786194978795,command_menu,baseline,21920.0,partial,вниз
1786194978795,command_menu,baseline,22000.0,partial,вниз
1786194978795,command_menu,baseline,22080.0,partial,вниз
1786194978795,command_menu,baseline,22160.0,partial,вниз
1786194978795,command_menu,baseline,22240.0,partial,вниз
1786194978795,command_menu,baseline,22320.0,endpoint,вниз
1786194978795,command_menu,baseline,23280.0,partial,доступность
1786194978795,command_menu,baseline,23360.0,partial,доступность
1786194978795,command_menu,baseline,23440.0,partial,доступность
1786194978795,command_menu,baseline,23520.0,partial,доступность
1786194978795,command_menu,baseline,23600.0,partial,доступность
1786194978795,command_menu,baseline,23680.0,partial,доступность
1786194978795,command_menu,baseline,26640.0,partial,доступность
1786194978795,command_menu,baseline,26720.0,partial,доступность
1786194978795,command_menu,baseline,26800.0,partial,доступность
1786194978795,command_menu,baseline,26880.0,partial,доступность
1786194978795,command_menu,baseline,26960.0,partial,доступность
1786194978795,command_menu,baseline,27040.0,partial,доступность
1786194978795,command_menu,baseline,27120.0,partial,вверх
1786194978795,command_menu,baseline,27200.0,partial,вверх
1786194978795,command_menu,baseline,27280.0,partial,вверх
1786194978795,command_menu,baseline,27360.0,partial,вверх
1786194978795,command_menu,baseline,27440.0,partial,вверх
1786194978795,command_menu,baseline,27520.0,partial,вверх
1786194978795,command_menu,baseline,27600.0,partial,вверх
1786194978795,command_menu,baseline,27680.0,partial,вверх
1786194978795,command_menu,baseline,27760.0,partial,вверх
1786194978795,command_menu,baseline,27840.0,partial,вверх
1786194978795,command_menu,baseline,27920.0,partial,вверх
1786194978795,command_menu,baseline,28000.0,partial,вверх
1786194978795,command_menu,baseline,28080.0,partial,вниз
1786194978795,command_menu,baseline,28160.0,partial,вниз
1786194978795,command_menu,baseline,28240.0,partial,вниз
1786194978795,command_menu,baseline,28320.0,partial,вниз
1786194978795,command_menu,baseline,28400.0,partial,вниз
1786194978795,command_menu,baseline,28480.0,partial,вниз
1786194978795,command_menu,baseline,28560.0,partial,вниз
1786194978795,command_menu,baseline,28640.0,partial,вниз
1786194978795,command_menu,baseline,28720.0,partial,вниз
1786194978795,command_menu,baseline,28800.0,partial,вниз
1786194978795,command_menu,baseline,28880.0,partial,вниз
1786194978795,command_menu,baseline,28960.0,partial,вниз
1786194978795,command_menu,baseline,29040.0,partial,вниз
1786194978795,command_menu,baseline,29120.0,partial,вниз
1786194978795,command_menu,baseline,29200.0,partial,вниз
1786194978795,command_menu,baseline,29280.0,partial,вниз
1786194978795,command_menu,baseline,29360.0,partial,вниз
1786194978795,command_menu,baseline,29440.0,partial,вниз
1786194978795,command_menu,baseline,29520.0,partial,вниз печать
1786194978795,command_menu,baseline,29600.0,partial,вниз печать
1786194978795,command_menu,baseline,29680.0,partial,вниз печать
1786194978795,command_menu,baseline,29760.0,partial,вниз печать
1786194978795,command_menu,baseline,29840.0,partial,вниз печать
1786194978795,command_menu,baseline,29920.0,partial,вниз печать
1786194978795,command_menu,baseline,30000.0,partial,вниз печать
1786194978795,command_menu,baseline,30080.0,partial,вниз печать
1786194978795,command_menu,baseline,30160.0,partial,вниз печать
1786194978795,command_menu,baseline,30240.0,partial,вниз печать
1786194978795,command_menu,baseline,30320.0,partial,вниз печать
1786194978795,command_menu,baseline,30400.0,partial,вниз печать
1786194978795,command_menu,baseline,30480.0,partial,вниз печать
1786194978795,command_menu,baseline,30560.0,partial,вниз печать
1786194978795,command_menu,baseline,30640.0,partial,вниз печать
1786194978795,command_menu,baseline,30720.0,partial,вниз печать
1786194978795,command_menu,baseline,30800.0,partial,вниз печать
1786194978795,command_menu,baseline,30880.0,partial,вниз печать
1786194978795,command_menu,baseline,30960.0,endpoint,вниз
1786194978795,command_menu,baseline,40080.0,partial,доступность
1786194978795,command_menu,baseline,40160.0,partial,доступность
1786194978795,command_menu,baseline,40240.0,partial,доступность
1786194978795,command_menu,baseline,40320.0,partial,доступность
1786194978795,command_menu,baseline,40400.0,partial,доступность
1786194978795,command_menu,baseline,40480.0,partial,доступность
1786194978795,command_menu,baseline,42000.0,partial,доступность
1786194978795,command_menu,baseline,42080.0,partial,доступность
1786194978795,command_menu,baseline,42160.0,partial,доступность
1786194978795,command_menu,baseline,42240.0,partial,доступность
1786194978795,command_menu,baseline,42320.0,partial,доступность
1786194978795,command_menu,baseline,42400.0,partial,доступность
1786194978795,command_menu,baseline,45360.0,partial,печать
1786194978795,command_menu,baseline,45440.0,partial,печать
1786194978795,command_menu,baseline,45520.0,partial,печать
1786194978795,command_menu,baseline,45600.0,partial,печать
1786194978795,command_menu,baseline,45680.0,partial,печать
1786194978795,command_menu,baseline,45760.0,partial,печать
1786194978795,command_menu,baseline,48720.0,partial,доступность
1786194978795,command_menu,baseline,48800.0,partial,доступность
1786194978795,command_menu,baseline,48880.0,partial,доступность
1786194978795,command_menu,baseline,48960.0,partial,доступность
1786194978795,command_menu,baseline,49040.0,partial,доступность
1786194978795,command_menu,baseline,49120.0,partial,доступность
1786194978795,command_menu,baseline,58800.0,partial,доступность
1786194978795,command_menu,baseline,58880.0,partial,доступность
1786194978795,command_menu,baseline,58960.0,partial,доступность
1786194978795,command_menu,baseline,59040.0,partial,доступность
1786194978795,command_menu,baseline,59120.0,partial,доступность
1786194978795,command_menu,baseline,59200.0,partial,доступность
1786194978795,command_menu,baseline,61200.0,partial,доступность
1786194978795,command_menu,baseline,61280.0,partial,доступность
1786194978795,command_menu,baseline,61360.0,partial,доступность
1786194978795,command_menu,baseline,61440.0,partial,доступность
1786194978795,command_menu,baseline,61520.0,partial,доступность
1786194978795,command_menu,baseline,61600.0,partial,доступность
1786194978795,command_menu,baseline,64080.0,partial,печать
1786194978795,command_menu,baseline,64160.0,partial,печать
1786194978795,command_menu,baseline,64240.0,partial,печать
1786194978795,command_menu,baseline,64320.0,partial,печать
1786194978795,command_menu,baseline,64400.0,partial,печать
1786194978795,command_menu,baseline,64480.0,partial,печать
1786194978795,command_menu,baseline,86160.0,partial,доступность
1786194978795,command_menu,baseline,86240.0,partial,доступность
1786194978795,command_menu,baseline,86320.0,partial,доступность
1786194978795,command_menu,baseline,86400.0,partial,доступность
1786194978795,command_menu,baseline,86480.0,partial,доступность
1786194978795,command_menu,baseline,86560.0,partial,доступность
1786194978795,command_menu,baseline,86640.0,partial,доступность
1786194978795,command_menu,baseline,86720.0,partial,доступность
1786194978795,command_menu,baseline,86800.0,partial,доступность
1786194978795,command_menu,baseline,86880.0,partial,доступность
1786194978795,command_menu,baseline,86960.0,partial,доступность
1786194978795,command_menu,baseline,87040.0,partial,доступность
1786194978795,command_menu,baseline,87120.0,partial,доступность
1786194978795,command_menu,baseline,87200.0,partial,доступность
1786194978795,command_menu,baseline,87280.0,partial,доступность
1786194978795,command_menu,baseline,87360.0,partial,доступность
1786194978795,command_menu,baseline,87440.0,partial,доступность
1786194978795,command_menu,baseline,87520.0,partial,доступность
1786194978795,command_menu,baseline,87600.0,endpoint,доступность
1786194978795,command_menu,baseline,89040.0,partial,доступность
1786194978795,command_menu,baseline,89120.0,partial,доступность
1786194978795,command_menu,baseline,89200.0,partial,доступность
1786194978795,command_menu,baseline,89280.0,partial,доступность
1786194978795,command_menu,baseline,89360.0,partial,доступность
1786194978795,command_menu,baseline,89440.0,partial,доступность
1786194978795,command_menu,baseline,89520.0,partial,доступность
1786194978795,command_menu,baseline,89600.0,partial,доступность
1786194978795,command_menu,baseline,89680.0,partial,доступность
1786194978795,command_menu,baseline,89760.0,partial,доступность
1786194978795,command_menu,baseline,89840.0,partial,доступность
1786194978795,command_menu,baseline,89920.0,partial,доступность
1786194978795,command_menu,baseline,90000.0,partial,доступность
1786194978795,command_menu,baseline,90080.0,partial,доступность
1786194978795,command_menu,baseline,90160.0,partial,доступность
1786194978795,command_menu,baseline,90240.0,partial,доступность
1786194978795,command_menu,baseline,90320.0,partial,доступность
1786194978795,command_menu,baseline,90400.0,partial,доступность
1786194978795,command_menu,baseline,90480.0,endpoint,доступность
1786194978795,command_menu,baseline,91920.0,partial,доступность
1786194978795,command_menu,baseline,92000.0,partial,доступность
1786194978795,command_menu,baseline,92080.0,partial,доступность
1786194978795,command_menu,baseline,92160.0,partial,доступность
1786194978795,command_menu,baseline,92240.0,partial,доступность
1786194978795,command_menu,baseline,92320.0,partial,доступность
1786194978795,command_menu,baseline,92400.0,partial,доступность
1786194978795,command_menu,baseline,92480.0,partial,доступность
1786194978795,command_menu,baseline,92560.0,partial,доступность
1786194978795,command_menu,baseline,92640.0,partial,доступность
1786194978795,command_menu,baseline,92720.0,partial,доступность
1786194978795,command_menu,baseline,92800.0,partial,доступность
1786194978795,command_menu,baseline,92880.0,partial,доступность
1786194978795,command_menu,baseline,92960.0,partial,доступность
1786194978795,command_menu,baseline,93040.0,partial,доступность
1786194978795,command_menu,baseline,93120.0,partial,доступность
1786194978795,command_menu,baseline,93200.0,partial,доступность
1786194978795,command_menu,baseline,93280.0,partial,доступность
1786194978795,command_menu,baseline,93360.0,endpoint,доступность
1786194978795,command_menu,baseline,94320.0,partial,доступность
1786194978795,command_menu,baseline,94400.0,partial,доступность
1786194978795,command_menu,baseline,94480.0,partial,доступность
1786194978795,command_menu,baseline,94560.0,partial,доступность
1786194978795,command_menu,baseline,94640.0,partial,доступность
1786194978795,command_menu,baseline,94720.0,partial,доступность
1786194978795,command_menu,baseline,94800.0,partial,доступность
1786194978795,command_menu,baseline,94880.0,partial,доступность
1786194978795,command_menu,baseline,94960.0,partial,доступность
1786194978795,command_menu,baseline,95040.0,partial,доступность
1786194978795,command_menu,baseline,95120.0,partial,доступность
1786194978795,command_menu,baseline,95200.0,partial,доступность
1786194978795,command_menu,baseline,95280.0,partial,доступность
1786194978795,command_menu,baseline,95360.0,partial,доступность
1786194978795,command_menu,baseline,95440.0,partial,доступность
1786194978795,command_menu,baseline,95520.0,partial,доступность
1786194978795,command_menu,baseline,95600.0,partial,доступность
1786194978795,command_menu,baseline,95680.0,partial,доступность
1786194978795,command_menu,baseline,95760.0,partial,доступность
1786194978795,command_menu,baseline,95840.0,partial,доступность
1786194978795,command_menu,baseline,95920.0,partial,доступность
1786194978795,command_menu,baseline,96000.0,partial,доступность
1786194978795,command_menu,baseline,96080.0,partial,доступность
1786194978795,command_menu,baseline,96160.0,partial,доступность
1786194978795,command_menu,baseline,96240.0,endpoint,доступность
1786194978795,command_menu,baseline,98160.0,partial,доступность
1786194978795,command_menu,baseline,98240.0,partial,доступность
1786194978795,command_menu,baseline,98320.0,partial,доступность
1786194978795,command_menu,baseline,98400.0,partial,доступность
1786194978795,command_menu,baseline,98480.0,partial,доступность
1786194978795,command_menu,baseline,98560.0,partial,доступность
1786194978795,command_menu,baseline,98640.0,partial,доступность
1786194978795,command_menu,baseline,98720.0,partial,доступность
1786194978795,command_menu,baseline,98800.0,partial,доступность
1786194978795,command_menu,baseline,98880.0,partial,доступность
1786194978795,command_menu,baseline,98960.0,partial,доступность
1786194978795,command_menu,baseline,99040.0,partial,доступность
1786194978795,command_menu,baseline,99120.0,partial,доступность
1786194978795,command_menu,baseline,99200.0,partial,доступность
1786194978795,command_menu,baseline,99280.0,partial,доступность
1786194978795,command_menu,baseline,99360.0,partial,доступность
1786194978795,command_menu,baseline,99440.0,partial,доступность
1786194978795,command_menu,baseline,99520.0,partial,доступность
1786194978795,command_menu,baseline,99600.0,endpoint,доступность
1786194978795,command_menu,baseline,101040.0,partial,доступность
1786194978795,command_menu,baseline,101120.0,partial,доступность
1786194978795,command_menu,baseline,101200.0,partial,доступность
1786194978795,command_menu,baseline,101280.0,partial,доступность
1786194978795,command_menu,baseline,101360.0,partial,доступность
1786194978795,command_menu,baseline,101440.0,partial,доступность
1786194978795,command_menu,baseline,101520.0,partial,доступность
1786194978795,command_menu,baseline,101600.0,partial,доступность
1786194978795,command_menu,baseline,101680.0,partial,доступность
1786194978795,command_menu,baseline,101760.0,partial,доступность
1786194978795,command_menu,baseline,101840.0,partial,доступность
1786194978795,command_menu,baseline,101920.0,partial,доступность
1786194978795,command_menu,baseline,102000.0,partial,доступность
1786194978795,command_menu,baseline,102080.0,partial,доступность
1786194978795,command_menu,baseline,102160.0,partial,доступность
1786194978795,command_menu,baseline,102240.0,partial,доступность
1786194978795,command_menu,baseline,102320.0,partial,доступность
1786194978795,command_menu,baseline,102400.0,partial,доступность
1786194978795,command_menu,baseline,102480.0,partial,доступность
1786194978795,command_menu,baseline,102560.0,partial,доступность
1786194978795,command_menu,baseline,102640.0,partial,доступность
1786194978795,command_menu,baseline,102720.0,partial,доступность
1786194978795,command_menu,baseline,102800.0,partial,доступность
1786194978795,command_menu,baseline,102880.0,partial,доступность
1786194978795,command_menu,baseline,102960.0,endpoint,доступность
1786194978795,command_menu,baseline,105840.0,partial,доступность
1786194978795,command_menu,baseline,105920.0,partial,доступность
1786194978795,command_menu,baseline,106000.0,partial,доступность
1786194978795,command_menu,baseline,106080.0,partial,доступность
1786194978795,command_menu,baseline,106160.0,partial,доступность
1786194978795,command_menu,baseline,106240.0,partial,доступность
1786194978795,command_menu,baseline,106320.0,partial,доступность
1786194978795,command_menu,baseline,106400.0,partial,доступность
1786194978795,command_menu,baseline,106480.0,partial,доступность
1786194978795,command_menu,baseline,106560.0,partial,доступность
1786194978795,command_menu,baseline,106640.0,partial,доступность
1786194978795,command_menu,baseline,106720.0,partial,доступность
1786194978795,command_menu,baseline,106800.0,partial,доступность
1786194978795,command_menu,baseline,106880.0,partial,доступность
1786194978795,command_menu,baseline,106960.0,partial,доступность
1786194978795,command_menu,baseline,107040.0,partial,доступность
1786194978795,command_menu,baseline,107120.0,partial,доступность
1786194978795,command_menu,baseline,107200.0,partial,доступность
1786194978795,command_menu,baseline,107280.0,endpoint,доступность
1786194978795,command_menu,baseline,137520.0,partial,печать
1786194978795,command_menu,baseline,137600.0,partial,печать
1786194978795,command_menu,baseline,137680.0,partial,печать
1786194978795,command_menu,baseline,137760.0,partial,печать
1786194978795,command_menu,baseline,137840.0,partial,печать
1786194978795,command_menu,baseline,137920.0,partial,печать
1786194978795,command_menu,baseline,149520.0,partial,печать
1786194978795,command_menu,baseline,149600.0,partial,печать
1786194978795,command_menu,baseline,149680.0,partial,печать
1786194978795,command_menu,baseline,149760.0,partial,печать
1786194978795,command_menu,baseline,149840.0,partial,печать
1786194978795,command_menu,baseline,149920.0,partial,печать
1786194978795,free_text,baseline,20400.0,endpoint,вниз
1786194978795,free_text,baseline,38160.0,partial,жёлтыми волосами
1786194978795,free_text,baseline,38240.0,partial,жёлтыми волосами
1786194978795,free_text,baseline,38320.0,partial,жёлтыми волосами
1786194978795,free_text,baseline,38400.0,partial,жёлтыми волосами
1786194978795,free_text,baseline,38480.0,partial,жёлтыми волосами
1786194978795,free_text,baseline,38560.0,partial,жёлтыми волосами
1786194978795,free_text,baseline,86640.0,partial,доступность
1786194978795,free_text,baseline,86720.0,partial,доступность
1786194978795,free_text,baseline,86800.0,partial,доступность
1786194978795,free_text,baseline,86880.0,partial,доступность
1786194978795,free_text,baseline,86960.0,partial,доступность
1786194978795,free_text,baseline,87040.0,partial,доступность
1786194978795,free_text,baseline,87120.0,partial,доступность
1786194978795,free_text,baseline,87200.0,partial,доступность
1786194978795,free_text,baseline,87280.0,partial,доступность
1786194978795,free_text,baseline,87360.0,partial,доступность
1786194978795,free_text,baseline,87440.0,partial,доступность
1786194978795,free_text,baseline,87520.0,partial,доступность
1786194978795,free_text,baseline,87600.0,partial,доступность
1786194978795,free_text,baseline,87680.0,partial,доступность
1786194978795,free_text,baseline,87760.0,partial,доступность
1786194978795,free_text,baseline,87840.0,partial,доступность
1786194978795,free_text,baseline,87920.0,partial,доступность
1786194978795,free_text,baseline,88000.0,partial,доступность
1786194978795,free_text,baseline,88080.0,partial,доступность
1786194978795,free_text,baseline,88160.0,partial,доступность
1786194978795,free_text,baseline,88240.0,partial,доступность
1786194978795,free_text,baseline,88320.0,partial,доступность
1786194978795,free_text,baseline,88400.0,partial,доступность
1786194978795,free_text,baseline,88480.0,partial,доступность
1786194978795,free_text,baseline,88560.0,endpoint,доступность
1786194978795,free_text,baseline,92400.0,partial,доступности
1786194978795,free_text,baseline,92480.0,partial,доступности
1786194978795,free_text,baseline,92560.0,partial,доступности
1786194978795,free_text,baseline,92640.0,partial,доступности
1786194978795,free_text,baseline,92720.0,partial,доступности
1786194978795,free_text,baseline,92800.0,partial,доступности
1786194978795,free_text,baseline,92880.0,partial,доступности
1786194978795,free_text,baseline,92960.0,partial,доступности
1786194978795,free_text,baseline,93040.0,partial,доступности
1786194978795,free_text,baseline,93120.0,partial,доступности
1786194978795,free_text,baseline,93200.0,partial,доступности
1786194978795,free_text,baseline,93280.0,partial,доступности
1786194978795,free_text,baseline,93360.0,partial,доступности
1786194978795,free_text,baseline,93440.0,partial,доступности
1786194978795,free_text,baseline,93520.0,partial,доступности
1786194978795,free_text,baseline,93600.0,partial,доступности
1786194978795,free_text,baseline,93680.0,partial,доступности
1786194978795,free_text,baseline,93760.0,partial,доступности
1786194978795,free_text,baseline,93840.0,partial,доступности
1786194978795,free_text,baseline,93920.0,partial,доступности
1786194978795,free_text,baseline,94000.0,partial,доступности
1786194978795,free_text,baseline,94080.0,partial,доступности
1786194978795,free_text,baseline,94160.0,partial,доступности
1786194978795,free_text,baseline,94240.0,partial,доступности
1786194978795,free_text,baseline,94320.0,partial,доступности для
1786194978795,free_text,baseline,94400.0,partial,доступности для
1786194978795,free_text,baseline,94480.0,partial,доступности для
1786194978795,free_text,baseline,94560.0,partial,доступности для
1786194978795,free_text,baseline,94640.0,partial,доступности для
1786194978795,free_text,baseline,94720.0,partial,доступности для
1786194978795,free_text,baseline,94800.0,partial,доступности
1786194978795,free_text,baseline,94880.0,partial,доступности
1786194978795,free_text,baseline,94960.0,partial,доступности
1786194978795,free_text,baseline,95040.0,partial,доступности
1786194978795,free_text,baseline,95120.0,partial,доступности
1786194978795,free_text,baseline,95200.0,partial,доступности
1786194978795,free_text,baseline,95280.0,partial,доступности доступность
1786194978795,free_text,baseline,95360.0,partial,доступности доступность
1786194978795,free_text,baseline,95440.0,partial,доступности доступность
1786194978795,free_text,baseline,95520.0,partial,доступности доступность
1786194978795,free_text,baseline,95600.0,partial,доступности доступность
1786194978795,free_text,baseline,95680.0,partial,доступности доступность
1786194978795,free_text,baseline,95760.0,partial,доступности доступность
1786194978795,free_text,baseline,95840.0,partial,доступности доступность
1786194978795,free_text,baseline,95920.0,partial,доступности доступность
1786194978795,free_text,baseline,96000.0,partial,доступности доступность
1786194978795,free_text,baseline,96080.0,partial,доступности доступность
1786194978795,free_text,baseline,96160.0,partial,доступности доступность
1786194978795,free_text,baseline,96240.0,partial,доступности доступность
1786194978795,free_text,baseline,96320.0,partial,доступности доступность
1786194978795,free_text,baseline,96400.0,partial,доступности доступность
1786194978795,free_text,baseline,96480.0,partial,доступности доступность
1786194978795,free_text,baseline,96560.0,partial,доступности доступность
1786194978795,free_text,baseline,96640.0,partial,доступности доступность
1786194978795,free_text,baseline,96720.0,partial,доступности доступность
1786194978795,free_text,baseline,96800.0,partial,доступности доступность
1786194978795,free_text,baseline,96880.0,partial,доступности доступность
1786194978795,free_text,baseline,96960.0,partial,доступности доступность
1786194978795,free_text,baseline,97040.0,partial,доступности доступность
1786194978795,free_text,baseline,97120.0,partial,доступности доступность
1786194978795,free_text,baseline,97200.0,endpoint,дебютной доступности доступность
1786194978795,free_text,baseline,98640.0,partial,доступность
1786194978795,free_text,baseline,98720.0,partial,доступность
1786194978795,free_text,baseline,98800.0,partial,доступность
1786194978795,free_text,baseline,98880.0,partial,доступность
1786194978795,free_text,baseline,98960.0,partial,доступность
1786194978795,free_text,baseline,99040.0,partial,доступность
1786194978795,free_text,baseline,99120.0,partial,доступность
1786194978795,free_text,baseline,99200.0,partial,доступность
1786194978795,free_text,baseline,99280.0,partial,доступность
1786194978795,free_text,baseline,99360.0,partial,доступность
1786194978795,free_text,baseline,99440.0,partial,доступность
1786194978795,free_text,baseline,99520.0,partial,доступность
1786194978795,free_text,baseline,99600.0,partial,доступность
1786194978795,free_text,baseline,99680.0,partial,доступность
1786194978795,free_text,baseline,99760.0,partial,доступность
1786194978795,free_text,baseline,99840.0,partial,доступность
1786194978795,free_text,baseline,99920.0,partial,доступность
1786194978795,free_text,baseline,100000.0,partial,доступность
1786194978795,free_text,baseline,100080.0,partial,доступность
1786194978795,free_text,baseline,100160.0,partial,доступность
1786194978795,free_text,baseline,100240.0,partial,доступность
1786194978795,free_text,baseline,100320.0,partial,доступность
1786194978795,free_text,baseline,100400.0,partial,доступность
1786194978795,free_text,baseline,100480.0,partial,доступность
1786194978795,free_text,baseline,100560.0,partial,доступность
1786194978795,free_text,baseline,100640.0,partial,доступность
1786194978795,free_text,baseline,100720.0,partial,доступность
1786194978795,free_text,baseline,100800.0,partial,доступность
1786194978795,free_text,baseline,100880.0,partial,доступность
1786194978795,free_text,baseline,100960.0,partial,доступность
1786194978795,free_text,baseline,101040.0,partial,доступность
1786194978795,free_text,baseline,101120.0,partial,доступность
1786194978795,free_text,baseline,101200.0,partial,доступность
1786194978795,free_text,baseline,101280.0,partial,доступность
1786194978795,free_text,baseline,101360.0,partial,доступность
1786194978795,free_text,baseline,101440.0,partial,доступность
1786194978795,free_text,baseline,101520.0,endpoint,доступность
1786194978795,free_text,baseline,106320.0,partial,доступность
1786194978795,free_text,baseline,106400.0,partial,доступность
1786194978795,free_text,baseline,106480.0,partial,доступность
1786194978795,free_text,baseline,106560.0,partial,доступность
1786194978795,free_text,baseline,106640.0,partial,доступность
1786194978795,free_text,baseline,106720.0,partial,доступность
1786194978795,free_text,baseline,106800.0,partial,доступность
1786194978795,free_text,baseline,106880.0,partial,доступность
1786194978795,free_text,baseline,106960.0,partial,доступность
1786194978795,free_text,baseline,107040.0,partial,доступность
1786194978795,free_text,baseline,107120.0,partial,доступность
1786194978795,free_text,baseline,107200.0,partial,доступность
1786194978795,free_text,baseline,107280.0,partial,доступность
1786194978795,free_text,baseline,107360.0,partial,доступность
1786194978795,free_text,baseline,107440.0,partial,доступность
1786194978795,free_text,baseline,107520.0,partial,доступность
1786194978795,free_text,baseline,107600.0,partial,доступность
1786194978795,free_text,baseline,107680.0,partial,доступность
1786194978795,free_text,baseline,107760.0,partial,доступность
1786194978795,free_text,baseline,107840.0,partial,доступность
1786194978795,free_text,baseline,107920.0,partial,доступность
1786194978795,free_text,baseline,108000.0,partial,доступность
1786194978795,free_text,baseline,108080.0,partial,доступность
1786194978795,free_text,baseline,108160.0,partial,доступность
1786194978795,free_text,baseline,108240.0,partial,доступность
1786194978795,free_text,baseline,108320.0,partial,доступность
1786194978795,free_text,baseline,108400.0,partial,доступность
1786194978795,free_text,baseline,108480.0,partial,доступность
1786194978795,free_text,baseline,108560.0,partial,доступность
1786194978795,free_text,baseline,108640.0,partial,доступность
1786194978795,free_text,baseline,108720.0,endpoint,доступность
1786194978795,free_text,baseline,138000.0,partial,список
1786194978795,free_text,baseline,138080.0,partial,список
1786194978795,free_text,baseline,138160.0,partial,список
1786194978795,free_text,baseline,138240.0,partial,список
1786194978795,free_text,baseline,138320.0,partial,список
1786194978795,free_text,baseline,138400.0,partial,список
1786194978795,free_text,baseline,138480.0,partial,список
1786194978795,free_text,baseline,138560.0,partial,список
1786194978795,free_text,baseline,138640.0,partial,список
1786194978795,free_text,baseline,138720.0,partial,список
1786194978795,free_text,baseline,138800.0,partial,список
1786194978795,free_text,baseline,138880.0,partial,список
1786194978795,free_text,baseline,138960.0,partial,список
1786194978795,free_text,baseline,139040.0,partial,список
1786194978795,free_text,baseline,139120.0,partial,список
1786194978795,free_text,baseline,139200.0,partial,список
1786194978795,free_text,baseline,139280.0,partial,список
1786194978795,free_text,baseline,139360.0,partial,список
1786194978795,free_text,baseline,139440.0,partial,список
1786194978795,free_text,baseline,139520.0,partial,список
1786194978795,free_text,baseline,139600.0,partial,список
1786194978795,free_text,baseline,139680.0,partial,список
1786194978795,free_text,baseline,139760.0,partial,список
1786194978795,free_text,baseline,139840.0,partial,список
1786194978795,free_text,baseline,139920.0,endpoint,список
1786194978795,command_menu,webrtc_ns_low,20400.0,endpoint,вниз
1786194978795,command_menu,webrtc_ns_low,21360.0,partial,вниз
1786194978795,command_menu,webrtc_ns_low,21440.0,partial,вниз
1786194978795,command_menu,webrtc_ns_low,21520.0,partial,вниз
1786194978795,command_menu,webrtc_ns_low,21600.0,partial,вниз
1786194978795,command_menu,webrtc_ns_low,21680.0,partial,вниз
1786194978795,command_menu,webrtc_ns_low,21760.0,partial,вниз
1786194978795,command_menu,webrtc_ns_low,21840.0,partial,вниз
1786194978795,command_menu,webrtc_ns_low,21920.0,partial,вниз
1786194978795,command_menu,webrtc_ns_low,22000.0,partial,вниз
1786194978795,command_menu,webrtc_ns_low,22080.0,partial,вниз
1786194978795,command_menu,webrtc_ns_low,22160.0,partial,вниз
1786194978795,command_menu,webrtc_ns_low,22240.0,partial,вниз
1786194978795,command_menu,webrtc_ns_low,22320.0,endpoint,вниз
1786194978795,command_menu,webrtc_ns_low,26640.0,partial,вверх
1786194978795,command_menu,webrtc_ns_low,26720.0,partial,вверх
1786194978795,command_menu,webrtc_ns_low,26800.0,partial,вверх
1786194978795,command_menu,webrtc_ns_low,26880.0,partial,вверх
1786194978795,command_menu,webrtc_ns_low,26960.0,partial,вверх
1786194978795,command_menu,webrtc_ns_low,27040.0,partial,вверх
1786194978795,command_menu,webrtc_ns_low,27120.0,partial,вверх
1786194978795,command_menu,webrtc_ns_low,27200.0,partial,вверх
1786194978795,command_menu,webrtc_ns_low,27280.0,partial,вверх
1786194978795,command_menu,webrtc_ns_low,27360.0,partial,вверх
1786194978795,command_menu,webrtc_ns_low,27440.0,partial,вверх
1786194978795,command_menu,webrtc_ns_low,27520.0,partial,вверх
1786194978795,command_menu,webrtc_ns_low,27600.0,partial,вверх
1786194978795,command_menu,webrtc_ns_low,27680.0,partial,вверх
1786194978795,command_menu,webrtc_ns_low,27760.0,partial,вверх
1786194978795,command_menu,webrtc_ns_low,27840.0,partial,вверх
1786194978795,command_menu,webrtc_ns_low,27920.0,partial,вверх
1786194978795,command_menu,webrtc_ns_low,28000.0,partial,вверх
1786194978795,command_menu,webrtc_ns_low,28080.0,partial,вверх вниз
1786194978795,command_menu,webrtc_ns_low,28160.0,partial,вверх вниз
1786194978795,command_menu,webrtc_ns_low,28240.0,partial,вверх вниз
1786194978795,command_menu,webrtc_ns_low,28320.0,partial,вверх вниз
1786194978795,command_menu,webrtc_ns_low,28400.0,partial,вверх вниз
1786194978795,command_menu,webrtc_ns_low,28480.0,partial,вверх вниз
1786194978795,command_menu,webrtc_ns_low,28560.0,partial,вверх вниз
1786194978795,command_menu,webrtc_ns_low,28640.0,partial,вверх вниз
1786194978795,command_menu,webrtc_ns_low,28720.0,partial,вверх вниз
1786194978795,command_menu,webrtc_ns_low,28800.0,partial,вверх вниз
1786194978795,command_menu,webrtc_ns_low,28880.0,partial,вверх вниз
1786194978795,command_menu,webrtc_ns_low,28960.0,partial,вверх вниз
1786194978795,command_menu,webrtc_ns_low,29040.0,partial,вверх вниз
1786194978795,command_menu,webrtc_ns_low,29120.0,partial,вверх вниз
1786194978795,command_menu,webrtc_ns_low,29200.0,partial,вверх вниз
1786194978795,command_menu,webrtc_ns_low,29280.0,partial,вверх вниз
1786194978795,command_menu,webrtc_ns_low,29360.0,partial,вверх вниз
1786194978795,command_menu,webrtc_ns_low,29440.0,partial,вверх вниз
1786194978795,command_menu,webrtc_ns_low,29520.0,partial,вверх вниз печать
1786194978795,command_menu,webrtc_ns_low,29600.0,partial,вверх вниз печать
1786194978795,command_menu,webrtc_ns_low,29680.0,partial,вверх вниз печать
1786194978795,command_menu,webrtc_ns_low,29760.0,partial,вверх вниз печать
1786194978795,command_menu,webrtc_ns_low,29840.0,partial,вверх вниз печать
1786194978795,command_menu,webrtc_ns_low,29920.0,partial,вверх вниз печать
1786194978795,command_menu,webrtc_ns_low,30000.0,partial,вверх вниз печать
1786194978795,command_menu,webrtc_ns_low,30080.0,partial,вверх вниз печать
1786194978795,command_menu,webrtc_ns_low,30160.0,partial,вверх вниз печать
1786194978795,command_menu,webrtc_ns_low,30240.0,partial,вверх вниз печать
1786194978795,command_menu,webrtc_ns_low,30320.0,partial,вверх вниз печать
1786194978795,command_menu,webrtc_ns_low,30400.0,partial,вверх вниз печать
1786194978795,command_menu,webrtc_ns_low,30480.0,partial,вверх вниз печать
1786194978795,command_menu,webrtc_ns_low,30560.0,partial,вверх вниз печать
1786194978795,command_menu,webrtc_ns_low,30640.0,partial,вверх вниз печать
1786194978795,command_menu,webrtc_ns_low,30720.0,partial,вверх вниз печать
1786194978795,command_menu,webrtc_ns_low,30800.0,partial,вверх вниз печать
1786194978795,command_menu,webrtc_ns_low,30880.0,partial,вверх вниз печать
1786194978795,command_menu,webrtc_ns_low,30960.0,endpoint,вверх вниз печать
1786194978795,command_menu,webrtc_ns_low,38160.0,partial,доступность
1786194978795,command_menu,webrtc_ns_low,38240.0,partial,доступность
1786194978795,command_menu,webrtc_ns_low,38320.0,partial,доступность
1786194978795,command_menu,webrtc_ns_low,38400.0,partial,доступность
1786194978795,command_menu,webrtc_ns_low,38480.0,partial,доступность
1786194978795,command_menu,webrtc_ns_low,38560.0,partial,доступность
1786194978795,command_menu,webrtc_ns_low,40080.0,partial,доступность
1786194978795,command_menu,webrtc_ns_low,40160.0,partial,доступность
1786194978795,command_menu,webrtc_ns_low,40240.0,partial,доступность
1786194978795,command_menu,webrtc_ns_low,40320.0,partial,доступность
1786194978795,command_menu,webrtc_ns_low,40400.0,partial,доступность
1786194978795,command_menu,webrtc_ns_low,40480.0,partial,доступность
1786194978795,command_menu,webrtc_ns_low,42000.0,partial,доступность
1786194978795,command_menu,webrtc_ns_low,42080.0,partial,доступность
1786194978795,command_menu,webrtc_ns_low,42160.0,partial,доступность
1786194978795,command_menu,webrtc_ns_low,42240.0,partial,доступность
1786194978795,command_menu,webrtc_ns_low,42320.0,partial,доступность
1786194978795,command_menu,webrtc_ns_low,42400.0,partial,доступность
1786194978795,command_menu,webrtc_ns_low,48720.0,partial,доступность
1786194978795,command_menu,webrtc_ns_low,48800.0,partial,доступность
1786194978795,command_menu,webrtc_ns_low,48880.0,partial,доступность
1786194978795,command_menu,webrtc_ns_low,48960.0,partial,доступность
1786194978795,command_menu,webrtc_ns_low,49040.0,partial,доступность
1786194978795,command_menu,webrtc_ns_low,49120.0,partial,доступность
1786194978795,command_menu,webrtc_ns_low,58800.0,partial,доступность
1786194978795,command_menu,webrtc_ns_low,58880.0,partial,доступность
1786194978795,command_menu,webrtc_ns_low,58960.0,partial,доступность
1786194978795,command_menu,webrtc_ns_low,59040.0,partial,доступность
1786194978795,command_menu,webrtc_ns_low,59120.0,partial,доступность
1786194978795,command_menu,webrtc_ns_low,59200.0,partial,доступность
1786194978795,command_menu,webrtc_ns_low,61200.0,partial,доступность
1786194978795,command_menu,webrtc_ns_low,61280.0,partial,доступность
1786194978795,command_menu,webrtc_ns_low,61360.0,partial,доступность
1786194978795,command_menu,webrtc_ns_low,61440.0,partial,доступность
1786194978795,command_menu,webrtc_ns_low,61520.0,partial,доступность
1786194978795,command_menu,webrtc_ns_low,61600.0,partial,доступность
1786194978795,command_menu,webrtc_ns_low,64080.0,partial,доступность
1786194978795,command_menu,webrtc_ns_low,64160.0,partial,доступность
1786194978795,command_menu,webrtc_ns_low,64240.0,partial,доступность
1786194978795,command_menu,webrtc_ns_low,64320.0,partial,доступность
1786194978795,command_menu,webrtc_ns_low,64400.0,partial,доступность
1786194978795,command_menu,webrtc_ns_low,64480.0,partial,доступность
1786194978795,command_menu,webrtc_ns_low,85680.0,partial,доступность
1786194978795,command_menu,webrtc_ns_low,85760.0,partial,доступность
1786194978795,command_menu,webrtc_ns_low,85840.0,partial,доступность
1786194978795,command_menu,webrtc_ns_low,85920.0,partial,доступность
1786194978795,command_menu,webrtc_ns_low,86000.0,partial,доступность
1786194978795,command_menu,webrtc_ns_low,86080.0,partial,доступность
1786194978795,command_menu,webrtc_ns_low,86160.0,partial,доступность
1786194978795,command_menu,webrtc_ns_low,86240.0,partial,доступность
1786194978795,command_menu,webrtc_ns_low,86320.0,partial,доступность
1786194978795,command_menu,webrtc_ns_low,86400.0,partial,доступность
1786194978795,command_menu,webrtc_ns_low,86480.0,partial,доступность
1786194978795,command_menu,webrtc_ns_low,86560.0,partial,доступность
1786194978795,command_menu,webrtc_ns_low,86640.0,partial,доступность
1786194978795,command_menu,webrtc_ns_low,86720.0,partial,доступность
1786194978795,command_menu,webrtc_ns_low,86800.0,partial,доступность
1786194978795,command_menu,webrtc_ns_low,86880.0,partial,доступность
1786194978795,command_menu,webrtc_ns_low,86960.0,partial,доступность
1786194978795,command_menu,webrtc_ns_low,87040.0,partial,доступность
1786194978795,command_menu,webrtc_ns_low,87120.0,partial,доступность
1786194978795,command_menu,webrtc_ns_low,87200.0,partial,доступность
1786194978795,command_menu,webrtc_ns_low,87280.0,partial,доступность
1786194978795,command_menu,webrtc_ns_low,87360.0,partial,доступность
1786194978795,command_menu,webrtc_ns_low,87440.0,partial,доступность
1786194978795,command_menu,webrtc_ns_low,87520.0,partial,доступность
1786194978795,command_menu,webrtc_ns_low,87600.0,endpoint,доступность
1786194978795,command_menu,webrtc_ns_low,89040.0,partial,доступность
1786194978795,command_menu,webrtc_ns_low,89120.0,partial,доступность
1786194978795,command_menu,webrtc_ns_low,89200.0,partial,доступность
1786194978795,command_menu,webrtc_ns_low,89280.0,partial,доступность
1786194978795,command_menu,webrtc_ns_low,89360.0,partial,доступность
1786194978795,command_menu,webrtc_ns_low,89440.0,partial,доступность
1786194978795,command_menu,webrtc_ns_low,89520.0,partial,доступность
1786194978795,command_menu,webrtc_ns_low,89600.0,partial,доступность
1786194978795,command_menu,webrtc_ns_low,89680.0,partial,доступность
1786194978795,command_menu,webrtc_ns_low,89760.0,partial,доступность
1786194978795,command_menu,webrtc_ns_low,89840.0,partial,доступность
1786194978795,command_menu,webrtc_ns_low,89920.0,partial,доступность
1786194978795,command_menu,webrtc_ns_low,90000.0,partial,доступность
1786194978795,command_menu,webrtc_ns_low,90080.0,partial,доступность
1786194978795,command_menu,webrtc_ns_low,90160.0,partial,доступность
1786194978795,command_menu,webrtc_ns_low,90240.0,partial,доступность
1786194978795,command_menu,webrtc_ns_low,90320.0,partial,доступность
1786194978795,command_menu,webrtc_ns_low,90400.0,partial,доступность
1786194978795,command_menu,webrtc_ns_low,90480.0,endpoint,доступность
1786194978795,command_menu,webrtc_ns_low,91920.0,partial,доступность
1786194978795,command_menu,webrtc_ns_low,92000.0,partial,доступность
1786194978795,command_menu,webrtc_ns_low,92080.0,partial,доступность
1786194978795,command_menu,webrtc_ns_low,92160.0,partial,доступность
1786194978795,command_menu,webrtc_ns_low,92240.0,partial,доступность
1786194978795,command_menu,webrtc_ns_low,92320.0,partial,доступность
1786194978795,command_menu,webrtc_ns_low,92400.0,partial,доступность
1786194978795,command_menu,webrtc_ns_low,92480.0,partial,доступность
1786194978795,command_menu,webrtc_ns_low,92560.0,partial,доступность
1786194978795,command_menu,webrtc_ns_low,92640.0,partial,доступность
1786194978795,command_menu,webrtc_ns_low,92720.0,partial,доступность
1786194978795,command_menu,webrtc_ns_low,92800.0,partial,доступность
1786194978795,command_menu,webrtc_ns_low,92880.0,partial,доступность
1786194978795,command_menu,webrtc_ns_low,92960.0,partial,доступность
1786194978795,command_menu,webrtc_ns_low,93040.0,partial,доступность
1786194978795,command_menu,webrtc_ns_low,93120.0,partial,доступность
1786194978795,command_menu,webrtc_ns_low,93200.0,partial,доступность
1786194978795,command_menu,webrtc_ns_low,93280.0,partial,доступность
1786194978795,command_menu,webrtc_ns_low,93360.0,endpoint,доступность
1786194978795,command_menu,webrtc_ns_low,94320.0,partial,доступность
1786194978795,command_menu,webrtc_ns_low,94400.0,partial,доступность
1786194978795,command_menu,webrtc_ns_low,94480.0,partial,доступность
1786194978795,command_menu,webrtc_ns_low,94560.0,partial,доступность
1786194978795,command_menu,webrtc_ns_low,94640.0,partial,доступность
1786194978795,command_menu,webrtc_ns_low,94720.0,partial,доступность
1786194978795,command_menu,webrtc_ns_low,94800.0,partial,доступность
1786194978795,command_menu,webrtc_ns_low,94880.0,partial,доступность
1786194978795,command_menu,webrtc_ns_low,94960.0,partial,доступность
1786194978795,command_menu,webrtc_ns_low,95040.0,partial,доступность
1786194978795,command_menu,webrtc_ns_low,95120.0,partial,доступность
1786194978795,command_menu,webrtc_ns_low,95200.0,partial,доступность
1786194978795,command_menu,webrtc_ns_low,95280.0,partial,доступность
1786194978795,command_menu,webrtc_ns_low,95360.0,partial,доступность
1786194978795,command_menu,webrtc_ns_low,95440.0,partial,доступность
1786194978795,command_menu,webrtc_ns_low,95520.0,partial,доступность
1786194978795,command_menu,webrtc_ns_low,95600.0,partial,доступность
1786194978795,command_menu,webrtc_ns_low,95680.0,partial,доступность
1786194978795,command_menu,webrtc_ns_low,95760.0,partial,доступность
1786194978795,command_menu,webrtc_ns_low,95840.0,partial,доступность
1786194978795,command_menu,webrtc_ns_low,95920.0,partial,доступность
1786194978795,command_menu,webrtc_ns_low,96000.0,partial,доступность
1786194978795,command_menu,webrtc_ns_low,96080.0,partial,доступность
1786194978795,command_menu,webrtc_ns_low,96160.0,partial,доступность
1786194978795,command_menu,webrtc_ns_low,96240.0,endpoint,доступность
1786194978795,command_menu,webrtc_ns_low,98160.0,partial,доступность
1786194978795,command_menu,webrtc_ns_low,98240.0,partial,доступность
1786194978795,command_menu,webrtc_ns_low,98320.0,partial,доступность
1786194978795,command_menu,webrtc_ns_low,98400.0,partial,доступность
1786194978795,command_menu,webrtc_ns_low,98480.0,partial,доступность
1786194978795,command_menu,webrtc_ns_low,98560.0,partial,доступность
1786194978795,command_menu,webrtc_ns_low,98640.0,partial,доступность
1786194978795,command_menu,webrtc_ns_low,98720.0,partial,доступность
1786194978795,command_menu,webrtc_ns_low,98800.0,partial,доступность
1786194978795,command_menu,webrtc_ns_low,98880.0,partial,доступность
1786194978795,command_menu,webrtc_ns_low,98960.0,partial,доступность
1786194978795,command_menu,webrtc_ns_low,99040.0,partial,доступность
1786194978795,command_menu,webrtc_ns_low,99120.0,partial,доступность
1786194978795,command_menu,webrtc_ns_low,99200.0,partial,доступность
1786194978795,command_menu,webrtc_ns_low,99280.0,partial,доступность
1786194978795,command_menu,webrtc_ns_low,99360.0,partial,доступность
1786194978795,command_menu,webrtc_ns_low,99440.0,partial,доступность
1786194978795,command_menu,webrtc_ns_low,99520.0,partial,доступность
1786194978795,command_menu,webrtc_ns_low,99600.0,endpoint,доступность
1786194978795,command_menu,webrtc_ns_low,101040.0,partial,доступность
1786194978795,command_menu,webrtc_ns_low,101120.0,partial,доступность
1786194978795,command_menu,webrtc_ns_low,101200.0,partial,доступность
1786194978795,command_menu,webrtc_ns_low,101280.0,partial,доступность
1786194978795,command_menu,webrtc_ns_low,101360.0,partial,доступность
1786194978795,command_menu,webrtc_ns_low,101440.0,partial,доступность
1786194978795,command_menu,webrtc_ns_low,101520.0,partial,доступность
1786194978795,command_menu,webrtc_ns_low,101600.0,partial,доступность
1786194978795,command_menu,webrtc_ns_low,101680.0,partial,доступность
1786194978795,command_menu,webrtc_ns_low,101760.0,partial,доступность
1786194978795,command_menu,webrtc_ns_low,101840.0,partial,доступность
1786194978795,command_menu,webrtc_ns_low,101920.0,partial,доступность
1786194978795,command_menu,webrtc_ns_low,102000.0,partial,доступность
1786194978795,command_menu,webrtc_ns_low,102080.0,partial,доступность
1786194978795,command_menu,webrtc_ns_low,102160.0,partial,доступность
1786194978795,command_menu,webrtc_ns_low,102240.0,partial,доступность
1786194978795,command_menu,webrtc_ns_low,102320.0,partial,доступность
1786194978795,command_menu,webrtc_ns_low,102400.0,partial,доступность
1786194978795,command_menu,webrtc_ns_low,102480.0,partial,доступность
1786194978795,command_menu,webrtc_ns_low,102560.0,partial,доступность
1786194978795,command_menu,webrtc_ns_low,102640.0,partial,доступность
1786194978795,command_menu,webrtc_ns_low,102720.0,partial,доступность
1786194978795,command_menu,webrtc_ns_low,102800.0,partial,доступность
1786194978795,command_menu,webrtc_ns_low,102880.0,partial,доступность
1786194978795,command_menu,webrtc_ns_low,102960.0,endpoint,доступность
1786194978795,command_menu,webrtc_ns_low,105840.0,partial,доступность
1786194978795,command_menu,webrtc_ns_low,105920.0,partial,доступность
1786194978795,command_menu,webrtc_ns_low,106000.0,partial,доступность
1786194978795,command_menu,webrtc_ns_low,106080.0,partial,доступность
1786194978795,command_menu,webrtc_ns_low,106160.0,partial,доступность
1786194978795,command_menu,webrtc_ns_low,106240.0,partial,доступность
1786194978795,command_menu,webrtc_ns_low,106320.0,partial,доступность
1786194978795,command_menu,webrtc_ns_low,106400.0,partial,доступность
1786194978795,command_menu,webrtc_ns_low,106480.0,partial,доступность
1786194978795,command_menu,webrtc_ns_low,106560.0,partial,доступность
1786194978795,command_menu,webrtc_ns_low,106640.0,partial,доступность
1786194978795,command_menu,webrtc_ns_low,106720.0,partial,доступность
1786194978795,command_menu,webrtc_ns_low,106800.0,partial,доступность
1786194978795,command_menu,webrtc_ns_low,106880.0,partial,доступность
1786194978795,command_menu,webrtc_ns_low,106960.0,partial,доступность
1786194978795,command_menu,webrtc_ns_low,107040.0,partial,доступность
1786194978795,command_menu,webrtc_ns_low,107120.0,partial,доступность
1786194978795,command_menu,webrtc_ns_low,107200.0,partial,доступность
1786194978795,command_menu,webrtc_ns_low,107280.0,endpoint,доступность
1786194978795,command_menu,webrtc_ns_low,137520.0,partial,печать
1786194978795,command_menu,webrtc_ns_low,137600.0,partial,печать
1786194978795,command_menu,webrtc_ns_low,137680.0,partial,печать
1786194978795,command_menu,webrtc_ns_low,137760.0,partial,печать
1786194978795,command_menu,webrtc_ns_low,137840.0,partial,печать
1786194978795,command_menu,webrtc_ns_low,137920.0,partial,печать
1786194978795,command_menu,webrtc_ns_low,149520.0,partial,печать
1786194978795,command_menu,webrtc_ns_low,149600.0,partial,печать
1786194978795,command_menu,webrtc_ns_low,149680.0,partial,печать
1786194978795,command_menu,webrtc_ns_low,149760.0,partial,печать
1786194978795,command_menu,webrtc_ns_low,149840.0,partial,печать
1786194978795,command_menu,webrtc_ns_low,149920.0,partial,печать
1786194978795,free_text,webrtc_ns_low,90000.0,endpoint,доступность
1786194978795,free_text,webrtc_ns_low,92400.0,partial,доступность
1786194978795,free_text,webrtc_ns_low,92480.0,partial,доступность
1786194978795,free_text,webrtc_ns_low,92560.0,partial,доступность
1786194978795,free_text,webrtc_ns_low,92640.0,partial,доступность
1786194978795,free_text,webrtc_ns_low,92720.0,partial,доступность
1786194978795,free_text,webrtc_ns_low,92800.0,partial,доступность
1786194978795,free_text,webrtc_ns_low,92880.0,partial,доступность
1786194978795,free_text,webrtc_ns_low,92960.0,partial,доступность
1786194978795,free_text,webrtc_ns_low,93040.0,partial,доступность
1786194978795,free_text,webrtc_ns_low,93120.0,partial,доступность
1786194978795,free_text,webrtc_ns_low,93200.0,partial,доступность
1786194978795,free_text,webrtc_ns_low,93280.0,partial,доступность
1786194978795,free_text,webrtc_ns_low,93360.0,partial,доступность
1786194978795,free_text,webrtc_ns_low,93440.0,partial,доступность
1786194978795,free_text,webrtc_ns_low,93520.0,partial,доступность
1786194978795,free_text,webrtc_ns_low,93600.0,partial,доступность
1786194978795,free_text,webrtc_ns_low,93680.0,partial,доступность
1786194978795,free_text,webrtc_ns_low,93760.0,partial,доступность
1786194978795,free_text,webrtc_ns_low,93840.0,partial,доступность
1786194978795,free_text,webrtc_ns_low,93920.0,partial,доступность
1786194978795,free_text,webrtc_ns_low,94000.0,partial,доступность
1786194978795,free_text,webrtc_ns_low,94080.0,partial,доступность
1786194978795,free_text,webrtc_ns_low,94160.0,partial,доступность
1786194978795,free_text,webrtc_ns_low,94240.0,partial,доступность
1786194978795,free_text,webrtc_ns_low,94320.0,partial,доступность
1786194978795,free_text,webrtc_ns_low,94400.0,partial,доступность
1786194978795,free_text,webrtc_ns_low,94480.0,partial,доступность
1786194978795,free_text,webrtc_ns_low,94560.0,partial,доступность
1786194978795,free_text,webrtc_ns_low,94640.0,partial,доступность
1786194978795,free_text,webrtc_ns_low,94720.0,partial,доступность
1786194978795,free_text,webrtc_ns_low,94800.0,endpoint,доступность
1786194978795,free_text,webrtc_ns_low,98640.0,partial,доступность
1786194978795,free_text,webrtc_ns_low,98720.0,partial,доступность
1786194978795,free_text,webrtc_ns_low,98800.0,partial,доступность
1786194978795,free_text,webrtc_ns_low,98880.0,partial,доступность
1786194978795,free_text,webrtc_ns_low,98960.0,partial,доступность
1786194978795,free_text,webrtc_ns_low,99040.0,partial,доступность
1786194978795,free_text,webrtc_ns_low,99120.0,partial,доступность
1786194978795,free_text,webrtc_ns_low,99200.0,partial,доступность
1786194978795,free_text,webrtc_ns_low,99280.0,partial,доступность
1786194978795,free_text,webrtc_ns_low,99360.0,partial,доступность
1786194978795,free_text,webrtc_ns_low,99440.0,partial,доступность
1786194978795,free_text,webrtc_ns_low,99520.0,partial,доступность
1786194978795,free_text,webrtc_ns_low,99600.0,partial,доступность
1786194978795,free_text,webrtc_ns_low,99680.0,partial,доступность
1786194978795,free_text,webrtc_ns_low,99760.0,partial,доступность
1786194978795,free_text,webrtc_ns_low,99840.0,partial,доступность
1786194978795,free_text,webrtc_ns_low,99920.0,partial,доступность
1786194978795,free_text,webrtc_ns_low,100000.0,partial,доступность
1786194978795,free_text,webrtc_ns_low,100080.0,partial,доступность
1786194978795,free_text,webrtc_ns_low,100160.0,partial,доступность
1786194978795,free_text,webrtc_ns_low,100240.0,partial,доступность
1786194978795,free_text,webrtc_ns_low,100320.0,partial,доступность
1786194978795,free_text,webrtc_ns_low,100400.0,partial,доступность
1786194978795,free_text,webrtc_ns_low,100480.0,partial,доступность
1786194978795,free_text,webrtc_ns_low,100560.0,partial,доступность
1786194978795,free_text,webrtc_ns_low,100640.0,partial,доступность
1786194978795,free_text,webrtc_ns_low,100720.0,partial,доступность
1786194978795,free_text,webrtc_ns_low,100800.0,partial,доступность
1786194978795,free_text,webrtc_ns_low,100880.0,partial,доступность
1786194978795,free_text,webrtc_ns_low,100960.0,partial,доступность
1786194978795,free_text,webrtc_ns_low,101040.0,endpoint,доступность
1786194978795,free_text,webrtc_ns_low,106320.0,partial,доступность
1786194978795,free_text,webrtc_ns_low,106400.0,partial,доступность
1786194978795,free_text,webrtc_ns_low,106480.0,partial,доступность
1786194978795,free_text,webrtc_ns_low,106560.0,partial,доступность
1786194978795,free_text,webrtc_ns_low,106640.0,partial,доступность
1786194978795,free_text,webrtc_ns_low,106720.0,partial,доступность
1786194978795,free_text,webrtc_ns_low,106800.0,partial,доступность
1786194978795,free_text,webrtc_ns_low,106880.0,partial,доступность
1786194978795,free_text,webrtc_ns_low,106960.0,partial,доступность
1786194978795,free_text,webrtc_ns_low,107040.0,partial,доступность
1786194978795,free_text,webrtc_ns_low,107120.0,partial,доступность
1786194978795,free_text,webrtc_ns_low,107200.0,partial,доступность
1786194978795,free_text,webrtc_ns_low,107280.0,partial,доступность
1786194978795,free_text,webrtc_ns_low,107360.0,partial,доступность
1786194978795,free_text,webrtc_ns_low,107440.0,partial,доступность
1786194978795,free_text,webrtc_ns_low,107520.0,partial,доступность
1786194978795,free_text,webrtc_ns_low,107600.0,partial,доступность
1786194978795,free_text,webrtc_ns_low,107680.0,partial,доступность
1786194978795,free_text,webrtc_ns_low,107760.0,partial,доступность
1786194978795,free_text,webrtc_ns_low,107840.0,partial,доступность
1786194978795,free_text,webrtc_ns_low,107920.0,partial,доступность
1786194978795,free_text,webrtc_ns_low,108000.0,partial,доступность
1786194978795,free_text,webrtc_ns_low,108080.0,partial,доступность
1786194978795,free_text,webrtc_ns_low,108160.0,partial,доступность
1786194978795,free_text,webrtc_ns_low,108240.0,partial,доступность
1786194978795,free_text,webrtc_ns_low,108320.0,partial,доступность
1786194978795,free_text,webrtc_ns_low,108400.0,partial,доступность
1786194978795,free_text,webrtc_ns_low,108480.0,partial,доступность
1786194978795,free_text,webrtc_ns_low,108560.0,partial,доступность
1786194978795,free_text,webrtc_ns_low,108640.0,partial,доступность
1786194978795,free_text,webrtc_ns_low,108720.0,endpoint,доступность
1786194978795,free_text,webrtc_ns_low,138000.0,partial,список
1786194978795,free_text,webrtc_ns_low,138080.0,partial,список
1786194978795,free_text,webrtc_ns_low,138160.0,partial,список
1786194978795,free_text,webrtc_ns_low,138240.0,partial,список
1786194978795,free_text,webrtc_ns_low,138320.0,partial,список
1786194978795,free_text,webrtc_ns_low,138400.0,partial,список
1786194978795,free_text,webrtc_ns_low,138480.0,partial,список
1786194978795,free_text,webrtc_ns_low,138560.0,partial,список
1786194978795,free_text,webrtc_ns_low,138640.0,partial,список
1786194978795,free_text,webrtc_ns_low,138720.0,partial,список
1786194978795,free_text,webrtc_ns_low,138800.0,partial,список
1786194978795,free_text,webrtc_ns_low,138880.0,partial,список
1786194978795,free_text,webrtc_ns_low,138960.0,partial,список
1786194978795,free_text,webrtc_ns_low,139040.0,partial,список
1786194978795,free_text,webrtc_ns_low,139120.0,partial,список
1786194978795,free_text,webrtc_ns_low,139200.0,partial,список
1786194978795,free_text,webrtc_ns_low,139280.0,partial,список
1786194978795,free_text,webrtc_ns_low,139360.0,partial,список
1786194978795,free_text,webrtc_ns_low,139440.0,partial,список
1786194978795,free_text,webrtc_ns_low,139520.0,partial,список
1786194978795,free_text,webrtc_ns_low,139600.0,partial,список
1786194978795,free_text,webrtc_ns_low,139680.0,partial,список
1786194978795,free_text,webrtc_ns_low,139760.0,partial,список
1786194978795,free_text,webrtc_ns_low,139840.0,partial,список
1786194978795,free_text,webrtc_ns_low,139920.0,endpoint,список
1786194978795,command_menu,webrtc_ns_moderate,19440.0,partial,вниз
1786194978795,command_menu,webrtc_ns_moderate,19520.0,partial,вниз
1786194978795,command_menu,webrtc_ns_moderate,19600.0,partial,вниз
1786194978795,command_menu,webrtc_ns_moderate,19680.0,partial,вниз
1786194978795,command_menu,webrtc_ns_moderate,19760.0,partial,вниз
1786194978795,command_menu,webrtc_ns_moderate,19840.0,partial,вниз
1786194978795,command_menu,webrtc_ns_moderate,19920.0,partial,вниз
1786194978795,command_menu,webrtc_ns_moderate,20000.0,partial,вниз
1786194978795,command_menu,webrtc_ns_moderate,20080.0,partial,вниз
1786194978795,command_menu,webrtc_ns_moderate,20160.0,partial,вниз
1786194978795,command_menu,webrtc_ns_moderate,20240.0,partial,вниз
1786194978795,command_menu,webrtc_ns_moderate,20320.0,partial,вниз
1786194978795,command_menu,webrtc_ns_moderate,20400.0,partial,вниз
1786194978795,command_menu,webrtc_ns_moderate,20480.0,partial,вниз
1786194978795,command_menu,webrtc_ns_moderate,20560.0,partial,вниз
1786194978795,command_menu,webrtc_ns_moderate,20640.0,partial,вниз
1786194978795,command_menu,webrtc_ns_moderate,20720.0,partial,вниз
1786194978795,command_menu,webrtc_ns_moderate,20800.0,partial,вниз
1786194978795,command_menu,webrtc_ns_moderate,20880.0,endpoint,вниз
1786194978795,command_menu,webrtc_ns_moderate,26640.0,partial,вверх
1786194978795,command_menu,webrtc_ns_moderate,26720.0,partial,вверх
1786194978795,command_menu,webrtc_ns_moderate,26800.0,partial,вверх
1786194978795,command_menu,webrtc_ns_moderate,26880.0,partial,вверх
1786194978795,command_menu,webrtc_ns_moderate,26960.0,partial,вверх
1786194978795,command_menu,webrtc_ns_moderate,27040.0,partial,вверх
1786194978795,command_menu,webrtc_ns_moderate,27120.0,partial,вверх
1786194978795,command_menu,webrtc_ns_moderate,27200.0,partial,вверх
1786194978795,command_menu,webrtc_ns_moderate,27280.0,partial,вверх
1786194978795,command_menu,webrtc_ns_moderate,27360.0,partial,вверх
1786194978795,command_menu,webrtc_ns_moderate,27440.0,partial,вверх
1786194978795,command_menu,webrtc_ns_moderate,27520.0,partial,вверх
1786194978795,command_menu,webrtc_ns_moderate,27600.0,partial,вверх
1786194978795,command_menu,webrtc_ns_moderate,27680.0,partial,вверх
1786194978795,command_menu,webrtc_ns_moderate,27760.0,partial,вверх
1786194978795,command_menu,webrtc_ns_moderate,27840.0,partial,вверх
1786194978795,command_menu,webrtc_ns_moderate,27920.0,partial,вверх
1786194978795,command_menu,webrtc_ns_moderate,28000.0,partial,вверх
1786194978795,command_menu,webrtc_ns_moderate,28080.0,partial,вверх вниз
1786194978795,command_menu,webrtc_ns_moderate,28160.0,partial,вверх вниз
1786194978795,command_menu,webrtc_ns_moderate,28240.0,partial,вверх вниз
1786194978795,command_menu,webrtc_ns_moderate,28320.0,partial,вверх вниз
1786194978795,command_menu,webrtc_ns_moderate,28400.0,partial,вверх вниз
1786194978795,command_menu,webrtc_ns_moderate,28480.0,partial,вверх вниз
1786194978795,command_menu,webrtc_ns_moderate,28560.0,partial,вверх вниз
1786194978795,command_menu,webrtc_ns_moderate,28640.0,partial,вверх вниз
1786194978795,command_menu,webrtc_ns_moderate,28720.0,partial,вверх вниз
1786194978795,command_menu,webrtc_ns_moderate,28800.0,partial,вверх вниз
1786194978795,command_menu,webrtc_ns_moderate,28880.0,partial,вверх вниз
1786194978795,command_menu,webrtc_ns_moderate,28960.0,partial,вверх вниз
1786194978795,command_menu,webrtc_ns_moderate,29040.0,partial,вверх вниз
1786194978795,command_menu,webrtc_ns_moderate,29120.0,partial,вверх вниз
1786194978795,command_menu,webrtc_ns_moderate,29200.0,partial,вверх вниз
1786194978795,command_menu,webrtc_ns_moderate,29280.0,partial,вверх вниз
1786194978795,command_menu,webrtc_ns_moderate,29360.0,partial,вверх вниз
1786194978795,command_menu,webrtc_ns_moderate,29440.0,partial,вверх вниз
1786194978795,command_menu,webrtc_ns_moderate,29520.0,partial,вверх вниз печать
1786194978795,command_menu,webrtc_ns_moderate,29600.0,partial,вверх вниз печать
1786194978795,command_menu,webrtc_ns_moderate,29680.0,partial,вверх вниз печать
1786194978795,command_menu,webrtc_ns_moderate,29760.0,partial,вверх вниз печать
1786194978795,command_menu,webrtc_ns_moderate,29840.0,partial,вверх вниз печать
1786194978795,command_menu,webrtc_ns_moderate,29920.0,partial,вверх вниз печать
1786194978795,command_menu,webrtc_ns_moderate,30000.0,partial,вверх вниз печать
1786194978795,command_menu,webrtc_ns_moderate,30080.0,partial,вверх вниз печать
1786194978795,command_menu,webrtc_ns_moderate,30160.0,partial,вверх вниз печать
1786194978795,command_menu,webrtc_ns_moderate,30240.0,partial,вверх вниз печать
1786194978795,command_menu,webrtc_ns_moderate,30320.0,partial,вверх вниз печать
1786194978795,command_menu,webrtc_ns_moderate,30400.0,partial,вверх вниз печать
1786194978795,command_menu,webrtc_ns_moderate,30480.0,partial,вверх вниз печать
1786194978795,command_menu,webrtc_ns_moderate,30560.0,partial,вверх вниз печать
1786194978795,command_menu,webrtc_ns_moderate,30640.0,partial,вверх вниз печать
1786194978795,command_menu,webrtc_ns_moderate,30720.0,partial,вверх вниз печать
1786194978795,command_menu,webrtc_ns_moderate,30800.0,partial,вверх вниз печать
1786194978795,command_menu,webrtc_ns_moderate,30880.0,partial,вверх вниз печать
1786194978795,command_menu,webrtc_ns_moderate,30960.0,endpoint,вверх вниз печать
1786194978795,command_menu,webrtc_ns_moderate,38160.0,partial,доступность
1786194978795,command_menu,webrtc_ns_moderate,38240.0,partial,доступность
1786194978795,command_menu,webrtc_ns_moderate,38320.0,partial,доступность
1786194978795,command_menu,webrtc_ns_moderate,38400.0,partial,доступность
1786194978795,command_menu,webrtc_ns_moderate,38480.0,partial,доступность
1786194978795,command_menu,webrtc_ns_moderate,38560.0,partial,доступность
1786194978795,command_menu,webrtc_ns_moderate,40080.0,partial,доступность
1786194978795,command_menu,webrtc_ns_moderate,40160.0,partial,доступность
1786194978795,command_menu,webrtc_ns_moderate,40240.0,partial,доступность
1786194978795,command_menu,webrtc_ns_moderate,40320.0,partial,доступность
1786194978795,command_menu,webrtc_ns_moderate,40400.0,partial,доступность
1786194978795,command_menu,webrtc_ns_moderate,40480.0,partial,доступность
1786194978795,command_menu,webrtc_ns_moderate,42000.0,partial,доступность
1786194978795,command_menu,webrtc_ns_moderate,42080.0,partial,доступность
1786194978795,command_menu,webrtc_ns_moderate,42160.0,partial,доступность
1786194978795,command_menu,webrtc_ns_moderate,42240.0,partial,доступность
1786194978795,command_menu,webrtc_ns_moderate,42320.0,partial,доступность
1786194978795,command_menu,webrtc_ns_moderate,42400.0,partial,доступность
1786194978795,command_menu,webrtc_ns_moderate,48720.0,partial,доступность
1786194978795,command_menu,webrtc_ns_moderate,48800.0,partial,доступность
1786194978795,command_menu,webrtc_ns_moderate,48880.0,partial,доступность
1786194978795,command_menu,webrtc_ns_moderate,48960.0,partial,доступность
1786194978795,command_menu,webrtc_ns_moderate,49040.0,partial,доступность
1786194978795,command_menu,webrtc_ns_moderate,49120.0,partial,доступность
1786194978795,command_menu,webrtc_ns_moderate,58800.0,partial,доступность
1786194978795,command_menu,webrtc_ns_moderate,58880.0,partial,доступность
1786194978795,command_menu,webrtc_ns_moderate,58960.0,partial,доступность
1786194978795,command_menu,webrtc_ns_moderate,59040.0,partial,доступность
1786194978795,command_menu,webrtc_ns_moderate,59120.0,partial,доступность
1786194978795,command_menu,webrtc_ns_moderate,59200.0,partial,доступность
1786194978795,command_menu,webrtc_ns_moderate,61200.0,partial,доступность
1786194978795,command_menu,webrtc_ns_moderate,61280.0,partial,доступность
1786194978795,command_menu,webrtc_ns_moderate,61360.0,partial,доступность
1786194978795,command_menu,webrtc_ns_moderate,61440.0,partial,доступность
1786194978795,command_menu,webrtc_ns_moderate,61520.0,partial,доступность
1786194978795,command_menu,webrtc_ns_moderate,61600.0,partial,доступность
1786194978795,command_menu,webrtc_ns_moderate,64080.0,partial,доступность
1786194978795,command_menu,webrtc_ns_moderate,64160.0,partial,доступность
1786194978795,command_menu,webrtc_ns_moderate,64240.0,partial,доступность
1786194978795,command_menu,webrtc_ns_moderate,64320.0,partial,доступность
1786194978795,command_menu,webrtc_ns_moderate,64400.0,partial,доступность
1786194978795,command_menu,webrtc_ns_moderate,64480.0,partial,доступность
1786194978795,command_menu,webrtc_ns_moderate,85680.0,partial,доступность
1786194978795,command_menu,webrtc_ns_moderate,85760.0,partial,доступность
1786194978795,command_menu,webrtc_ns_moderate,85840.0,partial,доступность
1786194978795,command_menu,webrtc_ns_moderate,85920.0,partial,доступность
1786194978795,command_menu,webrtc_ns_moderate,86000.0,partial,доступность
1786194978795,command_menu,webrtc_ns_moderate,86080.0,partial,доступность
1786194978795,command_menu,webrtc_ns_moderate,86160.0,partial,доступность
1786194978795,command_menu,webrtc_ns_moderate,86240.0,partial,доступность
1786194978795,command_menu,webrtc_ns_moderate,86320.0,partial,доступность
1786194978795,command_menu,webrtc_ns_moderate,86400.0,partial,доступность
1786194978795,command_menu,webrtc_ns_moderate,86480.0,partial,доступность
1786194978795,command_menu,webrtc_ns_moderate,86560.0,partial,доступность
1786194978795,command_menu,webrtc_ns_moderate,86640.0,partial,доступность
1786194978795,command_menu,webrtc_ns_moderate,86720.0,partial,доступность
1786194978795,command_menu,webrtc_ns_moderate,86800.0,partial,доступность
1786194978795,command_menu,webrtc_ns_moderate,86880.0,partial,доступность
1786194978795,command_menu,webrtc_ns_moderate,86960.0,partial,доступность
1786194978795,command_menu,webrtc_ns_moderate,87040.0,partial,доступность
1786194978795,command_menu,webrtc_ns_moderate,87120.0,partial,доступность
1786194978795,command_menu,webrtc_ns_moderate,87200.0,partial,доступность
1786194978795,command_menu,webrtc_ns_moderate,87280.0,partial,доступность
1786194978795,command_menu,webrtc_ns_moderate,87360.0,partial,доступность
1786194978795,command_menu,webrtc_ns_moderate,87440.0,partial,доступность
1786194978795,command_menu,webrtc_ns_moderate,87520.0,partial,доступность
1786194978795,command_menu,webrtc_ns_moderate,87600.0,endpoint,доступность
1786194978795,command_menu,webrtc_ns_moderate,89040.0,partial,доступность
1786194978795,command_menu,webrtc_ns_moderate,89120.0,partial,доступность
1786194978795,command_menu,webrtc_ns_moderate,89200.0,partial,доступность
1786194978795,command_menu,webrtc_ns_moderate,89280.0,partial,доступность
1786194978795,command_menu,webrtc_ns_moderate,89360.0,partial,доступность
1786194978795,command_menu,webrtc_ns_moderate,89440.0,partial,доступность
1786194978795,command_menu,webrtc_ns_moderate,89520.0,partial,доступность
1786194978795,command_menu,webrtc_ns_moderate,89600.0,partial,доступность
1786194978795,command_menu,webrtc_ns_moderate,89680.0,partial,доступность
1786194978795,command_menu,webrtc_ns_moderate,89760.0,partial,доступность
1786194978795,command_menu,webrtc_ns_moderate,89840.0,partial,доступность
1786194978795,command_menu,webrtc_ns_moderate,89920.0,partial,доступность
1786194978795,command_menu,webrtc_ns_moderate,90000.0,partial,доступность
1786194978795,command_menu,webrtc_ns_moderate,90080.0,partial,доступность
1786194978795,command_menu,webrtc_ns_moderate,90160.0,partial,доступность
1786194978795,command_menu,webrtc_ns_moderate,90240.0,partial,доступность
1786194978795,command_menu,webrtc_ns_moderate,90320.0,partial,доступность
1786194978795,command_menu,webrtc_ns_moderate,90400.0,partial,доступность
1786194978795,command_menu,webrtc_ns_moderate,90480.0,endpoint,доступность
1786194978795,command_menu,webrtc_ns_moderate,91440.0,partial,доступность
1786194978795,command_menu,webrtc_ns_moderate,91520.0,partial,доступность
1786194978795,command_menu,webrtc_ns_moderate,91600.0,partial,доступность
1786194978795,command_menu,webrtc_ns_moderate,91680.0,partial,доступность
1786194978795,command_menu,webrtc_ns_moderate,91760.0,partial,доступность
1786194978795,command_menu,webrtc_ns_moderate,91840.0,partial,доступность
1786194978795,command_menu,webrtc_ns_moderate,91920.0,partial,доступность
1786194978795,command_menu,webrtc_ns_moderate,92000.0,partial,доступность
1786194978795,command_menu,webrtc_ns_moderate,92080.0,partial,доступность
1786194978795,command_menu,webrtc_ns_moderate,92160.0,partial,доступность
1786194978795,command_menu,webrtc_ns_moderate,92240.0,partial,доступность
1786194978795,command_menu,webrtc_ns_moderate,92320.0,partial,доступность
1786194978795,command_menu,webrtc_ns_moderate,92400.0,partial,доступность
1786194978795,command_menu,webrtc_ns_moderate,92480.0,partial,доступность
1786194978795,command_menu,webrtc_ns_moderate,92560.0,partial,доступность
1786194978795,command_menu,webrtc_ns_moderate,92640.0,partial,доступность
1786194978795,command_menu,webrtc_ns_moderate,92720.0,partial,доступность
1786194978795,command_menu,webrtc_ns_moderate,92800.0,partial,доступность
1786194978795,command_menu,webrtc_ns_moderate,92880.0,partial,доступность
1786194978795,command_menu,webrtc_ns_moderate,92960.0,partial,доступность
1786194978795,command_menu,webrtc_ns_moderate,93040.0,partial,доступность
1786194978795,command_menu,webrtc_ns_moderate,93120.0,partial,доступность
1786194978795,command_menu,webrtc_ns_moderate,93200.0,partial,доступность
1786194978795,command_menu,webrtc_ns_moderate,93280.0,partial,доступность
1786194978795,command_menu,webrtc_ns_moderate,93360.0,endpoint,доступность
1786194978795,command_menu,webrtc_ns_moderate,94800.0,partial,доступность
1786194978795,command_menu,webrtc_ns_moderate,94880.0,partial,доступность
1786194978795,command_menu,webrtc_ns_moderate,94960.0,partial,доступность
1786194978795,command_menu,webrtc_ns_moderate,95040.0,partial,доступность
1786194978795,command_menu,webrtc_ns_moderate,95120.0,partial,доступность
1786194978795,command_menu,webrtc_ns_moderate,95200.0,partial,доступность
1786194978795,command_menu,webrtc_ns_moderate,95280.0,partial,доступность
1786194978795,command_menu,webrtc_ns_moderate,95360.0,partial,доступность
1786194978795,command_menu,webrtc_ns_moderate,95440.0,partial,доступность
1786194978795,command_menu,webrtc_ns_moderate,95520.0,partial,доступность
1786194978795,command_menu,webrtc_ns_moderate,95600.0,partial,доступность
1786194978795,command_menu,webrtc_ns_moderate,95680.0,partial,доступность
1786194978795,command_menu,webrtc_ns_moderate,95760.0,partial,доступность
1786194978795,command_menu,webrtc_ns_moderate,95840.0,partial,доступность
1786194978795,command_menu,webrtc_ns_moderate,95920.0,partial,доступность
1786194978795,command_menu,webrtc_ns_moderate,96000.0,partial,доступность
1786194978795,command_menu,webrtc_ns_moderate,96080.0,partial,доступность
1786194978795,command_menu,webrtc_ns_moderate,96160.0,partial,доступность
1786194978795,command_menu,webrtc_ns_moderate,96240.0,partial,доступность
1786194978795,command_menu,webrtc_ns_moderate,96320.0,partial,доступность
1786194978795,command_menu,webrtc_ns_moderate,96400.0,partial,доступность
1786194978795,command_menu,webrtc_ns_moderate,96480.0,partial,доступность
1786194978795,command_menu,webrtc_ns_moderate,96560.0,partial,доступность
1786194978795,command_menu,webrtc_ns_moderate,96640.0,partial,доступность
1786194978795,command_menu,webrtc_ns_moderate,96720.0,endpoint,доступность
1786194978795,command_menu,webrtc_ns_moderate,98160.0,partial,доступность
1786194978795,command_menu,webrtc_ns_moderate,98240.0,partial,доступность
1786194978795,command_menu,webrtc_ns_moderate,98320.0,partial,доступность
1786194978795,command_menu,webrtc_ns_moderate,98400.0,partial,доступность
1786194978795,command_menu,webrtc_ns_moderate,98480.0,partial,доступность
1786194978795,command_menu,webrtc_ns_moderate,98560.0,partial,доступность
1786194978795,command_menu,webrtc_ns_moderate,98640.0,partial,доступность
1786194978795,command_menu,webrtc_ns_moderate,98720.0,partial,доступность
1786194978795,command_menu,webrtc_ns_moderate,98800.0,partial,доступность
1786194978795,command_menu,webrtc_ns_moderate,98880.0,partial,доступность
1786194978795,command_menu,webrtc_ns_moderate,98960.0,partial,доступность
1786194978795,command_menu,webrtc_ns_moderate,99040.0,partial,доступность
1786194978795,command_menu,webrtc_ns_moderate,99120.0,partial,доступность
1786194978795,command_menu,webrtc_ns_moderate,99200.0,partial,доступность
1786194978795,command_menu,webrtc_ns_moderate,99280.0,partial,доступность
1786194978795,command_menu,webrtc_ns_moderate,99360.0,partial,доступность
1786194978795,command_menu,webrtc_ns_moderate,99440.0,partial,доступность
1786194978795,command_menu,webrtc_ns_moderate,99520.0,partial,доступность
1786194978795,command_menu,webrtc_ns_moderate,99600.0,endpoint,доступность
1786194978795,command_menu,webrtc_ns_moderate,101040.0,partial,доступность
1786194978795,command_menu,webrtc_ns_moderate,101120.0,partial,доступность
1786194978795,command_menu,webrtc_ns_moderate,101200.0,partial,доступность
1786194978795,command_menu,webrtc_ns_moderate,101280.0,partial,доступность
1786194978795,command_menu,webrtc_ns_moderate,101360.0,partial,доступность
1786194978795,command_menu,webrtc_ns_moderate,101440.0,partial,доступность
1786194978795,command_menu,webrtc_ns_moderate,101520.0,partial,доступность
1786194978795,command_menu,webrtc_ns_moderate,101600.0,partial,доступность
1786194978795,command_menu,webrtc_ns_moderate,101680.0,partial,доступность
1786194978795,command_menu,webrtc_ns_moderate,101760.0,partial,доступность
1786194978795,command_menu,webrtc_ns_moderate,101840.0,partial,доступность
1786194978795,command_menu,webrtc_ns_moderate,101920.0,partial,доступность
1786194978795,command_menu,webrtc_ns_moderate,102000.0,partial,доступность
1786194978795,command_menu,webrtc_ns_moderate,102080.0,partial,доступность
1786194978795,command_menu,webrtc_ns_moderate,102160.0,partial,доступность
1786194978795,command_menu,webrtc_ns_moderate,102240.0,partial,доступность
1786194978795,command_menu,webrtc_ns_moderate,102320.0,partial,доступность
1786194978795,command_menu,webrtc_ns_moderate,102400.0,partial,доступность
1786194978795,command_menu,webrtc_ns_moderate,102480.0,partial,доступность
1786194978795,command_menu,webrtc_ns_moderate,102560.0,partial,доступность
1786194978795,command_menu,webrtc_ns_moderate,102640.0,partial,доступность
1786194978795,command_menu,webrtc_ns_moderate,102720.0,partial,доступность
1786194978795,command_menu,webrtc_ns_moderate,102800.0,partial,доступность
1786194978795,command_menu,webrtc_ns_moderate,102880.0,partial,доступность
1786194978795,command_menu,webrtc_ns_moderate,102960.0,endpoint,доступность
1786194978795,command_menu,webrtc_ns_moderate,105840.0,partial,доступность
1786194978795,command_menu,webrtc_ns_moderate,105920.0,partial,доступность
1786194978795,command_menu,webrtc_ns_moderate,106000.0,partial,доступность
1786194978795,command_menu,webrtc_ns_moderate,106080.0,partial,доступность
1786194978795,command_menu,webrtc_ns_moderate,106160.0,partial,доступность
1786194978795,command_menu,webrtc_ns_moderate,106240.0,partial,доступность
1786194978795,command_menu,webrtc_ns_moderate,106320.0,partial,доступность
1786194978795,command_menu,webrtc_ns_moderate,106400.0,partial,доступность
1786194978795,command_menu,webrtc_ns_moderate,106480.0,partial,доступность
1786194978795,command_menu,webrtc_ns_moderate,106560.0,partial,доступность
1786194978795,command_menu,webrtc_ns_moderate,106640.0,partial,доступность
1786194978795,command_menu,webrtc_ns_moderate,106720.0,partial,доступность
1786194978795,command_menu,webrtc_ns_moderate,106800.0,partial,доступность
1786194978795,command_menu,webrtc_ns_moderate,106880.0,partial,доступность
1786194978795,command_menu,webrtc_ns_moderate,106960.0,partial,доступность
1786194978795,command_menu,webrtc_ns_moderate,107040.0,partial,доступность
1786194978795,command_menu,webrtc_ns_moderate,107120.0,partial,доступность
1786194978795,command_menu,webrtc_ns_moderate,107200.0,partial,доступность
1786194978795,command_menu,webrtc_ns_moderate,107280.0,endpoint,доступность
1786194978795,command_menu,webrtc_ns_moderate,137520.0,partial,печать
1786194978795,command_menu,webrtc_ns_moderate,137600.0,partial,печать
1786194978795,command_menu,webrtc_ns_moderate,137680.0,partial,печать
1786194978795,command_menu,webrtc_ns_moderate,137760.0,partial,печать
1786194978795,command_menu,webrtc_ns_moderate,137840.0,partial,печать
1786194978795,command_menu,webrtc_ns_moderate,137920.0,partial,печать
1786194978795,command_menu,webrtc_ns_moderate,149520.0,partial,печать
1786194978795,command_menu,webrtc_ns_moderate,149600.0,partial,печать
1786194978795,command_menu,webrtc_ns_moderate,149680.0,partial,печать
1786194978795,command_menu,webrtc_ns_moderate,149760.0,partial,печать
1786194978795,command_menu,webrtc_ns_moderate,149840.0,partial,печать
1786194978795,command_menu,webrtc_ns_moderate,149920.0,partial,печать
1786194978795,free_text,webrtc_ns_moderate,90000.0,endpoint,доступность
1786194978795,free_text,webrtc_ns_moderate,92400.0,partial,доступность
1786194978795,free_text,webrtc_ns_moderate,92480.0,partial,доступность
1786194978795,free_text,webrtc_ns_moderate,92560.0,partial,доступность
1786194978795,free_text,webrtc_ns_moderate,92640.0,partial,доступность
1786194978795,free_text,webrtc_ns_moderate,92720.0,partial,доступность
1786194978795,free_text,webrtc_ns_moderate,92800.0,partial,доступность
1786194978795,free_text,webrtc_ns_moderate,92880.0,partial,доступность
1786194978795,free_text,webrtc_ns_moderate,92960.0,partial,доступность
1786194978795,free_text,webrtc_ns_moderate,93040.0,partial,доступность
1786194978795,free_text,webrtc_ns_moderate,93120.0,partial,доступность
1786194978795,free_text,webrtc_ns_moderate,93200.0,partial,доступность
1786194978795,free_text,webrtc_ns_moderate,93280.0,partial,доступность
1786194978795,free_text,webrtc_ns_moderate,93360.0,partial,доступность
1786194978795,free_text,webrtc_ns_moderate,93440.0,partial,доступность
1786194978795,free_text,webrtc_ns_moderate,93520.0,partial,доступность
1786194978795,free_text,webrtc_ns_moderate,93600.0,partial,доступность
1786194978795,free_text,webrtc_ns_moderate,93680.0,partial,доступность
1786194978795,free_text,webrtc_ns_moderate,93760.0,partial,доступность
1786194978795,free_text,webrtc_ns_moderate,93840.0,partial,доступность
1786194978795,free_text,webrtc_ns_moderate,93920.0,partial,доступность
1786194978795,free_text,webrtc_ns_moderate,94000.0,partial,доступность
1786194978795,free_text,webrtc_ns_moderate,94080.0,partial,доступность
1786194978795,free_text,webrtc_ns_moderate,94160.0,partial,доступность
1786194978795,free_text,webrtc_ns_moderate,94240.0,partial,доступность
1786194978795,free_text,webrtc_ns_moderate,94320.0,partial,доступность
1786194978795,free_text,webrtc_ns_moderate,94400.0,partial,доступность
1786194978795,free_text,webrtc_ns_moderate,94480.0,partial,доступность
1786194978795,free_text,webrtc_ns_moderate,94560.0,partial,доступность
1786194978795,free_text,webrtc_ns_moderate,94640.0,partial,доступность
1786194978795,free_text,webrtc_ns_moderate,94720.0,partial,доступность
1786194978795,free_text,webrtc_ns_moderate,94800.0,endpoint,доступность
1786194978795,free_text,webrtc_ns_moderate,98640.0,partial,доступность
1786194978795,free_text,webrtc_ns_moderate,98720.0,partial,доступность
1786194978795,free_text,webrtc_ns_moderate,98800.0,partial,доступность
1786194978795,free_text,webrtc_ns_moderate,98880.0,partial,доступность
1786194978795,free_text,webrtc_ns_moderate,98960.0,partial,доступность
1786194978795,free_text,webrtc_ns_moderate,99040.0,partial,доступность
1786194978795,free_text,webrtc_ns_moderate,99120.0,partial,доступность
1786194978795,free_text,webrtc_ns_moderate,99200.0,partial,доступность
1786194978795,free_text,webrtc_ns_moderate,99280.0,partial,доступность
1786194978795,free_text,webrtc_ns_moderate,99360.0,partial,доступность
1786194978795,free_text,webrtc_ns_moderate,99440.0,partial,доступность
1786194978795,free_text,webrtc_ns_moderate,99520.0,partial,доступность
1786194978795,free_text,webrtc_ns_moderate,99600.0,partial,доступность
1786194978795,free_text,webrtc_ns_moderate,99680.0,partial,доступность
1786194978795,free_text,webrtc_ns_moderate,99760.0,partial,доступность
1786194978795,free_text,webrtc_ns_moderate,99840.0,partial,доступность
1786194978795,free_text,webrtc_ns_moderate,99920.0,partial,доступность
1786194978795,free_text,webrtc_ns_moderate,100000.0,partial,доступность
1786194978795,free_text,webrtc_ns_moderate,100080.0,partial,доступность
1786194978795,free_text,webrtc_ns_moderate,100160.0,partial,доступность
1786194978795,free_text,webrtc_ns_moderate,100240.0,partial,доступность
1786194978795,free_text,webrtc_ns_moderate,100320.0,partial,доступность
1786194978795,free_text,webrtc_ns_moderate,100400.0,partial,доступность
1786194978795,free_text,webrtc_ns_moderate,100480.0,partial,доступность
1786194978795,free_text,webrtc_ns_moderate,100560.0,partial,доступность
1786194978795,free_text,webrtc_ns_moderate,100640.0,partial,доступность
1786194978795,free_text,webrtc_ns_moderate,100720.0,partial,доступность
1786194978795,free_text,webrtc_ns_moderate,100800.0,partial,доступность
1786194978795,free_text,webrtc_ns_moderate,100880.0,partial,доступность
1786194978795,free_text,webrtc_ns_moderate,100960.0,partial,доступность
1786194978795,free_text,webrtc_ns_moderate,101040.0,partial,доступность
1786194978795,free_text,webrtc_ns_moderate,101120.0,partial,доступность
1786194978795,free_text,webrtc_ns_moderate,101200.0,partial,доступность
1786194978795,free_text,webrtc_ns_moderate,101280.0,partial,доступность
1786194978795,free_text,webrtc_ns_moderate,101360.0,partial,доступность
1786194978795,free_text,webrtc_ns_moderate,101440.0,partial,доступность
1786194978795,free_text,webrtc_ns_moderate,101520.0,endpoint,доступность
1786194978795,free_text,webrtc_ns_moderate,106320.0,partial,доступность
1786194978795,free_text,webrtc_ns_moderate,106400.0,partial,доступность
1786194978795,free_text,webrtc_ns_moderate,106480.0,partial,доступность
1786194978795,free_text,webrtc_ns_moderate,106560.0,partial,доступность
1786194978795,free_text,webrtc_ns_moderate,106640.0,partial,доступность
1786194978795,free_text,webrtc_ns_moderate,106720.0,partial,доступность
1786194978795,free_text,webrtc_ns_moderate,106800.0,partial,доступность
1786194978795,free_text,webrtc_ns_moderate,106880.0,partial,доступность
1786194978795,free_text,webrtc_ns_moderate,106960.0,partial,доступность
1786194978795,free_text,webrtc_ns_moderate,107040.0,partial,доступность
1786194978795,free_text,webrtc_ns_moderate,107120.0,partial,доступность
1786194978795,free_text,webrtc_ns_moderate,107200.0,partial,доступность
1786194978795,free_text,webrtc_ns_moderate,107280.0,partial,доступность
1786194978795,free_text,webrtc_ns_moderate,107360.0,partial,доступность
1786194978795,free_text,webrtc_ns_moderate,107440.0,partial,доступность
1786194978795,free_text,webrtc_ns_moderate,107520.0,partial,доступность
1786194978795,free_text,webrtc_ns_moderate,107600.0,partial,доступность
1786194978795,free_text,webrtc_ns_moderate,107680.0,partial,доступность
1786194978795,free_text,webrtc_ns_moderate,107760.0,partial,доступность
1786194978795,free_text,webrtc_ns_moderate,107840.0,partial,доступность
1786194978795,free_text,webrtc_ns_moderate,107920.0,partial,доступность
1786194978795,free_text,webrtc_ns_moderate,108000.0,partial,доступность
1786194978795,free_text,webrtc_ns_moderate,108080.0,partial,доступность
1786194978795,free_text,webrtc_ns_moderate,108160.0,partial,доступность
1786194978795,free_text,webrtc_ns_moderate,108240.0,endpoint,доступность
1786194978795,free_text,webrtc_ns_moderate,138000.0,partial,список
1786194978795,free_text,webrtc_ns_moderate,138080.0,partial,список
1786194978795,free_text,webrtc_ns_moderate,138160.0,partial,список
1786194978795,free_text,webrtc_ns_moderate,138240.0,partial,список
1786194978795,free_text,webrtc_ns_moderate,138320.0,partial,список
1786194978795,free_text,webrtc_ns_moderate,138400.0,partial,список
1786194978795,free_text,webrtc_ns_moderate,138480.0,partial,список
1786194978795,free_text,webrtc_ns_moderate,138560.0,partial,список
1786194978795,free_text,webrtc_ns_moderate,138640.0,partial,список
1786194978795,free_text,webrtc_ns_moderate,138720.0,partial,список
1786194978795,free_text,webrtc_ns_moderate,138800.0,partial,список
1786194978795,free_text,webrtc_ns_moderate,138880.0,partial,список
1786194978795,free_text,webrtc_ns_moderate,138960.0,partial,список
1786194978795,free_text,webrtc_ns_moderate,139040.0,partial,список
1786194978795,free_text,webrtc_ns_moderate,139120.0,partial,список
1786194978795,free_text,webrtc_ns_moderate,139200.0,partial,список
1786194978795,free_text,webrtc_ns_moderate,139280.0,partial,список
1786194978795,free_text,webrtc_ns_moderate,139360.0,partial,список
1786194978795,free_text,webrtc_ns_moderate,139440.0,partial,список
1786194978795,free_text,webrtc_ns_moderate,139520.0,partial,список
1786194978795,free_text,webrtc_ns_moderate,139600.0,partial,список
1786194978795,free_text,webrtc_ns_moderate,139680.0,partial,список
1786194978795,free_text,webrtc_ns_moderate,139760.0,partial,список
1786194978795,free_text,webrtc_ns_moderate,139840.0,partial,список
1786194978795,free_text,webrtc_ns_moderate,139920.0,endpoint,список
1786194978795,command_menu,webrtc_ns_high,19440.0,partial,вниз
1786194978795,command_menu,webrtc_ns_high,19520.0,partial,вниз
1786194978795,command_menu,webrtc_ns_high,19600.0,partial,вниз
1786194978795,command_menu,webrtc_ns_high,19680.0,partial,вниз
1786194978795,command_menu,webrtc_ns_high,19760.0,partial,вниз
1786194978795,command_menu,webrtc_ns_high,19840.0,partial,вниз
1786194978795,command_menu,webrtc_ns_high,19920.0,partial,вниз
1786194978795,command_menu,webrtc_ns_high,20000.0,partial,вниз
1786194978795,command_menu,webrtc_ns_high,20080.0,partial,вниз
1786194978795,command_menu,webrtc_ns_high,20160.0,partial,вниз
1786194978795,command_menu,webrtc_ns_high,20240.0,partial,вниз
1786194978795,command_menu,webrtc_ns_high,20320.0,partial,вниз
1786194978795,command_menu,webrtc_ns_high,20400.0,partial,вниз
1786194978795,command_menu,webrtc_ns_high,20480.0,partial,вниз
1786194978795,command_menu,webrtc_ns_high,20560.0,partial,вниз
1786194978795,command_menu,webrtc_ns_high,20640.0,partial,вниз
1786194978795,command_menu,webrtc_ns_high,20720.0,partial,вниз
1786194978795,command_menu,webrtc_ns_high,20800.0,partial,вниз
1786194978795,command_menu,webrtc_ns_high,20880.0,endpoint,вниз
1786194978795,command_menu,webrtc_ns_high,26640.0,partial,доступность
1786194978795,command_menu,webrtc_ns_high,26720.0,partial,доступность
1786194978795,command_menu,webrtc_ns_high,26800.0,partial,доступность
1786194978795,command_menu,webrtc_ns_high,26880.0,partial,доступность
1786194978795,command_menu,webrtc_ns_high,26960.0,partial,доступность
1786194978795,command_menu,webrtc_ns_high,27040.0,partial,доступность
1786194978795,command_menu,webrtc_ns_high,27120.0,partial,вверх
1786194978795,command_menu,webrtc_ns_high,27200.0,partial,вверх
1786194978795,command_menu,webrtc_ns_high,27280.0,partial,вверх
1786194978795,command_menu,webrtc_ns_high,27360.0,partial,вверх
1786194978795,command_menu,webrtc_ns_high,27440.0,partial,вверх
1786194978795,command_menu,webrtc_ns_high,27520.0,partial,вверх
1786194978795,command_menu,webrtc_ns_high,27600.0,partial,вверх
1786194978795,command_menu,webrtc_ns_high,27680.0,partial,вверх
1786194978795,command_menu,webrtc_ns_high,27760.0,partial,вверх
1786194978795,command_menu,webrtc_ns_high,27840.0,partial,вверх
1786194978795,command_menu,webrtc_ns_high,27920.0,partial,вверх
1786194978795,command_menu,webrtc_ns_high,28000.0,partial,вверх
1786194978795,command_menu,webrtc_ns_high,28080.0,partial,вверх вниз
1786194978795,command_menu,webrtc_ns_high,28160.0,partial,вверх вниз
1786194978795,command_menu,webrtc_ns_high,28240.0,partial,вверх вниз
1786194978795,command_menu,webrtc_ns_high,28320.0,partial,вверх вниз
1786194978795,command_menu,webrtc_ns_high,28400.0,partial,вверх вниз
1786194978795,command_menu,webrtc_ns_high,28480.0,partial,вверх вниз
1786194978795,command_menu,webrtc_ns_high,28560.0,partial,вверх вниз
1786194978795,command_menu,webrtc_ns_high,28640.0,partial,вверх вниз
1786194978795,command_menu,webrtc_ns_high,28720.0,partial,вверх вниз
1786194978795,command_menu,webrtc_ns_high,28800.0,partial,вверх вниз
1786194978795,command_menu,webrtc_ns_high,28880.0,partial,вверх вниз
1786194978795,command_menu,webrtc_ns_high,28960.0,partial,вверх вниз
1786194978795,command_menu,webrtc_ns_high,29040.0,partial,вверх вниз
1786194978795,command_menu,webrtc_ns_high,29120.0,partial,вверх вниз
1786194978795,command_menu,webrtc_ns_high,29200.0,partial,вверх вниз
1786194978795,command_menu,webrtc_ns_high,29280.0,partial,вверх вниз
1786194978795,command_menu,webrtc_ns_high,29360.0,partial,вверх вниз
1786194978795,command_menu,webrtc_ns_high,29440.0,partial,вверх вниз
1786194978795,command_menu,webrtc_ns_high,29520.0,partial,вверх вниз печать
1786194978795,command_menu,webrtc_ns_high,29600.0,partial,вверх вниз печать
1786194978795,command_menu,webrtc_ns_high,29680.0,partial,вверх вниз печать
1786194978795,command_menu,webrtc_ns_high,29760.0,partial,вверх вниз печать
1786194978795,command_menu,webrtc_ns_high,29840.0,partial,вверх вниз печать
1786194978795,command_menu,webrtc_ns_high,29920.0,partial,вверх вниз печать
1786194978795,command_menu,webrtc_ns_high,30000.0,partial,вверх вниз печать
1786194978795,command_menu,webrtc_ns_high,30080.0,partial,вверх вниз печать
1786194978795,command_menu,webrtc_ns_high,30160.0,partial,вверх вниз печать
1786194978795,command_menu,webrtc_ns_high,30240.0,partial,вверх вниз печать
1786194978795,command_menu,webrtc_ns_high,30320.0,partial,вверх вниз печать
1786194978795,command_menu,webrtc_ns_high,30400.0,partial,вверх вниз печать
1786194978795,command_menu,webrtc_ns_high,30480.0,partial,вверх вниз печать
1786194978795,command_menu,webrtc_ns_high,30560.0,partial,вверх вниз печать
1786194978795,command_menu,webrtc_ns_high,30640.0,partial,вверх вниз печать
1786194978795,command_menu,webrtc_ns_high,30720.0,partial,вверх вниз печать
1786194978795,command_menu,webrtc_ns_high,30800.0,partial,вверх вниз печать
1786194978795,command_menu,webrtc_ns_high,30880.0,partial,вверх вниз печать
1786194978795,command_menu,webrtc_ns_high,30960.0,endpoint,вверх вниз печать
1786194978795,command_menu,webrtc_ns_high,32880.0,partial,доступность
1786194978795,command_menu,webrtc_ns_high,32960.0,partial,доступность
1786194978795,command_menu,webrtc_ns_high,33040.0,partial,доступность
1786194978795,command_menu,webrtc_ns_high,33120.0,partial,доступность
1786194978795,command_menu,webrtc_ns_high,33200.0,partial,доступность
1786194978795,command_menu,webrtc_ns_high,33280.0,partial,доступность
1786194978795,command_menu,webrtc_ns_high,38160.0,partial,доступность
1786194978795,command_menu,webrtc_ns_high,38240.0,partial,доступность
1786194978795,command_menu,webrtc_ns_high,38320.0,partial,доступность
1786194978795,command_menu,webrtc_ns_high,38400.0,partial,доступность
1786194978795,command_menu,webrtc_ns_high,38480.0,partial,доступность
1786194978795,command_menu,webrtc_ns_high,38560.0,partial,доступность
1786194978795,command_menu,webrtc_ns_high,40080.0,partial,доступность
1786194978795,command_menu,webrtc_ns_high,40160.0,partial,доступность
1786194978795,command_menu,webrtc_ns_high,40240.0,partial,доступность
1786194978795,command_menu,webrtc_ns_high,40320.0,partial,доступность
1786194978795,command_menu,webrtc_ns_high,40400.0,partial,доступность
1786194978795,command_menu,webrtc_ns_high,40480.0,partial,доступность
1786194978795,command_menu,webrtc_ns_high,42000.0,partial,доступность
1786194978795,command_menu,webrtc_ns_high,42080.0,partial,доступность
1786194978795,command_menu,webrtc_ns_high,42160.0,partial,доступность
1786194978795,command_menu,webrtc_ns_high,42240.0,partial,доступность
1786194978795,command_menu,webrtc_ns_high,42320.0,partial,доступность
1786194978795,command_menu,webrtc_ns_high,42400.0,partial,доступность
1786194978795,command_menu,webrtc_ns_high,48720.0,partial,доступность
1786194978795,command_menu,webrtc_ns_high,48800.0,partial,доступность
1786194978795,command_menu,webrtc_ns_high,48880.0,partial,доступность
1786194978795,command_menu,webrtc_ns_high,48960.0,partial,доступность
1786194978795,command_menu,webrtc_ns_high,49040.0,partial,доступность
1786194978795,command_menu,webrtc_ns_high,49120.0,partial,доступность
1786194978795,command_menu,webrtc_ns_high,58800.0,partial,доступность
1786194978795,command_menu,webrtc_ns_high,58880.0,partial,доступность
1786194978795,command_menu,webrtc_ns_high,58960.0,partial,доступность
1786194978795,command_menu,webrtc_ns_high,59040.0,partial,доступность
1786194978795,command_menu,webrtc_ns_high,59120.0,partial,доступность
1786194978795,command_menu,webrtc_ns_high,59200.0,partial,доступность
1786194978795,command_menu,webrtc_ns_high,61200.0,partial,доступность
1786194978795,command_menu,webrtc_ns_high,61280.0,partial,доступность
1786194978795,command_menu,webrtc_ns_high,61360.0,partial,доступность
1786194978795,command_menu,webrtc_ns_high,61440.0,partial,доступность
1786194978795,command_menu,webrtc_ns_high,61520.0,partial,доступность
1786194978795,command_menu,webrtc_ns_high,61600.0,partial,доступность
1786194978795,command_menu,webrtc_ns_high,64080.0,partial,доступность
1786194978795,command_menu,webrtc_ns_high,64160.0,partial,доступность
1786194978795,command_menu,webrtc_ns_high,64240.0,partial,доступность
1786194978795,command_menu,webrtc_ns_high,64320.0,partial,доступность
1786194978795,command_menu,webrtc_ns_high,64400.0,partial,доступность
1786194978795,command_menu,webrtc_ns_high,64480.0,partial,доступность
1786194978795,command_menu,webrtc_ns_high,85680.0,partial,доступность
1786194978795,command_menu,webrtc_ns_high,85760.0,partial,доступность
1786194978795,command_menu,webrtc_ns_high,85840.0,partial,доступность
1786194978795,command_menu,webrtc_ns_high,85920.0,partial,доступность
1786194978795,command_menu,webrtc_ns_high,86000.0,partial,доступность
1786194978795,command_menu,webrtc_ns_high,86080.0,partial,доступность
1786194978795,command_menu,webrtc_ns_high,86160.0,partial,доступность
1786194978795,command_menu,webrtc_ns_high,86240.0,partial,доступность
1786194978795,command_menu,webrtc_ns_high,86320.0,partial,доступность
1786194978795,command_menu,webrtc_ns_high,86400.0,partial,доступность
1786194978795,command_menu,webrtc_ns_high,86480.0,partial,доступность
1786194978795,command_menu,webrtc_ns_high,86560.0,partial,доступность
1786194978795,command_menu,webrtc_ns_high,86640.0,partial,доступность
1786194978795,command_menu,webrtc_ns_high,86720.0,partial,доступность
1786194978795,command_menu,webrtc_ns_high,86800.0,partial,доступность
1786194978795,command_menu,webrtc_ns_high,86880.0,partial,доступность
1786194978795,command_menu,webrtc_ns_high,86960.0,partial,доступность
1786194978795,command_menu,webrtc_ns_high,87040.0,partial,доступность
1786194978795,command_menu,webrtc_ns_high,87120.0,partial,доступность
1786194978795,command_menu,webrtc_ns_high,87200.0,partial,доступность
1786194978795,command_menu,webrtc_ns_high,87280.0,partial,доступность
1786194978795,command_menu,webrtc_ns_high,87360.0,partial,доступность
1786194978795,command_menu,webrtc_ns_high,87440.0,partial,доступность
1786194978795,command_menu,webrtc_ns_high,87520.0,partial,доступность
1786194978795,command_menu,webrtc_ns_high,87600.0,endpoint,доступность
1786194978795,command_menu,webrtc_ns_high,89520.0,partial,доступность
1786194978795,command_menu,webrtc_ns_high,89600.0,partial,доступность
1786194978795,command_menu,webrtc_ns_high,89680.0,partial,доступность
1786194978795,command_menu,webrtc_ns_high,89760.0,partial,доступность
1786194978795,command_menu,webrtc_ns_high,89840.0,partial,доступность
1786194978795,command_menu,webrtc_ns_high,89920.0,partial,доступность
1786194978795,command_menu,webrtc_ns_high,90000.0,partial,доступность
1786194978795,command_menu,webrtc_ns_high,90080.0,partial,доступность
1786194978795,command_menu,webrtc_ns_high,90160.0,partial,доступность
1786194978795,command_menu,webrtc_ns_high,90240.0,partial,доступность
1786194978795,command_menu,webrtc_ns_high,90320.0,partial,доступность
1786194978795,command_menu,webrtc_ns_high,90400.0,partial,доступность
1786194978795,command_menu,webrtc_ns_high,90480.0,endpoint,доступность
1786194978795,command_menu,webrtc_ns_high,91440.0,partial,доступность
1786194978795,command_menu,webrtc_ns_high,91520.0,partial,доступность
1786194978795,command_menu,webrtc_ns_high,91600.0,partial,доступность
1786194978795,command_menu,webrtc_ns_high,91680.0,partial,доступность
1786194978795,command_menu,webrtc_ns_high,91760.0,partial,доступность
1786194978795,command_menu,webrtc_ns_high,91840.0,partial,доступность
1786194978795,command_menu,webrtc_ns_high,91920.0,partial,доступность
1786194978795,command_menu,webrtc_ns_high,92000.0,partial,доступность
1786194978795,command_menu,webrtc_ns_high,92080.0,partial,доступность
1786194978795,command_menu,webrtc_ns_high,92160.0,partial,доступность
1786194978795,command_menu,webrtc_ns_high,92240.0,partial,доступность
1786194978795,command_menu,webrtc_ns_high,92320.0,partial,доступность
1786194978795,command_menu,webrtc_ns_high,92400.0,partial,доступность
1786194978795,command_menu,webrtc_ns_high,92480.0,partial,доступность
1786194978795,command_menu,webrtc_ns_high,92560.0,partial,доступность
1786194978795,command_menu,webrtc_ns_high,92640.0,partial,доступность
1786194978795,command_menu,webrtc_ns_high,92720.0,partial,доступность
1786194978795,command_menu,webrtc_ns_high,92800.0,partial,доступность
1786194978795,command_menu,webrtc_ns_high,92880.0,partial,доступность
1786194978795,command_menu,webrtc_ns_high,92960.0,partial,доступность
1786194978795,command_menu,webrtc_ns_high,93040.0,partial,доступность
1786194978795,command_menu,webrtc_ns_high,93120.0,partial,доступность
1786194978795,command_menu,webrtc_ns_high,93200.0,partial,доступность
1786194978795,command_menu,webrtc_ns_high,93280.0,partial,доступность
1786194978795,command_menu,webrtc_ns_high,93360.0,endpoint,доступность
1786194978795,command_menu,webrtc_ns_high,94800.0,partial,доступность
1786194978795,command_menu,webrtc_ns_high,94880.0,partial,доступность
1786194978795,command_menu,webrtc_ns_high,94960.0,partial,доступность
1786194978795,command_menu,webrtc_ns_high,95040.0,partial,доступность
1786194978795,command_menu,webrtc_ns_high,95120.0,partial,доступность
1786194978795,command_menu,webrtc_ns_high,95200.0,partial,доступность
1786194978795,command_menu,webrtc_ns_high,95280.0,partial,доступность
1786194978795,command_menu,webrtc_ns_high,95360.0,partial,доступность
1786194978795,command_menu,webrtc_ns_high,95440.0,partial,доступность
1786194978795,command_menu,webrtc_ns_high,95520.0,partial,доступность
1786194978795,command_menu,webrtc_ns_high,95600.0,partial,доступность
1786194978795,command_menu,webrtc_ns_high,95680.0,partial,доступность
1786194978795,command_menu,webrtc_ns_high,95760.0,partial,доступность
1786194978795,command_menu,webrtc_ns_high,95840.0,partial,доступность
1786194978795,command_menu,webrtc_ns_high,95920.0,partial,доступность
1786194978795,command_menu,webrtc_ns_high,96000.0,partial,доступность
1786194978795,command_menu,webrtc_ns_high,96080.0,partial,доступность
1786194978795,command_menu,webrtc_ns_high,96160.0,partial,доступность
1786194978795,command_menu,webrtc_ns_high,96240.0,partial,доступность
1786194978795,command_menu,webrtc_ns_high,96320.0,partial,доступность
1786194978795,command_menu,webrtc_ns_high,96400.0,partial,доступность
1786194978795,command_menu,webrtc_ns_high,96480.0,partial,доступность
1786194978795,command_menu,webrtc_ns_high,96560.0,partial,доступность
1786194978795,command_menu,webrtc_ns_high,96640.0,partial,доступность
1786194978795,command_menu,webrtc_ns_high,96720.0,endpoint,доступность
1786194978795,command_menu,webrtc_ns_high,98160.0,partial,доступность
1786194978795,command_menu,webrtc_ns_high,98240.0,partial,доступность
1786194978795,command_menu,webrtc_ns_high,98320.0,partial,доступность
1786194978795,command_menu,webrtc_ns_high,98400.0,partial,доступность
1786194978795,command_menu,webrtc_ns_high,98480.0,partial,доступность
1786194978795,command_menu,webrtc_ns_high,98560.0,partial,доступность
1786194978795,command_menu,webrtc_ns_high,98640.0,partial,доступность
1786194978795,command_menu,webrtc_ns_high,98720.0,partial,доступность
1786194978795,command_menu,webrtc_ns_high,98800.0,partial,доступность
1786194978795,command_menu,webrtc_ns_high,98880.0,partial,доступность
1786194978795,command_menu,webrtc_ns_high,98960.0,partial,доступность
1786194978795,command_menu,webrtc_ns_high,99040.0,partial,доступность
1786194978795,command_menu,webrtc_ns_high,99120.0,partial,доступность
1786194978795,command_menu,webrtc_ns_high,99200.0,partial,доступность
1786194978795,command_menu,webrtc_ns_high,99280.0,partial,доступность
1786194978795,command_menu,webrtc_ns_high,99360.0,partial,доступность
1786194978795,command_menu,webrtc_ns_high,99440.0,partial,доступность
1786194978795,command_menu,webrtc_ns_high,99520.0,partial,доступность
1786194978795,command_menu,webrtc_ns_high,99600.0,endpoint,доступность
1786194978795,command_menu,webrtc_ns_high,101040.0,partial,доступность
1786194978795,command_menu,webrtc_ns_high,101120.0,partial,доступность
1786194978795,command_menu,webrtc_ns_high,101200.0,partial,доступность
1786194978795,command_menu,webrtc_ns_high,101280.0,partial,доступность
1786194978795,command_menu,webrtc_ns_high,101360.0,partial,доступность
1786194978795,command_menu,webrtc_ns_high,101440.0,partial,доступность
1786194978795,command_menu,webrtc_ns_high,101520.0,partial,доступность
1786194978795,command_menu,webrtc_ns_high,101600.0,partial,доступность
1786194978795,command_menu,webrtc_ns_high,101680.0,partial,доступность
1786194978795,command_menu,webrtc_ns_high,101760.0,partial,доступность
1786194978795,command_menu,webrtc_ns_high,101840.0,partial,доступность
1786194978795,command_menu,webrtc_ns_high,101920.0,partial,доступность
1786194978795,command_menu,webrtc_ns_high,102000.0,partial,доступность
1786194978795,command_menu,webrtc_ns_high,102080.0,partial,доступность
1786194978795,command_menu,webrtc_ns_high,102160.0,partial,доступность
1786194978795,command_menu,webrtc_ns_high,102240.0,partial,доступность
1786194978795,command_menu,webrtc_ns_high,102320.0,partial,доступность
1786194978795,command_menu,webrtc_ns_high,102400.0,partial,доступность
1786194978795,command_menu,webrtc_ns_high,102480.0,partial,доступность
1786194978795,command_menu,webrtc_ns_high,102560.0,partial,доступность
1786194978795,command_menu,webrtc_ns_high,102640.0,partial,доступность
1786194978795,command_menu,webrtc_ns_high,102720.0,partial,доступность
1786194978795,command_menu,webrtc_ns_high,102800.0,partial,доступность
1786194978795,command_menu,webrtc_ns_high,102880.0,partial,доступность
1786194978795,command_menu,webrtc_ns_high,102960.0,endpoint,доступность
1786194978795,command_menu,webrtc_ns_high,105840.0,partial,доступность
1786194978795,command_menu,webrtc_ns_high,105920.0,partial,доступность
1786194978795,command_menu,webrtc_ns_high,106000.0,partial,доступность
1786194978795,command_menu,webrtc_ns_high,106080.0,partial,доступность
1786194978795,command_menu,webrtc_ns_high,106160.0,partial,доступность
1786194978795,command_menu,webrtc_ns_high,106240.0,partial,доступность
1786194978795,command_menu,webrtc_ns_high,106320.0,partial,доступность
1786194978795,command_menu,webrtc_ns_high,106400.0,partial,доступность
1786194978795,command_menu,webrtc_ns_high,106480.0,partial,доступность
1786194978795,command_menu,webrtc_ns_high,106560.0,partial,доступность
1786194978795,command_menu,webrtc_ns_high,106640.0,partial,доступность
1786194978795,command_menu,webrtc_ns_high,106720.0,partial,доступность
1786194978795,command_menu,webrtc_ns_high,106800.0,partial,доступность
1786194978795,command_menu,webrtc_ns_high,106880.0,partial,доступность
1786194978795,command_menu,webrtc_ns_high,106960.0,partial,доступность
1786194978795,command_menu,webrtc_ns_high,107040.0,partial,доступность
1786194978795,command_menu,webrtc_ns_high,107120.0,partial,доступность
1786194978795,command_menu,webrtc_ns_high,107200.0,partial,доступность
1786194978795,command_menu,webrtc_ns_high,107280.0,endpoint,доступность
1786194978795,command_menu,webrtc_ns_high,137520.0,partial,печать
1786194978795,command_menu,webrtc_ns_high,137600.0,partial,печать
1786194978795,command_menu,webrtc_ns_high,137680.0,partial,печать
1786194978795,command_menu,webrtc_ns_high,137760.0,partial,печать
1786194978795,command_menu,webrtc_ns_high,137840.0,partial,печать
1786194978795,command_menu,webrtc_ns_high,137920.0,partial,печать
1786194978795,command_menu,webrtc_ns_high,149520.0,partial,печать
1786194978795,command_menu,webrtc_ns_high,149600.0,partial,печать
1786194978795,command_menu,webrtc_ns_high,149680.0,partial,печать
1786194978795,command_menu,webrtc_ns_high,149760.0,partial,печать
1786194978795,command_menu,webrtc_ns_high,149840.0,partial,печать
1786194978795,command_menu,webrtc_ns_high,149920.0,partial,печать
1786194978795,free_text,webrtc_ns_high,40560.0,partial,жёлтый
1786194978795,free_text,webrtc_ns_high,40640.0,partial,жёлтый
1786194978795,free_text,webrtc_ns_high,40720.0,partial,жёлтый
1786194978795,free_text,webrtc_ns_high,40800.0,partial,жёлтый
1786194978795,free_text,webrtc_ns_high,40880.0,partial,жёлтый
1786194978795,free_text,webrtc_ns_high,40960.0,partial,жёлтый
1786194978795,free_text,webrtc_ns_high,41040.0,partial,жёлтый
1786194978795,free_text,webrtc_ns_high,41120.0,partial,жёлтый
1786194978795,free_text,webrtc_ns_high,41200.0,partial,жёлтый
1786194978795,free_text,webrtc_ns_high,41280.0,partial,жёлтый
1786194978795,free_text,webrtc_ns_high,41360.0,partial,жёлтый
1786194978795,free_text,webrtc_ns_high,41440.0,partial,жёлтый
1786194978795,free_text,webrtc_ns_high,41520.0,partial,жёлтый
1786194978795,free_text,webrtc_ns_high,41600.0,partial,жёлтый
1786194978795,free_text,webrtc_ns_high,41680.0,partial,жёлтый
1786194978795,free_text,webrtc_ns_high,41760.0,partial,жёлтый
1786194978795,free_text,webrtc_ns_high,41840.0,partial,жёлтый
1786194978795,free_text,webrtc_ns_high,41920.0,partial,жёлтый
1786194978795,free_text,webrtc_ns_high,90000.0,endpoint,доступность
1786194978795,free_text,webrtc_ns_high,92400.0,partial,доступность
1786194978795,free_text,webrtc_ns_high,92480.0,partial,доступность
1786194978795,free_text,webrtc_ns_high,92560.0,partial,доступность
1786194978795,free_text,webrtc_ns_high,92640.0,partial,доступность
1786194978795,free_text,webrtc_ns_high,92720.0,partial,доступность
1786194978795,free_text,webrtc_ns_high,92800.0,partial,доступность
1786194978795,free_text,webrtc_ns_high,92880.0,partial,доступность
1786194978795,free_text,webrtc_ns_high,92960.0,partial,доступность
1786194978795,free_text,webrtc_ns_high,93040.0,partial,доступность
1786194978795,free_text,webrtc_ns_high,93120.0,partial,доступность
1786194978795,free_text,webrtc_ns_high,93200.0,partial,доступность
1786194978795,free_text,webrtc_ns_high,93280.0,partial,доступность
1786194978795,free_text,webrtc_ns_high,93360.0,partial,доступность
1786194978795,free_text,webrtc_ns_high,93440.0,partial,доступность
1786194978795,free_text,webrtc_ns_high,93520.0,partial,доступность
1786194978795,free_text,webrtc_ns_high,93600.0,partial,доступность
1786194978795,free_text,webrtc_ns_high,93680.0,partial,доступность
1786194978795,free_text,webrtc_ns_high,93760.0,partial,доступность
1786194978795,free_text,webrtc_ns_high,93840.0,partial,доступность
1786194978795,free_text,webrtc_ns_high,93920.0,partial,доступность
1786194978795,free_text,webrtc_ns_high,94000.0,partial,доступность
1786194978795,free_text,webrtc_ns_high,94080.0,partial,доступность
1786194978795,free_text,webrtc_ns_high,94160.0,partial,доступность
1786194978795,free_text,webrtc_ns_high,94240.0,partial,доступность
1786194978795,free_text,webrtc_ns_high,94320.0,partial,доступность
1786194978795,free_text,webrtc_ns_high,94400.0,partial,доступность
1786194978795,free_text,webrtc_ns_high,94480.0,partial,доступность
1786194978795,free_text,webrtc_ns_high,94560.0,partial,доступность
1786194978795,free_text,webrtc_ns_high,94640.0,partial,доступность
1786194978795,free_text,webrtc_ns_high,94720.0,partial,доступность
1786194978795,free_text,webrtc_ns_high,94800.0,endpoint,доступность
1786194978795,free_text,webrtc_ns_high,98640.0,partial,доступность
1786194978795,free_text,webrtc_ns_high,98720.0,partial,доступность
1786194978795,free_text,webrtc_ns_high,98800.0,partial,доступность
1786194978795,free_text,webrtc_ns_high,98880.0,partial,доступность
1786194978795,free_text,webrtc_ns_high,98960.0,partial,доступность
1786194978795,free_text,webrtc_ns_high,99040.0,partial,доступность
1786194978795,free_text,webrtc_ns_high,99120.0,partial,доступность
1786194978795,free_text,webrtc_ns_high,99200.0,partial,доступность
1786194978795,free_text,webrtc_ns_high,99280.0,partial,доступность
1786194978795,free_text,webrtc_ns_high,99360.0,partial,доступность
1786194978795,free_text,webrtc_ns_high,99440.0,partial,доступность
1786194978795,free_text,webrtc_ns_high,99520.0,partial,доступность
1786194978795,free_text,webrtc_ns_high,99600.0,partial,доступность
1786194978795,free_text,webrtc_ns_high,99680.0,partial,доступность
1786194978795,free_text,webrtc_ns_high,99760.0,partial,доступность
1786194978795,free_text,webrtc_ns_high,99840.0,partial,доступность
1786194978795,free_text,webrtc_ns_high,99920.0,partial,доступность
1786194978795,free_text,webrtc_ns_high,100000.0,partial,доступность
1786194978795,free_text,webrtc_ns_high,100080.0,partial,доступность
1786194978795,free_text,webrtc_ns_high,100160.0,partial,доступность
1786194978795,free_text,webrtc_ns_high,100240.0,partial,доступность
1786194978795,free_text,webrtc_ns_high,100320.0,partial,доступность
1786194978795,free_text,webrtc_ns_high,100400.0,partial,доступность
1786194978795,free_text,webrtc_ns_high,100480.0,partial,доступность
1786194978795,free_text,webrtc_ns_high,100560.0,partial,доступность
1786194978795,free_text,webrtc_ns_high,100640.0,partial,доступность
1786194978795,free_text,webrtc_ns_high,100720.0,partial,доступность
1786194978795,free_text,webrtc_ns_high,100800.0,partial,доступность
1786194978795,free_text,webrtc_ns_high,100880.0,partial,доступность
1786194978795,free_text,webrtc_ns_high,100960.0,partial,доступность
1786194978795,free_text,webrtc_ns_high,101040.0,partial,доступность
1786194978795,free_text,webrtc_ns_high,101120.0,partial,доступность
1786194978795,free_text,webrtc_ns_high,101200.0,partial,доступность
1786194978795,free_text,webrtc_ns_high,101280.0,partial,доступность
1786194978795,free_text,webrtc_ns_high,101360.0,partial,доступность
1786194978795,free_text,webrtc_ns_high,101440.0,partial,доступность
1786194978795,free_text,webrtc_ns_high,101520.0,endpoint,доступность
1786194978795,free_text,webrtc_ns_high,106320.0,partial,доступность
1786194978795,free_text,webrtc_ns_high,106400.0,partial,доступность
1786194978795,free_text,webrtc_ns_high,106480.0,partial,доступность
1786194978795,free_text,webrtc_ns_high,106560.0,partial,доступность
1786194978795,free_text,webrtc_ns_high,106640.0,partial,доступность
1786194978795,free_text,webrtc_ns_high,106720.0,partial,доступность
1786194978795,free_text,webrtc_ns_high,106800.0,partial,доступность
1786194978795,free_text,webrtc_ns_high,106880.0,partial,доступность
1786194978795,free_text,webrtc_ns_high,106960.0,partial,доступность
1786194978795,free_text,webrtc_ns_high,107040.0,partial,доступность
1786194978795,free_text,webrtc_ns_high,107120.0,partial,доступность
1786194978795,free_text,webrtc_ns_high,107200.0,partial,доступность
1786194978795,free_text,webrtc_ns_high,107280.0,partial,доступность
1786194978795,free_text,webrtc_ns_high,107360.0,partial,доступность
1786194978795,free_text,webrtc_ns_high,107440.0,partial,доступность
1786194978795,free_text,webrtc_ns_high,107520.0,partial,доступность
1786194978795,free_text,webrtc_ns_high,107600.0,partial,доступность
1786194978795,free_text,webrtc_ns_high,107680.0,partial,доступность
1786194978795,free_text,webrtc_ns_high,107760.0,partial,доступность
1786194978795,free_text,webrtc_ns_high,107840.0,partial,доступность
1786194978795,free_text,webrtc_ns_high,107920.0,partial,доступность
1786194978795,free_text,webrtc_ns_high,108000.0,partial,доступность
1786194978795,free_text,webrtc_ns_high,108080.0,partial,доступность
1786194978795,free_text,webrtc_ns_high,108160.0,partial,доступность
1786194978795,free_text,webrtc_ns_high,108240.0,partial,доступность
1786194978795,free_text,webrtc_ns_high,108320.0,partial,доступность
1786194978795,free_text,webrtc_ns_high,108400.0,partial,доступность
1786194978795,free_text,webrtc_ns_high,108480.0,partial,доступность
1786194978795,free_text,webrtc_ns_high,108560.0,partial,доступность
1786194978795,free_text,webrtc_ns_high,108640.0,partial,доступность
1786194978795,free_text,webrtc_ns_high,108720.0,endpoint,доступность
1786194978795,free_text,webrtc_ns_high,138960.0,endpoint,список
1786194978795,command_menu,webrtc_ns_very_high,19440.0,partial,вниз
1786194978795,command_menu,webrtc_ns_very_high,19520.0,partial,вниз
1786194978795,command_menu,webrtc_ns_very_high,19600.0,partial,вниз
1786194978795,command_menu,webrtc_ns_very_high,19680.0,partial,вниз
1786194978795,command_menu,webrtc_ns_very_high,19760.0,partial,вниз
1786194978795,command_menu,webrtc_ns_very_high,19840.0,partial,вниз
1786194978795,command_menu,webrtc_ns_very_high,19920.0,partial,вниз
1786194978795,command_menu,webrtc_ns_very_high,20000.0,partial,вниз
1786194978795,command_menu,webrtc_ns_very_high,20080.0,partial,вниз
1786194978795,command_menu,webrtc_ns_very_high,20160.0,partial,вниз
1786194978795,command_menu,webrtc_ns_very_high,20240.0,partial,вниз
1786194978795,command_menu,webrtc_ns_very_high,20320.0,partial,вниз
1786194978795,command_menu,webrtc_ns_very_high,20400.0,partial,вниз
1786194978795,command_menu,webrtc_ns_very_high,20480.0,partial,вниз
1786194978795,command_menu,webrtc_ns_very_high,20560.0,partial,вниз
1786194978795,command_menu,webrtc_ns_very_high,20640.0,partial,вниз
1786194978795,command_menu,webrtc_ns_very_high,20720.0,partial,вниз
1786194978795,command_menu,webrtc_ns_very_high,20800.0,partial,вниз
1786194978795,command_menu,webrtc_ns_very_high,20880.0,endpoint,вниз
1786194978795,command_menu,webrtc_ns_very_high,26640.0,partial,доступность
1786194978795,command_menu,webrtc_ns_very_high,26720.0,partial,доступность
1786194978795,command_menu,webrtc_ns_very_high,26800.0,partial,доступность
1786194978795,command_menu,webrtc_ns_very_high,26880.0,partial,доступность
1786194978795,command_menu,webrtc_ns_very_high,26960.0,partial,доступность
1786194978795,command_menu,webrtc_ns_very_high,27040.0,partial,доступность
1786194978795,command_menu,webrtc_ns_very_high,27120.0,partial,вверх
1786194978795,command_menu,webrtc_ns_very_high,27200.0,partial,вверх
1786194978795,command_menu,webrtc_ns_very_high,27280.0,partial,вверх
1786194978795,command_menu,webrtc_ns_very_high,27360.0,partial,вверх
1786194978795,command_menu,webrtc_ns_very_high,27440.0,partial,вверх
1786194978795,command_menu,webrtc_ns_very_high,27520.0,partial,вверх
1786194978795,command_menu,webrtc_ns_very_high,27600.0,partial,вверх
1786194978795,command_menu,webrtc_ns_very_high,27680.0,partial,вверх
1786194978795,command_menu,webrtc_ns_very_high,27760.0,partial,вверх
1786194978795,command_menu,webrtc_ns_very_high,27840.0,partial,вверх
1786194978795,command_menu,webrtc_ns_very_high,27920.0,partial,вверх
1786194978795,command_menu,webrtc_ns_very_high,28000.0,partial,вверх
1786194978795,command_menu,webrtc_ns_very_high,28080.0,partial,вверх вниз
1786194978795,command_menu,webrtc_ns_very_high,28160.0,partial,вверх вниз
1786194978795,command_menu,webrtc_ns_very_high,28240.0,partial,вверх вниз
1786194978795,command_menu,webrtc_ns_very_high,28320.0,partial,вверх вниз
1786194978795,command_menu,webrtc_ns_very_high,28400.0,partial,вверх вниз
1786194978795,command_menu,webrtc_ns_very_high,28480.0,partial,вверх вниз
1786194978795,command_menu,webrtc_ns_very_high,28560.0,partial,вверх вниз
1786194978795,command_menu,webrtc_ns_very_high,28640.0,partial,вверх вниз
1786194978795,command_menu,webrtc_ns_very_high,28720.0,partial,вверх вниз
1786194978795,command_menu,webrtc_ns_very_high,28800.0,partial,вверх вниз
1786194978795,command_menu,webrtc_ns_very_high,28880.0,partial,вверх вниз
1786194978795,command_menu,webrtc_ns_very_high,28960.0,partial,вверх вниз
1786194978795,command_menu,webrtc_ns_very_high,29040.0,partial,вверх вниз
1786194978795,command_menu,webrtc_ns_very_high,29120.0,partial,вверх вниз
1786194978795,command_menu,webrtc_ns_very_high,29200.0,partial,вверх вниз
1786194978795,command_menu,webrtc_ns_very_high,29280.0,partial,вверх вниз
1786194978795,command_menu,webrtc_ns_very_high,29360.0,partial,вверх вниз
1786194978795,command_menu,webrtc_ns_very_high,29440.0,partial,вверх вниз
1786194978795,command_menu,webrtc_ns_very_high,29520.0,partial,вверх вниз печать
1786194978795,command_menu,webrtc_ns_very_high,29600.0,partial,вверх вниз печать
1786194978795,command_menu,webrtc_ns_very_high,29680.0,partial,вверх вниз печать
1786194978795,command_menu,webrtc_ns_very_high,29760.0,partial,вверх вниз печать
1786194978795,command_menu,webrtc_ns_very_high,29840.0,partial,вверх вниз печать
1786194978795,command_menu,webrtc_ns_very_high,29920.0,partial,вверх вниз печать
1786194978795,command_menu,webrtc_ns_very_high,30000.0,partial,вверх вниз печать
1786194978795,command_menu,webrtc_ns_very_high,30080.0,partial,вверх вниз печать
1786194978795,command_menu,webrtc_ns_very_high,30160.0,partial,вверх вниз печать
1786194978795,command_menu,webrtc_ns_very_high,30240.0,partial,вверх вниз печать
1786194978795,command_menu,webrtc_ns_very_high,30320.0,partial,вверх вниз печать
1786194978795,command_menu,webrtc_ns_very_high,30400.0,partial,вверх вниз печать
1786194978795,command_menu,webrtc_ns_very_high,30480.0,partial,вверх вниз печать
1786194978795,command_menu,webrtc_ns_very_high,30560.0,partial,вверх вниз печать
1786194978795,command_menu,webrtc_ns_very_high,30640.0,partial,вверх вниз печать
1786194978795,command_menu,webrtc_ns_very_high,30720.0,partial,вверх вниз печать
1786194978795,command_menu,webrtc_ns_very_high,30800.0,partial,вверх вниз печать
1786194978795,command_menu,webrtc_ns_very_high,30880.0,partial,вверх вниз печать
1786194978795,command_menu,webrtc_ns_very_high,30960.0,endpoint,вверх вниз печать
1786194978795,command_menu,webrtc_ns_very_high,32880.0,partial,доступность
1786194978795,command_menu,webrtc_ns_very_high,32960.0,partial,доступность
1786194978795,command_menu,webrtc_ns_very_high,33040.0,partial,доступность
1786194978795,command_menu,webrtc_ns_very_high,33120.0,partial,доступность
1786194978795,command_menu,webrtc_ns_very_high,33200.0,partial,доступность
1786194978795,command_menu,webrtc_ns_very_high,33280.0,partial,доступность
1786194978795,command_menu,webrtc_ns_very_high,38160.0,partial,доступность
1786194978795,command_menu,webrtc_ns_very_high,38240.0,partial,доступность
1786194978795,command_menu,webrtc_ns_very_high,38320.0,partial,доступность
1786194978795,command_menu,webrtc_ns_very_high,38400.0,partial,доступность
1786194978795,command_menu,webrtc_ns_very_high,38480.0,partial,доступность
1786194978795,command_menu,webrtc_ns_very_high,38560.0,partial,доступность
1786194978795,command_menu,webrtc_ns_very_high,40080.0,partial,доступность
1786194978795,command_menu,webrtc_ns_very_high,40160.0,partial,доступность
1786194978795,command_menu,webrtc_ns_very_high,40240.0,partial,доступность
1786194978795,command_menu,webrtc_ns_very_high,40320.0,partial,доступность
1786194978795,command_menu,webrtc_ns_very_high,40400.0,partial,доступность
1786194978795,command_menu,webrtc_ns_very_high,40480.0,partial,доступность
1786194978795,command_menu,webrtc_ns_very_high,42000.0,partial,доступность
1786194978795,command_menu,webrtc_ns_very_high,42080.0,partial,доступность
1786194978795,command_menu,webrtc_ns_very_high,42160.0,partial,доступность
1786194978795,command_menu,webrtc_ns_very_high,42240.0,partial,доступность
1786194978795,command_menu,webrtc_ns_very_high,42320.0,partial,доступность
1786194978795,command_menu,webrtc_ns_very_high,42400.0,partial,доступность
1786194978795,command_menu,webrtc_ns_very_high,48720.0,partial,доступность
1786194978795,command_menu,webrtc_ns_very_high,48800.0,partial,доступность
1786194978795,command_menu,webrtc_ns_very_high,48880.0,partial,доступность
1786194978795,command_menu,webrtc_ns_very_high,48960.0,partial,доступность
1786194978795,command_menu,webrtc_ns_very_high,49040.0,partial,доступность
1786194978795,command_menu,webrtc_ns_very_high,49120.0,partial,доступность
1786194978795,command_menu,webrtc_ns_very_high,58800.0,partial,доступность
1786194978795,command_menu,webrtc_ns_very_high,58880.0,partial,доступность
1786194978795,command_menu,webrtc_ns_very_high,58960.0,partial,доступность
1786194978795,command_menu,webrtc_ns_very_high,59040.0,partial,доступность
1786194978795,command_menu,webrtc_ns_very_high,59120.0,partial,доступность
1786194978795,command_menu,webrtc_ns_very_high,59200.0,partial,доступность
1786194978795,command_menu,webrtc_ns_very_high,61200.0,partial,доступность
1786194978795,command_menu,webrtc_ns_very_high,61280.0,partial,доступность
1786194978795,command_menu,webrtc_ns_very_high,61360.0,partial,доступность
1786194978795,command_menu,webrtc_ns_very_high,61440.0,partial,доступность
1786194978795,command_menu,webrtc_ns_very_high,61520.0,partial,доступность
1786194978795,command_menu,webrtc_ns_very_high,61600.0,partial,доступность
1786194978795,command_menu,webrtc_ns_very_high,61680.0,endpoint,доступность
1786194978795,command_menu,webrtc_ns_very_high,64080.0,partial,доступность
1786194978795,command_menu,webrtc_ns_very_high,64160.0,partial,доступность
1786194978795,command_menu,webrtc_ns_very_high,64240.0,partial,доступность
1786194978795,command_menu,webrtc_ns_very_high,64320.0,partial,доступность
1786194978795,command_menu,webrtc_ns_very_high,64400.0,partial,доступность
1786194978795,command_menu,webrtc_ns_very_high,64480.0,partial,доступность
1786194978795,command_menu,webrtc_ns_very_high,85680.0,partial,доступность
1786194978795,command_menu,webrtc_ns_very_high,85760.0,partial,доступность
1786194978795,command_menu,webrtc_ns_very_high,85840.0,partial,доступность
1786194978795,command_menu,webrtc_ns_very_high,85920.0,partial,доступность
1786194978795,command_menu,webrtc_ns_very_high,86000.0,partial,доступность
1786194978795,command_menu,webrtc_ns_very_high,86080.0,partial,доступность
1786194978795,command_menu,webrtc_ns_very_high,86160.0,partial,доступность
1786194978795,command_menu,webrtc_ns_very_high,86240.0,partial,доступность
1786194978795,command_menu,webrtc_ns_very_high,86320.0,partial,доступность
1786194978795,command_menu,webrtc_ns_very_high,86400.0,partial,доступность
1786194978795,command_menu,webrtc_ns_very_high,86480.0,partial,доступность
1786194978795,command_menu,webrtc_ns_very_high,86560.0,partial,доступность
1786194978795,command_menu,webrtc_ns_very_high,86640.0,partial,доступность
1786194978795,command_menu,webrtc_ns_very_high,86720.0,partial,доступность
1786194978795,command_menu,webrtc_ns_very_high,86800.0,partial,доступность
1786194978795,command_menu,webrtc_ns_very_high,86880.0,partial,доступность
1786194978795,command_menu,webrtc_ns_very_high,86960.0,partial,доступность
1786194978795,command_menu,webrtc_ns_very_high,87040.0,partial,доступность
1786194978795,command_menu,webrtc_ns_very_high,87120.0,partial,доступность
1786194978795,command_menu,webrtc_ns_very_high,87200.0,partial,доступность
1786194978795,command_menu,webrtc_ns_very_high,87280.0,partial,доступность
1786194978795,command_menu,webrtc_ns_very_high,87360.0,partial,доступность
1786194978795,command_menu,webrtc_ns_very_high,87440.0,partial,доступность
1786194978795,command_menu,webrtc_ns_very_high,87520.0,partial,доступность
1786194978795,command_menu,webrtc_ns_very_high,87600.0,endpoint,доступность
1786194978795,command_menu,webrtc_ns_very_high,91440.0,partial,доступность
1786194978795,command_menu,webrtc_ns_very_high,91520.0,partial,доступность
1786194978795,command_menu,webrtc_ns_very_high,91600.0,partial,доступность
1786194978795,command_menu,webrtc_ns_very_high,91680.0,partial,доступность
1786194978795,command_menu,webrtc_ns_very_high,91760.0,partial,доступность
1786194978795,command_menu,webrtc_ns_very_high,91840.0,partial,доступность
1786194978795,command_menu,webrtc_ns_very_high,91920.0,partial,доступность
1786194978795,command_menu,webrtc_ns_very_high,92000.0,partial,доступность
1786194978795,command_menu,webrtc_ns_very_high,92080.0,partial,доступность
1786194978795,command_menu,webrtc_ns_very_high,92160.0,partial,доступность
1786194978795,command_menu,webrtc_ns_very_high,92240.0,partial,доступность
1786194978795,command_menu,webrtc_ns_very_high,92320.0,partial,доступность
1786194978795,command_menu,webrtc_ns_very_high,92400.0,partial,доступность
1786194978795,command_menu,webrtc_ns_very_high,92480.0,partial,доступность
1786194978795,command_menu,webrtc_ns_very_high,92560.0,partial,доступность
1786194978795,command_menu,webrtc_ns_very_high,92640.0,partial,доступность
1786194978795,command_menu,webrtc_ns_very_high,92720.0,partial,доступность
1786194978795,command_menu,webrtc_ns_very_high,92800.0,partial,доступность
1786194978795,command_menu,webrtc_ns_very_high,92880.0,partial,доступность
1786194978795,command_menu,webrtc_ns_very_high,92960.0,partial,доступность
1786194978795,command_menu,webrtc_ns_very_high,93040.0,partial,доступность
1786194978795,command_menu,webrtc_ns_very_high,93120.0,partial,доступность
1786194978795,command_menu,webrtc_ns_very_high,93200.0,partial,доступность
1786194978795,command_menu,webrtc_ns_very_high,93280.0,partial,доступность
1786194978795,command_menu,webrtc_ns_very_high,93360.0,endpoint,доступность
1786194978795,command_menu,webrtc_ns_very_high,94800.0,partial,доступность
1786194978795,command_menu,webrtc_ns_very_high,94880.0,partial,доступность
1786194978795,command_menu,webrtc_ns_very_high,94960.0,partial,доступность
1786194978795,command_menu,webrtc_ns_very_high,95040.0,partial,доступность
1786194978795,command_menu,webrtc_ns_very_high,95120.0,partial,доступность
1786194978795,command_menu,webrtc_ns_very_high,95200.0,partial,доступность
1786194978795,command_menu,webrtc_ns_very_high,95280.0,partial,доступность
1786194978795,command_menu,webrtc_ns_very_high,95360.0,partial,доступность
1786194978795,command_menu,webrtc_ns_very_high,95440.0,partial,доступность
1786194978795,command_menu,webrtc_ns_very_high,95520.0,partial,доступность
1786194978795,command_menu,webrtc_ns_very_high,95600.0,partial,доступность
1786194978795,command_menu,webrtc_ns_very_high,95680.0,partial,доступность
1786194978795,command_menu,webrtc_ns_very_high,95760.0,partial,доступность
1786194978795,command_menu,webrtc_ns_very_high,95840.0,partial,доступность
1786194978795,command_menu,webrtc_ns_very_high,95920.0,partial,доступность
1786194978795,command_menu,webrtc_ns_very_high,96000.0,partial,доступность
1786194978795,command_menu,webrtc_ns_very_high,96080.0,partial,доступность
1786194978795,command_menu,webrtc_ns_very_high,96160.0,partial,доступность
1786194978795,command_menu,webrtc_ns_very_high,96240.0,partial,доступность
1786194978795,command_menu,webrtc_ns_very_high,96320.0,partial,доступность
1786194978795,command_menu,webrtc_ns_very_high,96400.0,partial,доступность
1786194978795,command_menu,webrtc_ns_very_high,96480.0,partial,доступность
1786194978795,command_menu,webrtc_ns_very_high,96560.0,partial,доступность
1786194978795,command_menu,webrtc_ns_very_high,96640.0,partial,доступность
1786194978795,command_menu,webrtc_ns_very_high,96720.0,endpoint,доступность
1786194978795,command_menu,webrtc_ns_very_high,98160.0,partial,доступность
1786194978795,command_menu,webrtc_ns_very_high,98240.0,partial,доступность
1786194978795,command_menu,webrtc_ns_very_high,98320.0,partial,доступность
1786194978795,command_menu,webrtc_ns_very_high,98400.0,partial,доступность
1786194978795,command_menu,webrtc_ns_very_high,98480.0,partial,доступность
1786194978795,command_menu,webrtc_ns_very_high,98560.0,partial,доступность
1786194978795,command_menu,webrtc_ns_very_high,98640.0,partial,доступность
1786194978795,command_menu,webrtc_ns_very_high,98720.0,partial,доступность
1786194978795,command_menu,webrtc_ns_very_high,98800.0,partial,доступность
1786194978795,command_menu,webrtc_ns_very_high,98880.0,partial,доступность
1786194978795,command_menu,webrtc_ns_very_high,98960.0,partial,доступность
1786194978795,command_menu,webrtc_ns_very_high,99040.0,partial,доступность
1786194978795,command_menu,webrtc_ns_very_high,99120.0,partial,доступность
1786194978795,command_menu,webrtc_ns_very_high,99200.0,partial,доступность
1786194978795,command_menu,webrtc_ns_very_high,99280.0,partial,доступность
1786194978795,command_menu,webrtc_ns_very_high,99360.0,partial,доступность
1786194978795,command_menu,webrtc_ns_very_high,99440.0,partial,доступность
1786194978795,command_menu,webrtc_ns_very_high,99520.0,partial,доступность
1786194978795,command_menu,webrtc_ns_very_high,99600.0,endpoint,доступность
1786194978795,command_menu,webrtc_ns_very_high,101040.0,partial,доступность
1786194978795,command_menu,webrtc_ns_very_high,101120.0,partial,доступность
1786194978795,command_menu,webrtc_ns_very_high,101200.0,partial,доступность
1786194978795,command_menu,webrtc_ns_very_high,101280.0,partial,доступность
1786194978795,command_menu,webrtc_ns_very_high,101360.0,partial,доступность
1786194978795,command_menu,webrtc_ns_very_high,101440.0,partial,доступность
1786194978795,command_menu,webrtc_ns_very_high,101520.0,partial,доступность
1786194978795,command_menu,webrtc_ns_very_high,101600.0,partial,доступность
1786194978795,command_menu,webrtc_ns_very_high,101680.0,partial,доступность
1786194978795,command_menu,webrtc_ns_very_high,101760.0,partial,доступность
1786194978795,command_menu,webrtc_ns_very_high,101840.0,partial,доступность
1786194978795,command_menu,webrtc_ns_very_high,101920.0,partial,доступность
1786194978795,command_menu,webrtc_ns_very_high,102000.0,partial,доступность
1786194978795,command_menu,webrtc_ns_very_high,102080.0,partial,доступность
1786194978795,command_menu,webrtc_ns_very_high,102160.0,partial,доступность
1786194978795,command_menu,webrtc_ns_very_high,102240.0,partial,доступность
1786194978795,command_menu,webrtc_ns_very_high,102320.0,partial,доступность
1786194978795,command_menu,webrtc_ns_very_high,102400.0,partial,доступность
1786194978795,command_menu,webrtc_ns_very_high,102480.0,partial,доступность
1786194978795,command_menu,webrtc_ns_very_high,102560.0,partial,доступность
1786194978795,command_menu,webrtc_ns_very_high,102640.0,partial,доступность
1786194978795,command_menu,webrtc_ns_very_high,102720.0,partial,доступность
1786194978795,command_menu,webrtc_ns_very_high,102800.0,partial,доступность
1786194978795,command_menu,webrtc_ns_very_high,102880.0,partial,доступность
1786194978795,command_menu,webrtc_ns_very_high,102960.0,endpoint,доступность
1786194978795,command_menu,webrtc_ns_very_high,105840.0,partial,доступность
1786194978795,command_menu,webrtc_ns_very_high,105920.0,partial,доступность
1786194978795,command_menu,webrtc_ns_very_high,106000.0,partial,доступность
1786194978795,command_menu,webrtc_ns_very_high,106080.0,partial,доступность
1786194978795,command_menu,webrtc_ns_very_high,106160.0,partial,доступность
1786194978795,command_menu,webrtc_ns_very_high,106240.0,partial,доступность
1786194978795,command_menu,webrtc_ns_very_high,106320.0,partial,доступность
1786194978795,command_menu,webrtc_ns_very_high,106400.0,partial,доступность
1786194978795,command_menu,webrtc_ns_very_high,106480.0,partial,доступность
1786194978795,command_menu,webrtc_ns_very_high,106560.0,partial,доступность
1786194978795,command_menu,webrtc_ns_very_high,106640.0,partial,доступность
1786194978795,command_menu,webrtc_ns_very_high,106720.0,partial,доступность
1786194978795,command_menu,webrtc_ns_very_high,106800.0,partial,доступность
1786194978795,command_menu,webrtc_ns_very_high,106880.0,partial,доступность
1786194978795,command_menu,webrtc_ns_very_high,106960.0,partial,доступность
1786194978795,command_menu,webrtc_ns_very_high,107040.0,partial,доступность
1786194978795,command_menu,webrtc_ns_very_high,107120.0,partial,доступность
1786194978795,command_menu,webrtc_ns_very_high,107200.0,partial,доступность
1786194978795,command_menu,webrtc_ns_very_high,107280.0,endpoint,доступность
1786194978795,command_menu,webrtc_ns_very_high,137520.0,partial,печать
1786194978795,command_menu,webrtc_ns_very_high,137600.0,partial,печать
1786194978795,command_menu,webrtc_ns_very_high,137680.0,partial,печать
1786194978795,command_menu,webrtc_ns_very_high,137760.0,partial,печать
1786194978795,command_menu,webrtc_ns_very_high,137840.0,partial,печать
1786194978795,command_menu,webrtc_ns_very_high,137920.0,partial,печать
1786194978795,free_text,webrtc_ns_very_high,29040.0,endpoint,я вниз
1786194978795,free_text,webrtc_ns_very_high,92400.0,partial,доступность
1786194978795,free_text,webrtc_ns_very_high,92480.0,partial,доступность
1786194978795,free_text,webrtc_ns_very_high,92560.0,partial,доступность
1786194978795,free_text,webrtc_ns_very_high,92640.0,partial,доступность
1786194978795,free_text,webrtc_ns_very_high,92720.0,partial,доступность
1786194978795,free_text,webrtc_ns_very_high,92800.0,partial,доступность
1786194978795,free_text,webrtc_ns_very_high,92880.0,partial,доступность
1786194978795,free_text,webrtc_ns_very_high,92960.0,partial,доступность
1786194978795,free_text,webrtc_ns_very_high,93040.0,partial,доступность
1786194978795,free_text,webrtc_ns_very_high,93120.0,partial,доступность
1786194978795,free_text,webrtc_ns_very_high,93200.0,partial,доступность
1786194978795,free_text,webrtc_ns_very_high,93280.0,partial,доступность
1786194978795,free_text,webrtc_ns_very_high,93360.0,partial,доступность
1786194978795,free_text,webrtc_ns_very_high,93440.0,partial,доступность
1786194978795,free_text,webrtc_ns_very_high,93520.0,partial,доступность
1786194978795,free_text,webrtc_ns_very_high,93600.0,partial,доступность
1786194978795,free_text,webrtc_ns_very_high,93680.0,partial,доступность
1786194978795,free_text,webrtc_ns_very_high,93760.0,partial,доступность
1786194978795,free_text,webrtc_ns_very_high,93840.0,partial,доступность
1786194978795,free_text,webrtc_ns_very_high,93920.0,partial,доступность
1786194978795,free_text,webrtc_ns_very_high,94000.0,partial,доступность
1786194978795,free_text,webrtc_ns_very_high,94080.0,partial,доступность
1786194978795,free_text,webrtc_ns_very_high,94160.0,partial,доступность
1786194978795,free_text,webrtc_ns_very_high,94240.0,partial,доступность
1786194978795,free_text,webrtc_ns_very_high,94320.0,partial,доступность
1786194978795,free_text,webrtc_ns_very_high,94400.0,partial,доступность
1786194978795,free_text,webrtc_ns_very_high,94480.0,partial,доступность
1786194978795,free_text,webrtc_ns_very_high,94560.0,partial,доступность
1786194978795,free_text,webrtc_ns_very_high,94640.0,partial,доступность
1786194978795,free_text,webrtc_ns_very_high,94720.0,partial,доступность
1786194978795,free_text,webrtc_ns_very_high,94800.0,endpoint,доступность
1786194978795,free_text,webrtc_ns_very_high,98640.0,partial,доступность
1786194978795,free_text,webrtc_ns_very_high,98720.0,partial,доступность
1786194978795,free_text,webrtc_ns_very_high,98800.0,partial,доступность
1786194978795,free_text,webrtc_ns_very_high,98880.0,partial,доступность
1786194978795,free_text,webrtc_ns_very_high,98960.0,partial,доступность
1786194978795,free_text,webrtc_ns_very_high,99040.0,partial,доступность
1786194978795,free_text,webrtc_ns_very_high,99120.0,partial,доступность
1786194978795,free_text,webrtc_ns_very_high,99200.0,partial,доступность
1786194978795,free_text,webrtc_ns_very_high,99280.0,partial,доступность
1786194978795,free_text,webrtc_ns_very_high,99360.0,partial,доступность
1786194978795,free_text,webrtc_ns_very_high,99440.0,partial,доступность
1786194978795,free_text,webrtc_ns_very_high,99520.0,partial,доступность
1786194978795,free_text,webrtc_ns_very_high,99600.0,partial,доступность
1786194978795,free_text,webrtc_ns_very_high,99680.0,partial,доступность
1786194978795,free_text,webrtc_ns_very_high,99760.0,partial,доступность
1786194978795,free_text,webrtc_ns_very_high,99840.0,partial,доступность
1786194978795,free_text,webrtc_ns_very_high,99920.0,partial,доступность
1786194978795,free_text,webrtc_ns_very_high,100000.0,partial,доступность
1786194978795,free_text,webrtc_ns_very_high,100080.0,partial,доступность
1786194978795,free_text,webrtc_ns_very_high,100160.0,partial,доступность
1786194978795,free_text,webrtc_ns_very_high,100240.0,partial,доступность
1786194978795,free_text,webrtc_ns_very_high,100320.0,partial,доступность
1786194978795,free_text,webrtc_ns_very_high,100400.0,partial,доступность
1786194978795,free_text,webrtc_ns_very_high,100480.0,partial,доступность
1786194978795,free_text,webrtc_ns_very_high,100560.0,partial,доступность
1786194978795,free_text,webrtc_ns_very_high,100640.0,partial,доступность
1786194978795,free_text,webrtc_ns_very_high,100720.0,partial,доступность
1786194978795,free_text,webrtc_ns_very_high,100800.0,partial,доступность
1786194978795,free_text,webrtc_ns_very_high,100880.0,partial,доступность
1786194978795,free_text,webrtc_ns_very_high,100960.0,partial,доступность
1786194978795,free_text,webrtc_ns_very_high,101040.0,partial,доступность
1786194978795,free_text,webrtc_ns_very_high,101120.0,partial,доступность
1786194978795,free_text,webrtc_ns_very_high,101200.0,partial,доступность
1786194978795,free_text,webrtc_ns_very_high,101280.0,partial,доступность
1786194978795,free_text,webrtc_ns_very_high,101360.0,partial,доступность
1786194978795,free_text,webrtc_ns_very_high,101440.0,partial,доступность
1786194978795,free_text,webrtc_ns_very_high,101520.0,endpoint,доступность
1786194978795,free_text,webrtc_ns_very_high,106320.0,partial,доступность
1786194978795,free_text,webrtc_ns_very_high,106400.0,partial,доступность
1786194978795,free_text,webrtc_ns_very_high,106480.0,partial,доступность
1786194978795,free_text,webrtc_ns_very_high,106560.0,partial,доступность
1786194978795,free_text,webrtc_ns_very_high,106640.0,partial,доступность
1786194978795,free_text,webrtc_ns_very_high,106720.0,partial,доступность
1786194978795,free_text,webrtc_ns_very_high,106800.0,partial,доступность
1786194978795,free_text,webrtc_ns_very_high,106880.0,partial,доступность
1786194978795,free_text,webrtc_ns_very_high,106960.0,partial,доступность
1786194978795,free_text,webrtc_ns_very_high,107040.0,partial,доступность
1786194978795,free_text,webrtc_ns_very_high,107120.0,partial,доступность
1786194978795,free_text,webrtc_ns_very_high,107200.0,partial,доступность
1786194978795,free_text,webrtc_ns_very_high,107280.0,partial,доступность
1786194978795,free_text,webrtc_ns_very_high,107360.0,partial,доступность
1786194978795,free_text,webrtc_ns_very_high,107440.0,partial,доступность
1786194978795,free_text,webrtc_ns_very_high,107520.0,partial,доступность
1786194978795,free_text,webrtc_ns_very_high,107600.0,partial,доступность
1786194978795,free_text,webrtc_ns_very_high,107680.0,partial,доступность
1786194978795,free_text,webrtc_ns_very_high,107760.0,partial,доступность
1786194978795,free_text,webrtc_ns_very_high,107840.0,partial,доступность
1786194978795,free_text,webrtc_ns_very_high,107920.0,partial,доступность
1786194978795,free_text,webrtc_ns_very_high,108000.0,partial,доступность
1786194978795,free_text,webrtc_ns_very_high,108080.0,partial,доступность
1786194978795,free_text,webrtc_ns_very_high,108160.0,partial,доступность
1786194978795,free_text,webrtc_ns_very_high,108240.0,partial,доступность
1786194978795,free_text,webrtc_ns_very_high,108320.0,partial,доступность
1786194978795,free_text,webrtc_ns_very_high,108400.0,partial,доступность
1786194978795,free_text,webrtc_ns_very_high,108480.0,partial,доступность
1786194978795,free_text,webrtc_ns_very_high,108560.0,partial,доступность
1786194978795,free_text,webrtc_ns_very_high,108640.0,partial,доступность
1786194978795,free_text,webrtc_ns_very_high,108720.0,endpoint,доступность
