recording,mode,timestamp,baseline_text,low_text,moderate_text,high_text,very_high_text,classification
1786194763609,command_menu,10320.0,partial:вниз,endpoint:,endpoint:,endpoint:,endpoint:,different_unclear
1786194763609,command_menu,10400.0,partial:вниз,partial:,partial:,partial:,partial:,different_unclear
1786194763609,command_menu,10480.0,partial:вниз,partial:,partial:,partial:,partial:,different_unclear
1786194763609,command_menu,10560.0,partial:вниз,partial:,partial:,partial:,partial:,different_unclear
1786194763609,command_menu,10640.0,partial:вниз,partial:,partial:,partial:,partial:,different_unclear
1786194763609,command_menu,10720.0,partial:вниз,partial:,partial:,partial:,partial:,different_unclear
1786194763609,command_menu,10800.0,partial:вниз,partial:,partial:,partial:,partial:,different_unclear
1786194763609,command_menu,10880.0,partial:вниз,partial:,partial:,partial:,partial:,different_unclear
1786194763609,command_menu,10960.0,partial:вниз,partial:,partial:,partial:,partial:,different_unclear
1786194763609,command_menu,11040.0,partial:вниз,partial:,partial:,partial:,partial:,different_unclear
1786194763609,command_menu,11120.0,partial:вниз,partial:,partial:,partial:,partial:,different_unclear
1786194763609,command_menu,11200.0,partial:вниз,partial:,partial:,partial:,partial:,different_unclear
1786194763609,command_menu,11280.0,partial:вниз,partial:,partial:,partial:,partial:,different_unclear
1786194763609,command_menu,11360.0,partial:вниз,partial:,partial:,partial:,partial:,different_unclear
1786194763609,command_menu,11440.0,partial:вниз,partial:,partial:,partial:,partial:,different_unclear
1786194763609,command_menu,11520.0,partial:вниз,partial:,partial:,partial:,partial:,different_unclear
1786194763609,command_menu,11600.0,partial:вниз,partial:,partial:,partial:,partial:,different_unclear
1786194763609,command_menu,11680.0,partial:вниз,partial:,partial:,partial:,partial:,different_unclear
1786194763609,command_menu,11760.0,partial:вниз,partial:,partial:,partial:,partial:,different_unclear
1786194763609,command_menu,11840.0,partial:вниз,partial:,partial:,partial:,partial:,different_unclear
1786194763609,command_menu,11920.0,partial:вниз,partial:,partial:,partial:,partial:,different_unclear
1786194763609,command_menu,12000.0,partial:вниз,partial:,partial:,partial:,partial:,different_unclear
1786194763609,command_menu,12080.0,partial:вниз,partial:,partial:,partial:,partial:,different_unclear
1786194763609,command_menu,12160.0,partial:вниз,partial:,partial:,partial:,partial:,different_unclear
1786194763609,command_menu,12240.0,partial:вниз вниз,partial:,partial:,partial:,partial:,different_unclear
1786194763609,command_menu,12320.0,partial:вниз вниз,partial:,partial:,partial:,partial:,different_unclear
1786194763609,command_menu,12400.0,partial:вниз вниз,partial:,partial:,partial:,partial:,different_unclear
1786194763609,command_menu,12480.0,partial:вниз вниз,partial:,partial:,partial:,partial:,different_unclear
1786194763609,command_menu,12560.0,partial:вниз вниз,partial:,partial:,partial:,partial:,different_unclear
1786194763609,command_menu,12640.0,partial:вниз вниз,partial:,partial:,partial:,partial:,different_unclear
1786194763609,command_menu,12720.0,partial:вниз вниз,partial:,partial:,partial:,partial:,different_unclear
1786194763609,command_menu,12800.0,partial:вниз вниз,partial:,partial:,partial:,partial:,different_unclear
1786194763609,command_menu,12880.0,partial:вниз вниз,partial:,partial:,partial:,partial:,different_unclear
1786194763609,command_menu,12960.0,partial:вниз вниз,partial:,partial:,partial:,partial:,different_unclear
1786194763609,command_menu,13040.0,partial:вниз вниз,partial:,partial:,partial:,partial:,different_unclear
1786194763609,command_menu,13120.0,partial:вниз вниз,partial:,partial:,partial:,partial:,different_unclear
1786194763609,command_menu,13200.0,partial:вниз вниз,partial:,partial:,partial:,partial:,different_unclear
1786194763609,command_menu,13280.0,partial:вниз вниз,partial:,partial:,partial:,partial:,different_unclear
1786194763609,command_menu,13360.0,partial:вниз вниз,partial:,partial:,partial:,partial:,different_unclear
1786194763609,command_menu,13440.0,partial:вниз вниз,partial:,partial:,partial:,partial:,different_unclear
1786194763609,command_menu,13520.0,partial:вниз вниз,partial:,partial:,partial:,partial:,different_unclear
1786194763609,command_menu,13600.0,partial:вниз вниз,partial:,partial:,partial:,partial:,different_unclear
1786194763609,command_menu,13680.0,endpoint:вниз вниз,partial:,partial:,partial:,partial:,different_unclear
1786194763609,command_menu,16080.0,partial:вверх,partial:доступность,partial:доступность,partial:,partial:,different_unclear
1786194763609,command_menu,16160.0,partial:вверх,partial:доступность,partial:доступность,partial:,partial:,different_unclear
1786194763609,command_menu,16240.0,partial:вверх,partial:доступность,partial:доступность,partial:,partial:,different_unclear
1786194763609,command_menu,16320.0,partial:вверх,partial:доступность,partial:доступность,partial:,partial:,different_unclear
1786194763609,command_menu,16400.0,partial:вверх,partial:доступность,partial:доступность,partial:,partial:,different_unclear
1786194763609,command_menu,16480.0,partial:вверх,partial:доступность,partial:доступность,partial:,partial:,different_unclear
1786194763609,command_menu,16560.0,partial:вверх,partial:,partial:,partial:,partial:,different_unclear
1786194763609,command_menu,16640.0,partial:вверх,partial:,partial:,partial:,partial:,different_unclear
1786194763609,command_menu,16720.0,partial:вверх,partial:,partial:,partial:,partial:,different_unclear
1786194763609,command_menu,16800.0,partial:вверх,partial:,partial:,partial:,partial:,different_unclear
1786194763609,command_menu,16880.0,partial:вверх,partial:,partial:,partial:,partial:,different_unclear
1786194763609,command_menu,16960.0,partial:вверх,partial:,partial:,partial:,partial:,different_unclear
1786194763609,command_menu,17040.0,partial:вверх,partial:доступность,partial:доступность,partial:,partial:,different_unclear
1786194763609,command_menu,17120.0,partial:вверх,partial:доступность,partial:доступность,partial:,partial:,different_unclear
1786194763609,command_menu,17200.0,partial:вверх,partial:доступность,partial:доступность,partial:,partial:,different_unclear
1786194763609,command_menu,17280.0,partial:вверх,partial:доступность,partial:доступность,partial:,partial:,different_unclear
1786194763609,command_menu,17360.0,partial:вверх,partial:доступность,partial:доступность,partial:,partial:,different_unclear
1786194763609,command_menu,17440.0,partial:вверх,partial:доступность,partial:доступность,partial:,partial:,different_unclear
1786194763609,command_menu,17520.0,partial:вверх вверх,partial:,partial:,partial:,partial:,different_unclear
1786194763609,command_menu,17600.0,partial:вверх вверх,partial:,partial:,partial:,partial:,different_unclear
1786194763609,command_menu,17680.0,partial:вверх вверх,partial:,partial:,partial:,partial:,different_unclear
1786194763609,command_menu,17760.0,partial:вверх вверх,partial:,partial:,partial:,partial:,different_unclear
1786194763609,command_menu,17840.0,partial:вверх вверх,partial:,partial:,partial:,partial:,different_unclear
1786194763609,command_menu,17920.0,partial:вверх вверх,partial:,partial:,partial:,partial:,different_unclear
1786194763609,command_menu,18000.0,partial:вверх вверх,partial:,partial:,partial:,partial:,different_unclear
1786194763609,command_menu,18080.0,partial:вверх вверх,partial:,partial:,partial:,partial:,different_unclear
1786194763609,command_menu,18160.0,partial:вверх вверх,partial:,partial:,partial:,partial:,different_unclear
1786194763609,command_menu,18240.0,partial:вверх вверх,partial:,partial:,partial:,partial:,different_unclear
1786194763609,command_menu,18320.0,partial:вверх вверх,partial:,partial:,partial:,partial:,different_unclear
1786194763609,command_menu,18400.0,partial:вверх вверх,partial:,partial:,partial:,partial:,different_unclear
1786194763609,command_menu,18480.0,partial:вверх вверх вверх,partial:вверх,partial:вверх,partial:,partial:,different_unclear
1786194763609,command_menu,18560.0,partial:вверх вверх вверх,partial:вверх,partial:вверх,partial:,partial:,different_unclear
1786194763609,command_menu,18640.0,partial:вверх вверх вверх,partial:вверх,partial:вверх,partial:,partial:,different_unclear
1786194763609,command_menu,18720.0,partial:вверх вверх вверх,partial:вверх,partial:вверх,partial:,partial:,different_unclear
1786194763609,command_menu,18800.0,partial:вверх вверх вверх,partial:вверх,partial:вверх,partial:,partial:,different_unclear
1786194763609,command_menu,18880.0,partial:вверх вверх вверх,partial:вверх,partial:вверх,partial:,partial:,different_unclear
1786194763609,command_menu,18960.0,partial:вверх вверх вверх,partial:вверх,partial:вверх,partial:,partial:,different_unclear
1786194763609,command_menu,19040.0,partial:вверх вверх вверх,partial:вверх,partial:вверх,partial:,partial:,different_unclear
1786194763609,command_menu,19120.0,partial:вверх вверх вверх,partial:вверх,partial:вверх,partial:,partial:,different_unclear
1786194763609,command_menu,19200.0,partial:вверх вверх вверх,partial:вверх,partial:вверх,partial:,partial:,different_unclear
1786194763609,command_menu,19280.0,partial:вверх вверх вверх,partial:вверх,partial:вверх,partial:,partial:,different_unclear
1786194763609,command_menu,19360.0,partial:вверх вверх вверх,partial:вверх,partial:вверх,partial:,partial:,different_unclear
1786194763609,command_menu,19440.0,partial:вверх вверх вверх,partial:вверх,partial:вверх,partial:,partial:,different_unclear
1786194763609,command_menu,19520.0,partial:вверх вверх вверх,partial:вверх,partial:вверх,partial:,partial:,different_unclear
1786194763609,command_menu,19600.0,partial:вверх вверх вверх,partial:вверх,partial:вверх,partial:,partial:,different_unclear
1786194763609,command_menu,19680.0,partial:вверх вверх вверх,partial:вверх,partial:вверх,partial:,partial:,different_unclear
1786194763609,command_menu,19760.0,partial:вверх вверх вверх,partial:вверх,partial:вверх,partial:,partial:,different_unclear
1786194763609,command_menu,19840.0,partial:вверх вверх вверх,partial:вверх,partial:вверх,partial:,partial:,different_unclear
1786194763609,command_menu,19920.0,endpoint:вверх вверх вверх,endpoint:вверх,endpoint:вверх,partial:,partial:,different_unclear
1786194763609,command_menu,20400.0,partial:,partial:,partial:,endpoint:,endpoint:вверх,different_unclear
1786194763609,command_menu,24240.0,partial:,partial:,partial:,partial:вверх,partial:,different_unclear
1786194763609,command_menu,24320.0,partial:,partial:,partial:,partial:вверх,partial:,different_unclear
1786194763609,command_menu,24400.0,partial:,partial:,partial:,partial:вверх,partial:,different_unclear
1786194763609,command_menu,24480.0,partial:,partial:,partial:,partial:вверх,partial:,different_unclear
1786194763609,command_menu,24560.0,partial:,partial:,partial:,partial:вверх,partial:,different_unclear
1786194763609,command_menu,24640.0,partial:,partial:,partial:,partial:вверх,partial:,different_unclear
1786194763609,command_menu,24720.0,partial:,partial:,partial:,partial:вверх,partial:,different_unclear
1786194763609,command_menu,24800.0,partial:,partial:,partial:,partial:вверх,partial:,different_unclear
1786194763609,command_menu,24880.0,partial:,partial:,partial:,partial:вверх,partial:,different_unclear
1786194763609,command_menu,24960.0,partial:,partial:,partial:,partial:вверх,partial:,different_unclear
1786194763609,command_menu,25040.0,partial:,partial:,partial:,partial:вверх,partial:,different_unclear
1786194763609,command_menu,25120.0,partial:,partial:,partial:,partial:вверх,partial:,different_unclear
1786194763609,command_menu,25200.0,partial:вниз,partial:,partial:,endpoint:вверх,partial:,different_unclear
1786194763609,command_menu,25280.0,partial:вниз,partial:,partial:,partial:,partial:,different_unclear
1786194763609,command_menu,25360.0,partial:вниз,partial:,partial:,partial:,partial:,different_unclear
1786194763609,command_menu,25440.0,partial:вниз,partial:,partial:,partial:,partial:,different_unclear
1786194763609,command_menu,25520.0,partial:вниз,partial:,partial:,partial:,partial:,different_unclear
1786194763609,command_menu,25600.0,partial:вниз,partial:,partial:,partial:,partial:,different_unclear
1786194763609,command_menu,26640.0,partial:вниз вниз,partial:вниз вниз,partial:вниз вниз,endpoint:вниз,endpoint:вниз,different_unclear
1786194763609,command_menu,26720.0,partial:вниз вниз,partial:вниз вниз,partial:вниз вниз,partial:,partial:,different_unclear
1786194763609,command_menu,26800.0,partial:вниз вниз,partial:вниз вниз,partial:вниз вниз,partial:,partial:,different_unclear
1786194763609,command_menu,26880.0,partial:вниз вниз,partial:вниз вниз,partial:вниз вниз,partial:,partial:,different_unclear
1786194763609,command_menu,26960.0,partial:вниз вниз,partial:вниз вниз,partial:вниз вниз,partial:,partial:,different_unclear
1786194763609,command_menu,27040.0,partial:вниз вниз,partial:вниз вниз,partial:вниз вниз,partial:,partial:,different_unclear
1786194763609,command_menu,27120.0,partial:вниз вниз,partial:вниз вниз,partial:вниз вниз,partial:,partial:,different_unclear
1786194763609,command_menu,27200.0,partial:вниз вниз,partial:вниз вниз,partial:вниз вниз,partial:,partial:,different_unclear
1786194763609,command_menu,27280.0,partial:вниз вниз,partial:вниз вниз,partial:вниз вниз,partial:,partial:,different_unclear
1786194763609,command_menu,27360.0,partial:вниз вниз,partial:вниз вниз,partial:вниз вниз,partial:,partial:,different_unclear
1786194763609,command_menu,27440.0,partial:вниз вниз,partial:вниз вниз,partial:вниз вниз,partial:,partial:,different_unclear
1786194763609,command_menu,27520.0,partial:вниз вниз,partial:вниз вниз,partial:вниз вниз,partial:,partial:,different_unclear
1786194763609,command_menu,27600.0,partial:вниз вниз доступность,partial:вниз вниз,partial:вниз вниз,partial:,partial:,different_unclear
1786194763609,command_menu,27680.0,partial:вниз вниз доступность,partial:вниз вниз,partial:вниз вниз,partial:,partial:,different_unclear
1786194763609,command_menu,27760.0,partial:вниз вниз доступность,partial:вниз вниз,partial:вниз вниз,partial:,partial:,different_unclear
1786194763609,command_menu,27840.0,partial:вниз вниз доступность,partial:вниз вниз,partial:вниз вниз,partial:,partial:,different_unclear
1786194763609,command_menu,27920.0,partial:вниз вниз доступность,partial:вниз вниз,partial:вниз вниз,partial:,partial:,different_unclear
1786194763609,command_menu,28000.0,partial:вниз вниз доступность,partial:вниз вниз,partial:вниз вниз,partial:,partial:,different_unclear
1786194763609,command_menu,28080.0,partial:вниз вниз вниз,partial:вниз вниз вниз,partial:вниз вниз вниз,partial:вниз,partial:вниз,different_unclear
1786194763609,command_menu,28160.0,partial:вниз вниз вниз,partial:вниз вниз вниз,partial:вниз вниз вниз,partial:вниз,partial:вниз,different_unclear
1786194763609,command_menu,28240.0,partial:вниз вниз вниз,partial:вниз вниз вниз,partial:вниз вниз вниз,partial:вниз,partial:вниз,different_unclear
1786194763609,command_menu,28320.0,partial:вниз вниз вниз,partial:вниз вниз вниз,partial:вниз вниз вниз,partial:вниз,partial:вниз,different_unclear
1786194763609,command_menu,28400.0,partial:вниз вниз вниз,partial:вниз вниз вниз,partial:вниз вниз вниз,partial:вниз,partial:вниз,different_unclear
1786194763609,command_menu,28480.0,partial:вниз вниз вниз,partial:вниз вниз вниз,partial:вниз вниз вниз,partial:вниз,partial:вниз,different_unclear
1786194763609,command_menu,28560.0,partial:вниз вниз вниз,partial:вниз вниз вниз,partial:вниз вниз вниз,partial:вниз,partial:вниз,different_unclear
1786194763609,command_menu,28640.0,partial:вниз вниз вниз,partial:вниз вниз вниз,partial:вниз вниз вниз,partial:вниз,partial:вниз,different_unclear
1786194763609,command_menu,28720.0,partial:вниз вниз вниз,partial:вниз вниз вниз,partial:вниз вниз вниз,partial:вниз,partial:вниз,different_unclear
1786194763609,command_menu,28800.0,partial:вниз вниз вниз,partial:вниз вниз вниз,partial:вниз вниз вниз,partial:вниз,partial:вниз,different_unclear
1786194763609,command_menu,28880.0,partial:вниз вниз вниз,partial:вниз вниз вниз,partial:вниз вниз вниз,partial:вниз,partial:вниз,different_unclear
1786194763609,command_menu,28960.0,partial:вниз вниз вниз,partial:вниз вниз вниз,partial:вниз вниз вниз,partial:вниз,partial:вниз,different_unclear
1786194763609,command_menu,29040.0,endpoint:вниз вниз вниз,endpoint:вниз вниз вниз,endpoint:вниз вниз вниз,endpoint:вниз,endpoint:вниз,different_unclear
1786194763609,command_menu,46800.0,partial:,partial:доступность,partial:доступность,partial:доступность,partial:доступность,different_unclear
1786194763609,command_menu,46880.0,partial:,partial:доступность,partial:доступность,partial:доступность,partial:доступность,different_unclear
1786194763609,command_menu,46960.0,partial:,partial:доступность,partial:доступность,partial:доступность,partial:доступность,different_unclear
1786194763609,command_menu,47040.0,partial:,partial:доступность,partial:доступность,partial:доступность,partial:доступность,different_unclear
1786194763609,command_menu,47120.0,partial:,partial:доступность,partial:доступность,partial:доступность,partial:доступность,different_unclear
1786194763609,command_menu,47200.0,partial:,partial:доступность,partial:доступность,partial:доступность,partial:доступность,different_unclear
1786194763609,command_menu,47760.0,partial:доступность,partial:вверх доступность,partial:вверх доступность,partial:вверх доступность,partial:вверх доступность,different_unclear
1786194763609,command_menu,47840.0,partial:доступность,partial:вверх доступность,partial:вверх доступность,partial:вверх доступность,partial:вверх доступность,different_unclear
1786194763609,command_menu,47920.0,partial:доступность,partial:вверх доступность,partial:вверх доступность,partial:вверх доступность,partial:вверх доступность,different_unclear
1786194763609,command_menu,48000.0,partial:доступность,partial:вверх доступность,partial:вверх доступность,partial:вверх доступность,partial:вверх доступность,different_unclear
1786194763609,command_menu,48080.0,partial:доступность,partial:вверх доступность,partial:вверх доступность,partial:вверх доступность,partial:вверх доступность,different_unclear
1786194763609,command_menu,48160.0,partial:доступность,partial:вверх доступность,partial:вверх доступность,partial:вверх доступность,partial:вверх доступность,different_unclear
1786194763609,command_menu,48240.0,endpoint:вверх,endpoint:вверх,endpoint:вверх,partial:вверх вверх,endpoint:вверх,different_unclear
1786194763609,command_menu,48320.0,partial:,partial:,partial:,partial:вверх вверх,partial:,different_unclear
1786194763609,command_menu,48400.0,partial:,partial:,partial:,partial:вверх вверх,partial:,different_unclear
1786194763609,command_menu,48480.0,partial:,partial:,partial:,partial:вверх вверх,partial:,different_unclear
1786194763609,command_menu,48560.0,partial:,partial:,partial:,partial:вверх вверх,partial:,different_unclear
1786194763609,command_menu,48640.0,partial:,partial:,partial:,partial:вверх вверх,partial:,different_unclear
1786194763609,command_menu,48720.0,partial:,partial:,partial:,partial:вверх вверх,partial:,different_unclear
1786194763609,command_menu,48800.0,partial:,partial:,partial:,partial:вверх вверх,partial:,different_unclear
1786194763609,command_menu,48880.0,partial:,partial:,partial:,partial:вверх вверх,partial:,different_unclear
1786194763609,command_menu,48960.0,partial:,partial:,partial:,partial:вверх вверх,partial:,different_unclear
1786194763609,command_menu,49040.0,partial:,partial:,partial:,partial:вверх вверх,partial:,different_unclear
1786194763609,command_menu,49120.0,partial:,partial:,partial:,partial:вверх вверх,partial:,different_unclear
1786194763609,command_menu,49200.0,partial:,partial:вверх,partial:вверх,endpoint:вверх вверх,partial:,different_unclear
1786194763609,command_menu,49280.0,partial:,partial:вверх,partial:вверх,partial:,partial:,different_unclear
1786194763609,command_menu,49360.0,partial:,partial:вверх,partial:вверх,partial:,partial:,different_unclear
1786194763609,command_menu,49440.0,partial:,partial:вверх,partial:вверх,partial:,partial:,different_unclear
1786194763609,command_menu,49520.0,partial:,partial:вверх,partial:вверх,partial:,partial:,different_unclear
1786194763609,command_menu,49600.0,partial:,partial:вверх,partial:вверх,partial:,partial:,different_unclear
1786194763609,command_menu,49680.0,partial:,partial:вверх,partial:вверх,partial:,partial:,different_unclear
1786194763609,command_menu,49760.0,partial:,partial:вверх,partial:вверх,partial:,partial:,different_unclear
1786194763609,command_menu,49840.0,partial:,partial:вверх,partial:вверх,partial:,partial:,different_unclear
1786194763609,command_menu,49920.0,partial:,partial:вверх,partial:вверх,partial:,partial:,different_unclear
1786194763609,command_menu,50000.0,partial:,partial:вверх,partial:вверх,partial:,partial:,different_unclear
1786194763609,command_menu,50080.0,partial:,partial:вверх,partial:вверх,partial:,partial:,different_unclear
1786194763609,command_menu,50160.0,partial:,endpoint:вверх,endpoint:вверх,partial:,partial:,different_unclear
1786194763609,command_menu,52080.0,partial:вниз вниз,endpoint:вниз,partial:вниз вниз,partial:вниз вниз,partial:вниз вниз,different_unclear
1786194763609,command_menu,52160.0,partial:вниз вниз,partial:,partial:вниз вниз,partial:вниз вниз,partial:вниз вниз,different_unclear
1786194763609,command_menu,52240.0,partial:вниз вниз,partial:,partial:вниз вниз,partial:вниз вниз,partial:вниз вниз,different_unclear
1786194763609,command_menu,52320.0,partial:вниз вниз,partial:,partial:вниз вниз,partial:вниз вниз,partial:вниз вниз,different_unclear
1786194763609,command_menu,52400.0,partial:вниз вниз,partial:,partial:вниз вниз,partial:вниз вниз,partial:вниз вниз,different_unclear
1786194763609,command_menu,52480.0,partial:вниз вниз,partial:,partial:вниз вниз,partial:вниз вниз,partial:вниз вниз,different_unclear
1786194763609,command_menu,52560.0,partial:вниз вниз вниз,partial:вниз,partial:вниз вниз,partial:вниз вниз,partial:вниз вниз,different_unclear
1786194763609,command_menu,52640.0,partial:вниз вниз вниз,partial:вниз,partial:вниз вниз,partial:вниз вниз,partial:вниз вниз,different_unclear
1786194763609,command_menu,52720.0,partial:вниз вниз вниз,partial:вниз,partial:вниз вниз,partial:вниз вниз,partial:вниз вниз,different_unclear
1786194763609,command_menu,52800.0,partial:вниз вниз вниз,partial:вниз,partial:вниз вниз,partial:вниз вниз,partial:вниз вниз,different_unclear
1786194763609,command_menu,52880.0,partial:вниз вниз вниз,partial:вниз,partial:вниз вниз,partial:вниз вниз,partial:вниз вниз,different_unclear
1786194763609,command_menu,52960.0,partial:вниз вниз вниз,partial:вниз,partial:вниз вниз,partial:вниз вниз,partial:вниз вниз,different_unclear
1786194763609,command_menu,53040.0,partial:вниз вниз вниз,partial:вниз,partial:вниз вниз вниз,partial:вниз вниз вниз,partial:вниз вниз вниз,different_unclear
1786194763609,command_menu,53120.0,partial:вниз вниз вниз,partial:вниз,partial:вниз вниз вниз,partial:вниз вниз вниз,partial:вниз вниз вниз,different_unclear
1786194763609,command_menu,53200.0,partial:вниз вниз вниз,partial:вниз,partial:вниз вниз вниз,partial:вниз вниз вниз,partial:вниз вниз вниз,different_unclear
1786194763609,command_menu,53280.0,partial:вниз вниз вниз,partial:вниз,partial:вниз вниз вниз,partial:вниз вниз вниз,partial:вниз вниз вниз,different_unclear
1786194763609,command_menu,53360.0,partial:вниз вниз вниз,partial:вниз,partial:вниз вниз вниз,partial:вниз вниз вниз,partial:вниз вниз вниз,different_unclear
1786194763609,command_menu,53440.0,partial:вниз вниз вниз,partial:вниз,partial:вниз вниз вниз,partial:вниз вниз вниз,partial:вниз вниз вниз,different_unclear
1786194763609,command_menu,53520.0,partial:вниз вниз вниз,partial:вниз,partial:вниз вниз вниз,partial:вниз вниз вниз,partial:вниз вниз вниз,different_unclear
1786194763609,command_menu,53600.0,partial:вниз вниз вниз,partial:вниз,partial:вниз вниз вниз,partial:вниз вниз вниз,partial:вниз вниз вниз,different_unclear
1786194763609,command_menu,53680.0,partial:вниз вниз вниз,partial:вниз,partial:вниз вниз вниз,partial:вниз вниз вниз,partial:вниз вниз вниз,different_unclear
1786194763609,command_menu,53760.0,partial:вниз вниз вниз,partial:вниз,partial:вниз вниз вниз,partial:вниз вниз вниз,partial:вниз вниз вниз,different_unclear
1786194763609,command_menu,53840.0,partial:вниз вниз вниз,partial:вниз,partial:вниз вниз вниз,partial:вниз вниз вниз,partial:вниз вниз вниз,different_unclear
1786194763609,command_menu,53920.0,partial:вниз вниз вниз,partial:вниз,partial:вниз вниз вниз,partial:вниз вниз вниз,partial:вниз вниз вниз,different_unclear
1786194763609,command_menu,54000.0,endpoint:вниз вниз вниз,endpoint:вниз,endpoint:вниз вниз вниз,endpoint:вниз вниз вниз,endpoint:вниз вниз вниз,different_unclear
1786194763609,command_menu,56400.0,endpoint:вверх,partial:вверх,endpoint:вверх,endpoint:вверх,endpoint:вверх,different_unclear
1786194763609,command_menu,56480.0,partial:,partial:вверх,partial:,partial:,partial:,different_unclear
1786194763609,command_menu,56560.0,partial:,partial:вверх,partial:,partial:,partial:,different_unclear
1786194763609,command_menu,56640.0,partial:,partial:вверх,partial:,partial:,partial:,different_unclear
1786194763609,command_menu,56720.0,partial:,partial:вверх,partial:,partial:,partial:,different_unclear
1786194763609,command_menu,56800.0,partial:,partial:вверх,partial:,partial:,partial:,different_unclear
1786194763609,command_menu,56880.0,partial:,partial:вверх,partial:,partial:,partial:,different_unclear
1786194763609,command_menu,56960.0,partial:,partial:вверх,partial:,partial:,partial:,different_unclear
1786194763609,command_menu,57040.0,partial:,partial:вверх,partial:,partial:,partial:,different_unclear
1786194763609,command_menu,57120.0,partial:,partial:вверх,partial:,partial:,partial:,different_unclear
1786194763609,command_menu,57200.0,partial:,partial:вверх,partial:,partial:,partial:,different_unclear
1786194763609,command_menu,57280.0,partial:,partial:вверх,partial:,partial:,partial:,different_unclear
1786194763609,command_menu,57360.0,partial:,partial:вверх,partial:,partial:,partial:,different_unclear
1786194763609,command_menu,57440.0,partial:,partial:вверх,partial:,partial:,partial:,different_unclear
1786194763609,command_menu,57520.0,partial:,partial:вверх,partial:,partial:,partial:,different_unclear
1786194763609,command_menu,57600.0,partial:,partial:вверх,partial:,partial:,partial:,different_unclear
1786194763609,command_menu,57680.0,partial:,partial:вверх,partial:,partial:,partial:,different_unclear
1786194763609,command_menu,57760.0,partial:,partial:вверх,partial:,partial:,partial:,different_unclear
1786194763609,command_menu,57840.0,partial:,endpoint:вверх,partial:,partial:,partial:,different_unclear
1786194763609,command_menu,65520.0,partial:,partial:,partial:,partial:,partial:доступность,different_unclear
1786194763609,command_menu,65600.0,partial:,partial:,partial:,partial:,partial:доступность,different_unclear
1786194763609,command_menu,65680.0,partial:,partial:,partial:,partial:,partial:доступность,different_unclear
1786194763609,command_menu,65760.0,partial:,partial:,partial:,partial:,partial:доступность,different_unclear
1786194763609,command_menu,65840.0,partial:,partial:,partial:,partial:,partial:доступность,different_unclear
1786194763609,command_menu,65920.0,partial:,partial:,partial:,partial:,partial:доступность,different_unclear
1786194763609,command_menu,81840.0,partial:доступность,partial:доступность,partial:,partial:,partial:,different_unclear
1786194763609,command_menu,81920.0,partial:доступность,partial:доступность,partial:,partial:,partial:,different_unclear
1786194763609,command_menu,82000.0,partial:доступность,partial:доступность,partial:,partial:,partial:,different_unclear
1786194763609,command_menu,82080.0,partial:доступность,partial:доступность,partial:,partial:,partial:,different_unclear
1786194763609,command_menu,82160.0,partial:доступность,partial:доступность,partial:,partial:,partial:,different_unclear
1786194763609,command_menu,82240.0,partial:доступность,partial:доступность,partial:,partial:,partial:,different_unclear
1786194763609,command_menu,89520.0,partial:печать,partial:,partial:,partial:,partial:,different_unclear
1786194763609,command_menu,89600.0,partial:печать,partial:,partial:,partial:,partial:,different_unclear
1786194763609,command_menu,89680.0,partial:печать,partial:,partial:,partial:,partial:,different_unclear
1786194763609,command_menu,89760.0,partial:печать,partial:,partial:,partial:,partial:,different_unclear
1786194763609,command_menu,89840.0,partial:печать,partial:,partial:,partial:,partial:,different_unclear
1786194763609,command_menu,89920.0,partial:печать,partial:,partial:,partial:,partial:,different_unclear
1786194763609,command_menu,111120.0,partial:доступность,partial:,partial:,partial:,partial:,different_unclear
1786194763609,command_menu,111200.0,partial:доступность,partial:,partial:,partial:,partial:,different_unclear
1786194763609,command_menu,111280.0,partial:доступность,partial:,partial:,partial:,partial:,different_unclear
1786194763609,command_menu,111360.0,partial:доступность,partial:,partial:,partial:,partial:,different_unclear
1786194763609,command_menu,111440.0,partial:доступность,partial:,partial:,partial:,partial:,different_unclear
1786194763609,command_menu,111520.0,partial:доступность,partial:,partial:,partial:,partial:,different_unclear
1786194763609,command_menu,112560.0,endpoint:доступность,endpoint:,endpoint:,endpoint:,endpoint:,different_unclear
1786194763609,command_menu,113520.0,partial:,partial:печать,partial:печать,partial:печать,partial:печать,different_unclear
1786194763609,command_menu,113600.0,partial:,partial:печать,partial:печать,partial:печать,partial:печать,different_unclear
1786194763609,command_menu,113680.0,partial:,partial:печать,partial:печать,partial:печать,partial:печать,different_unclear
1786194763609,command_menu,113760.0,partial:,partial:печать,partial:печать,partial:печать,partial:печать,different_unclear
1786194763609,command_menu,113840.0,partial:,partial:печать,partial:печать,partial:печать,partial:печать,different_unclear
1786194763609,command_menu,113920.0,partial:,partial:печать,partial:печать,partial:печать,partial:печать,different_unclear
1786194763609,command_menu,155760.0,partial:справка,partial:,partial:,partial:,partial:,different_unclear
1786194763609,command_menu,155840.0,partial:справка,partial:,partial:,partial:,partial:,different_unclear
1786194763609,command_menu,155920.0,partial:справка,partial:,partial:,partial:,partial:,different_unclear
1786194763609,command_menu,156000.0,partial:справка,partial:,partial:,partial:,partial:,different_unclear
1786194763609,command_menu,156080.0,partial:справка,partial:,partial:,partial:,partial:,different_unclear
1786194763609,command_menu,156160.0,partial:справка,partial:,partial:,partial:,partial:,different_unclear
1786194763609,command_menu,158640.0,partial:доступность,partial:доступность,partial:,partial:,partial:доступность,different_unclear
1786194763609,command_menu,158720.0,partial:доступность,partial:доступность,partial:,partial:,partial:доступность,different_unclear
1786194763609,command_menu,158800.0,partial:доступность,partial:доступность,partial:,partial:,partial:доступность,different_unclear
1786194763609,command_menu,158880.0,partial:доступность,partial:доступность,partial:,partial:,partial:доступность,different_unclear
1786194763609,command_menu,158960.0,partial:доступность,partial:доступность,partial:,partial:,partial:доступность,different_unclear
1786194763609,command_menu,159040.0,partial:доступность,partial:доступность,partial:,partial:,partial:доступность,different_unclear
1786194763609,command_menu,162000.0,partial:,partial:доступность,partial:доступность,partial:доступность,partial:доступность,different_unclear
1786194763609,command_menu,162080.0,partial:,partial:доступность,partial:доступность,partial:доступность,partial:доступность,different_unclear
1786194763609,command_menu,162160.0,partial:,partial:доступность,partial:доступность,partial:доступность,partial:доступность,different_unclear
1786194763609,command_menu,162240.0,partial:,partial:доступность,partial:доступность,partial:доступность,partial:доступность,different_unclear
1786194763609,command_menu,162320.0,partial:,partial:доступность,partial:доступность,partial:доступность,partial:доступность,different_unclear
1786194763609,command_menu,162400.0,partial:,partial:доступность,partial:доступность,partial:доступность,partial:доступность,different_unclear
1786194763609,command_menu,178800.0,partial:,partial:настройки,partial:настройки,partial:настройки,partial:настройки,different_unclear
1786194763609,command_menu,178880.0,partial:,partial:настройки,partial:настройки,partial:настройки,partial:настройки,different_unclear
1786194763609,command_menu,178960.0,partial:,partial:настройки,partial:настройки,partial:настройки,partial:настройки,different_unclear
1786194763609,command_menu,179040.0,partial:,partial:настройки,partial:настройки,partial:настройки,partial:настройки,different_unclear
1786194763609,command_menu,179120.0,partial:,partial:настройки,partial:настройки,partial:настройки,partial:настройки,different_unclear
1786194763609,command_menu,179200.0,partial:,partial:настройки,partial:настройки,partial:настройки,partial:настройки,different_unclear
1786194763609,free_text,10800.0,partial:не,partial:,partial:,partial:,partial:,different_unclear
1786194763609,free_text,10880.0,partial:не,partial:,partial:,partial:,partial:,different_unclear
1786194763609,free_text,10960.0,partial:не,partial:,partial:,partial:,partial:,different_unclear
1786194763609,free_text,11040.0,partial:не,partial:,partial:,partial:,partial:,different_unclear
1786194763609,free_text,11120.0,partial:не,partial:,partial:,partial:,partial:,different_unclear
1786194763609,free_text,11200.0,partial:не,partial:,partial:,partial:,partial:,different_unclear
1786194763609,free_text,11280.0,endpoint:вниз,endpoint:быть,partial:мыса,endpoint:автобуса,partial:автобуса,different_unclear
1786194763609,free_text,11360.0,partial:,partial:,partial:мыса,partial:,partial:автобуса,different_unclear
1786194763609,free_text,11440.0,partial:,partial:,partial:мыса,partial:,partial:автобуса,different_unclear
1786194763609,free_text,11520.0,partial:,partial:,partial:мыса,partial:,partial:автобуса,different_unclear
1786194763609,free_text,11600.0,partial:,partial:,partial:мыса,partial:,partial:автобуса,different_unclear
1786194763609,free_text,11680.0,partial:,partial:,partial:мыса,partial:,partial:автобуса,different_unclear
1786194763609,free_text,11760.0,partial:,partial:,partial:мыса,partial:,partial:автобуса,different_unclear
1786194763609,free_text,11840.0,partial:,partial:,partial:мыса,partial:,partial:автобуса,different_unclear
1786194763609,free_text,11920.0,partial:,partial:,partial:мыса,partial:,partial:автобуса,different_unclear
1786194763609,free_text,12000.0,partial:,partial:,partial:мыса,partial:,partial:автобуса,different_unclear
1786194763609,free_text,12080.0,partial:,partial:,partial:мыса,partial:,partial:автобуса,different_unclear
1786194763609,free_text,12160.0,partial:,partial:,partial:мыса,partial:,partial:автобуса,different_unclear
1786194763609,free_text,12240.0,partial:,partial:,partial:мыса,partial:,endpoint:автобуса,different_unclear
1786194763609,free_text,12320.0,partial:,partial:,partial:мыса,partial:,partial:,different_unclear
1786194763609,free_text,12400.0,partial:,partial:,partial:мыса,partial:,partial:,different_unclear
1786194763609,free_text,12480.0,partial:,partial:,partial:мыса,partial:,partial:,different_unclear
1786194763609,free_text,12560.0,partial:,partial:,partial:мыса,partial:,partial:,different_unclear
1786194763609,free_text,12640.0,partial:,partial:,partial:мыса,partial:,partial:,different_unclear
1786194763609,free_text,12720.0,partial:,partial:,partial:мыса,partial:,partial:,different_unclear
1786194763609,free_text,12800.0,partial:,partial:,partial:мыса,partial:,partial:,different_unclear
1786194763609,free_text,12880.0,partial:,partial:,partial:мыса,partial:,partial:,different_unclear
1786194763609,free_text,12960.0,partial:,partial:,partial:мыса,partial:,partial:,different_unclear
1786194763609,free_text,13040.0,partial:,partial:,partial:мыса,partial:,partial:,different_unclear
1786194763609,free_text,13120.0,partial:,partial:,partial:мыса,partial:,partial:,different_unclear
1786194763609,free_text,13200.0,partial:,partial:,endpoint:мыса,partial:,partial:,different_unclear
1786194763609,free_text,16080.0,partial:,partial:,partial:,partial:,partial:я,different_unclear
1786194763609,free_text,16160.0,partial:,partial:,partial:,partial:,partial:я,different_unclear
1786194763609,free_text,16240.0,partial:,partial:,partial:,partial:,partial:я,different_unclear
1786194763609,free_text,16320.0,partial:,partial:,partial:,partial:,partial:я,different_unclear
1786194763609,free_text,16400.0,partial:,partial:,partial:,partial:,partial:я,different_unclear
1786194763609,free_text,16480.0,partial:,partial:,partial:,partial:,partial:я,different_unclear
1786194763609,free_text,16560.0,partial:вниз вверх,partial:для,partial:,partial:,partial:я,different_unclear
1786194763609,free_text,16640.0,partial:вниз вверх,partial:для,partial:,partial:,partial:я,different_unclear
1786194763609,free_text,16720.0,partial:вниз вверх,partial:для,partial:,partial:,partial:я,different_unclear
1786194763609,free_text,16800.0,partial:вниз вверх,partial:для,partial:,partial:,partial:я,different_unclear
1786194763609,free_text,16880.0,partial:вниз вверх,partial:для,partial:,partial:,partial:я,different_unclear
1786194763609,free_text,16960.0,partial:вниз вверх,partial:для,partial:,partial:,partial:я,different_unclear
1786194763609,free_text,17040.0,partial:вниз вверх вниз,partial:для,partial:,partial:,partial:я,different_unclear
1786194763609,free_text,17120.0,partial:вниз вверх вниз,partial:для,partial:,partial:,partial:я,different_unclear
1786194763609,free_text,17200.0,partial:вниз вверх вниз,partial:для,partial:,partial:,partial:я,different_unclear
1786194763609,free_text,17280.0,partial:вниз вверх вниз,partial:для,partial:,partial:,partial:я,different_unclear
1786194763609,free_text,17360.0,partial:вниз вверх вниз,partial:для,partial:,partial:,partial:я,different_unclear
1786194763609,free_text,17440.0,partial:вниз вверх вниз,partial:для,partial:,partial:,partial:я,different_unclear
1786194763609,free_text,17520.0,endpoint:вниз вверх,partial:для для,partial:для,partial:для,partial:для,different_unclear
1786194763609,free_text,17600.0,partial:,partial:для для,partial:для,partial:для,partial:для,different_unclear
1786194763609,free_text,17680.0,partial:,partial:для для,partial:для,partial:для,partial:для,different_unclear
1786194763609,free_text,17760.0,partial:,partial:для для,partial:для,partial:для,partial:для,different_unclear
1786194763609,free_text,17840.0,partial:,partial:для для,partial:для,partial:для,partial:для,different_unclear
1786194763609,free_text,17920.0,partial:,partial:для для,partial:для,partial:для,partial:для,different_unclear
1786194763609,free_text,18000.0,partial:,partial:для для,partial:для,partial:для,partial:для,different_unclear
1786194763609,free_text,18080.0,partial:,partial:для для,partial:для,partial:для,partial:для,different_unclear
1786194763609,free_text,18160.0,partial:,partial:для для,partial:для,partial:для,partial:для,different_unclear
1786194763609,free_text,18240.0,partial:,partial:для для,partial:для,partial:для,partial:для,different_unclear
1786194763609,free_text,18320.0,partial:,partial:для для,partial:для,partial:для,partial:для,different_unclear
1786194763609,free_text,18400.0,partial:,partial:для для,partial:для,partial:для,partial:для,different_unclear
1786194763609,free_text,18480.0,partial:,partial:для для,partial:для,partial:для,partial:як як як,different_unclear
1786194763609,free_text,18560.0,partial:,partial:для для,partial:для,partial:для,partial:як як як,different_unclear
1786194763609,free_text,18640.0,partial:,partial:для для,partial:для,partial:для,partial:як як як,different_unclear
1786194763609,free_text,18720.0,partial:,partial:для для,partial:для,partial:для,partial:як як як,different_unclear
1786194763609,free_text,18800.0,partial:,partial:для для,partial:для,partial:для,partial:як як як,different_unclear
1786194763609,free_text,18880.0,partial:,partial:для для,partial:для,partial:для,partial:як як як,different_unclear
1786194763609,free_text,18960.0,partial:верх,partial:для для верх,partial:для бег,partial:як як як,partial:як як як,different_unclear
1786194763609,free_text,19040.0,partial:верх,partial:для для верх,partial:для бег,partial:як як як,partial:як як як,different_unclear
1786194763609,free_text,19120.0,partial:верх,partial:для для верх,partial:для бег,partial:як як як,partial:як як як,different_unclear
1786194763609,free_text,19200.0,partial:верх,partial:для для верх,partial:для бег,partial:як як як,partial:як як як,different_unclear
1786194763609,free_text,19280.0,partial:верх,partial:для для верх,partial:для бег,partial:як як як,partial:як як як,different_unclear
1786194763609,free_text,19360.0,partial:верх,partial:для для верх,partial:для бег,partial:як як як,partial:як як як,different_unclear
1786194763609,free_text,19440.0,partial:верх,partial:для для верх,partial:для бег,partial:як як як,partial:як як як,different_unclear
1786194763609,free_text,19520.0,partial:верх,partial:для для верх,partial:для бег,partial:як як як,partial:як як як,different_unclear
1786194763609,free_text,19600.0,partial:верх,partial:для для верх,partial:для бег,partial:як як як,partial:як як як,different_unclear
1786194763609,free_text,19680.0,partial:верх,partial:для для верх,partial:для бег,partial:як як як,partial:як як як,different_unclear
1786194763609,free_text,19760.0,partial:верх,partial:для для верх,partial:для бег,partial:як як як,partial:як як як,different_unclear
1786194763609,free_text,19840.0,partial:верх,partial:для для верх,partial:для бег,partial:як як як,partial:як як як,different_unclear
1786194763609,free_text,19920.0,endpoint:верх,endpoint:для для верх,partial:для бег,partial:як як як,partial:як як як,different_unclear
1786194763609,free_text,20000.0,partial:,partial:,partial:для бег,partial:як як як,partial:як як як,different_unclear
1786194763609,free_text,20080.0,partial:,partial:,partial:для бег,partial:як як як,partial:як як як,different_unclear
1786194763609,free_text,20160.0,partial:,partial:,partial:для бег,partial:як як як,partial:як як як,different_unclear
1786194763609,free_text,20240.0,partial:,partial:,partial:для бег,partial:як як як,partial:як як як,different_unclear
1786194763609,free_text,20320.0,partial:,partial:,partial:для бег,partial:як як як,partial:як як як,different_unclear
1786194763609,free_text,20400.0,partial:,partial:,partial:для бег,partial:як як як,partial:як як як,different_unclear
1786194763609,free_text,20480.0,partial:,partial:,partial:для бег,partial:як як як,partial:як як як,different_unclear
1786194763609,free_text,20560.0,partial:,partial:,partial:для бег,partial:як як як,partial:як як як,different_unclear
1786194763609,free_text,20640.0,partial:,partial:,partial:для бег,partial:як як як,partial:як як як,different_unclear
1786194763609,free_text,20720.0,partial:,partial:,partial:для бег,partial:як як як,partial:як як як,different_unclear
1786194763609,free_text,20800.0,partial:,partial:,partial:для бег,partial:як як як,partial:як як як,different_unclear
1786194763609,free_text,20880.0,partial:,partial:,endpoint:для бег,endpoint:для бег,endpoint:як як як,different_unclear
1786194763609,free_text,25680.0,partial:близ,partial:,partial:,partial:,partial:,different_unclear
1786194763609,free_text,25760.0,partial:близ,partial:,partial:,partial:,partial:,different_unclear
1786194763609,free_text,25840.0,partial:близ,partial:,partial:,partial:,partial:,different_unclear
1786194763609,free_text,25920.0,partial:близ,partial:,partial:,partial:,partial:,different_unclear
1786194763609,free_text,26000.0,partial:близ,partial:,partial:,partial:,partial:,different_unclear
1786194763609,free_text,26080.0,partial:близ,partial:,partial:,partial:,partial:,different_unclear
1786194763609,free_text,26160.0,partial:близ,partial:,partial:,partial:,partial:,different_unclear
1786194763609,free_text,26240.0,partial:близ,partial:,partial:,partial:,partial:,different_unclear
1786194763609,free_text,26320.0,partial:близ,partial:,partial:,partial:,partial:,different_unclear
1786194763609,free_text,26400.0,partial:близ,partial:,partial:,partial:,partial:,different_unclear
1786194763609,free_text,26480.0,partial:близ,partial:,partial:,partial:,partial:,different_unclear
1786194763609,free_text,26560.0,partial:близ,partial:,partial:,partial:,partial:,different_unclear
1786194763609,free_text,26640.0,partial:да будет мир,partial:,partial:,partial:,partial:для них,different_unclear
1786194763609,free_text,26720.0,partial:да будет мир,partial:,partial:,partial:,partial:для них,different_unclear
1786194763609,free_text,26800.0,partial:да будет мир,partial:,partial:,partial:,partial:для них,different_unclear
1786194763609,free_text,26880.0,partial:да будет мир,partial:,partial:,partial:,partial:для них,different_unclear
1786194763609,free_text,26960.0,partial:да будет мир,partial:,partial:,partial:,partial:для них,different_unclear
1786194763609,free_text,27040.0,partial:да будет мир,partial:,partial:,partial:,partial:для них,different_unclear
1786194763609,free_text,27120.0,partial:вниз вниз,partial:,partial:вниз вниз,partial:,partial:вниз вниз,different_unclear
1786194763609,free_text,27200.0,partial:вниз вниз,partial:,partial:вниз вниз,partial:,partial:вниз вниз,different_unclear
1786194763609,free_text,27280.0,partial:вниз вниз,partial:,partial:вниз вниз,partial:,partial:вниз вниз,different_unclear
1786194763609,free_text,27360.0,partial:вниз вниз,partial:,partial:вниз вниз,partial:,partial:вниз вниз,different_unclear
1786194763609,free_text,27440.0,partial:вниз вниз,partial:,partial:вниз вниз,partial:,partial:вниз вниз,different_unclear
1786194763609,free_text,27520.0,partial:вниз вниз,partial:,partial:вниз вниз,partial:,partial:вниз вниз,different_unclear
1786194763609,free_text,27600.0,partial:вниз вниз вниз,partial:,partial:вниз вниз вниз,partial:вниз вниз вниз,partial:вниз вниз вниз,different_unclear
1786194763609,free_text,27680.0,partial:вниз вниз вниз,partial:,partial:вниз вниз вниз,partial:вниз вниз вниз,partial:вниз вниз вниз,different_unclear
1786194763609,free_text,27760.0,partial:вниз вниз вниз,partial:,partial:вниз вниз вниз,partial:вниз вниз вниз,partial:вниз вниз вниз,different_unclear
1786194763609,free_text,27840.0,partial:вниз вниз вниз,partial:,partial:вниз вниз вниз,partial:вниз вниз вниз,partial:вниз вниз вниз,different_unclear
1786194763609,free_text,27920.0,partial:вниз вниз вниз,partial:,partial:вниз вниз вниз,partial:вниз вниз вниз,partial:вниз вниз вниз,different_unclear
1786194763609,free_text,28000.0,partial:вниз вниз вниз,partial:,partial:вниз вниз вниз,partial:вниз вниз вниз,partial:вниз вниз вниз,different_unclear
1786194763609,free_text,28080.0,partial:вниз вниз вниз,partial:быть,partial:вниз вниз вниз,partial:вниз вниз быть,partial:вниз вниз быть,different_unclear
1786194763609,free_text,28160.0,partial:вниз вниз вниз,partial:быть,partial:вниз вниз вниз,partial:вниз вниз быть,partial:вниз вниз быть,different_unclear
1786194763609,free_text,28240.0,partial:вниз вниз вниз,partial:быть,partial:вниз вниз вниз,partial:вниз вниз быть,partial:вниз вниз быть,different_unclear
1786194763609,free_text,28320.0,partial:вниз вниз вниз,partial:быть,partial:вниз вниз вниз,partial:вниз вниз быть,partial:вниз вниз быть,different_unclear
1786194763609,free_text,28400.0,partial:вниз вниз вниз,partial:быть,partial:вниз вниз вниз,partial:вниз вниз быть,partial:вниз вниз быть,different_unclear
1786194763609,free_text,28480.0,partial:вниз вниз вниз,partial:быть,partial:вниз вниз вниз,partial:вниз вниз быть,partial:вниз вниз быть,different_unclear
1786194763609,free_text,28560.0,partial:вниз вниз вниз,partial:быть,partial:вниз вниз вниз,partial:вниз вниз быть,partial:вниз вниз быть,different_unclear
1786194763609,free_text,28640.0,partial:вниз вниз вниз,partial:быть,partial:вниз вниз вниз,partial:вниз вниз быть,partial:вниз вниз быть,different_unclear
1786194763609,free_text,28720.0,partial:вниз вниз вниз,partial:быть,partial:вниз вниз вниз,partial:вниз вниз быть,partial:вниз вниз быть,different_unclear
1786194763609,free_text,28800.0,partial:вниз вниз вниз,partial:быть,partial:вниз вниз вниз,partial:вниз вниз быть,partial:вниз вниз быть,different_unclear
1786194763609,free_text,28880.0,partial:вниз вниз вниз,partial:быть,partial:вниз вниз вниз,partial:вниз вниз быть,partial:вниз вниз быть,different_unclear
1786194763609,free_text,28960.0,partial:вниз вниз вниз,partial:быть,partial:вниз вниз вниз,partial:вниз вниз быть,partial:вниз вниз быть,different_unclear
1786194763609,free_text,29040.0,endpoint:вниз вниз вниз,endpoint:вниз вниз вниз,endpoint:вниз вниз вниз,endpoint:вниз вниз вниз,endpoint:для вниз вниз вниз,different_unclear
1786194763609,free_text,47280.0,partial:,partial:верх,partial:верх,partial:верх,partial:верх,different_unclear
1786194763609,free_text,47360.0,partial:,partial:верх,partial:верх,partial:верх,partial:верх,different_unclear
1786194763609,free_text,47440.0,partial:,partial:верх,partial:верх,partial:верх,partial:верх,different_unclear
1786194763609,free_text,47520.0,partial:,partial:верх,partial:верх,partial:верх,partial:верх,different_unclear
1786194763609,free_text,47600.0,partial:,partial:верх,partial:верх,partial:верх,partial:верх,different_unclear
1786194763609,free_text,47680.0,partial:,partial:верх,partial:верх,partial:верх,partial:верх,different_unclear
1786194763609,free_text,47760.0,partial:,partial:верх,partial:верх,partial:биг,partial:биг,different_unclear
1786194763609,free_text,47840.0,partial:,partial:верх,partial:верх,partial:биг,partial:биг,different_unclear
1786194763609,free_text,47920.0,partial:,partial:верх,partial:верх,partial:биг,partial:биг,different_unclear
1786194763609,free_text,48000.0,partial:,partial:верх,partial:верх,partial:биг,partial:биг,different_unclear
1786194763609,free_text,48080.0,partial:,partial:верх,partial:верх,partial:биг,partial:биг,different_unclear
1786194763609,free_text,48160.0,partial:,partial:верх,partial:верх,partial:биг,partial:биг,different_unclear
1786194763609,free_text,48240.0,partial:для,partial:бен бернанке,partial:верх для,partial:бен бернанке,partial:верх для,different_unclear
1786194763609,free_text,48320.0,partial:для,partial:бен бернанке,partial:верх для,partial:бен бернанке,partial:верх для,different_unclear
1786194763609,free_text,48400.0,partial:для,partial:бен бернанке,partial:верх для,partial:бен бернанке,partial:верх для,different_unclear
1786194763609,free_text,48480.0,partial:для,partial:бен бернанке,partial:верх для,partial:бен бернанке,partial:верх для,different_unclear
1786194763609,free_text,48560.0,partial:для,partial:бен бернанке,partial:верх для,partial:бен бернанке,partial:верх для,different_unclear
1786194763609,free_text,48640.0,partial:для,partial:бен бернанке,partial:верх для,partial:бен бернанке,partial:верх для,different_unclear
1786194763609,free_text,48720.0,partial:для,partial:верх для,partial:верх для,partial:верх для,partial:верх для,different_unclear
1786194763609,free_text,48800.0,partial:для,partial:верх для,partial:верх для,partial:верх для,partial:верх для,different_unclear
1786194763609,free_text,48880.0,partial:для,partial:верх для,partial:верх для,partial:верх для,partial:верх для,different_unclear
1786194763609,free_text,48960.0,partial:для,partial:верх для,partial:верх для,partial:верх для,partial:верх для,different_unclear
1786194763609,free_text,49040.0,partial:для,partial:верх для,partial:верх для,partial:верх для,partial:верх для,different_unclear
1786194763609,free_text,49120.0,partial:для,partial:верх для,partial:верх для,partial:верх для,partial:верх для,different_unclear
1786194763609,free_text,49200.0,partial:для для,partial:верх для для,partial:верх для для,partial:верх для,partial:верх для,different_unclear
1786194763609,free_text,49280.0,partial:для для,partial:верх для для,partial:верх для для,partial:верх для,partial:верх для,different_unclear
1786194763609,free_text,49360.0,partial:для для,partial:верх для для,partial:верх для для,partial:верх для,partial:верх для,different_unclear
1786194763609,free_text,49440.0,partial:для для,partial:верх для для,partial:верх для для,partial:верх для,partial:верх для,different_unclear
1786194763609,free_text,49520.0,partial:для для,partial:верх для для,partial:верх для для,partial:верх для,partial:верх для,different_unclear
1786194763609,free_text,49600.0,partial:для для,partial:верх для для,partial:верх для для,partial:верх для,partial:верх для,different_unclear
1786194763609,free_text,49680.0,partial:для для,partial:верх для для,partial:верх для для,partial:верх для,partial:верх для,different_unclear
1786194763609,free_text,49760.0,partial:для для,partial:верх для для,partial:верх для для,partial:верх для,partial:верх для,different_unclear
1786194763609,free_text,49840.0,partial:для для,partial:верх для для,partial:верх для для,partial:верх для,partial:верх для,different_unclear
1786194763609,free_text,49920.0,partial:для для,partial:верх для для,partial:верх для для,partial:верх для,partial:верх для,different_unclear
1786194763609,free_text,50000.0,partial:для для,partial:верх для для,partial:верх для для,partial:верх для,partial:верх для,different_unclear
1786194763609,free_text,50080.0,partial:для для,partial:верх для для,partial:верх для для,partial:верх для,partial:верх для,different_unclear
1786194763609,free_text,50160.0,partial:для для,partial:верх для для,partial:верх для для,endpoint:для для,endpoint:верх для,different_unclear
1786194763609,free_text,50240.0,partial:для для,partial:верх для для,partial:верх для для,partial:,partial:,different_unclear
1786194763609,free_text,50320.0,partial:для для,partial:верх для для,partial:верх для для,partial:,partial:,different_unclear
1786194763609,free_text,50400.0,partial:для для,partial:верх для для,partial:верх для для,partial:,partial:,different_unclear
1786194763609,free_text,50480.0,partial:для для,partial:верх для для,partial:верх для для,partial:,partial:,different_unclear
1786194763609,free_text,50560.0,partial:для для,partial:верх для для,partial:верх для для,partial:,partial:,different_unclear
1786194763609,free_text,50640.0,partial:для для,partial:верх для для,partial:верх для для,partial:,partial:,different_unclear
1786194763609,free_text,50720.0,partial:для для,partial:верх для для,partial:верх для для,partial:,partial:,different_unclear
1786194763609,free_text,50800.0,partial:для для,partial:верх для для,partial:верх для для,partial:,partial:,different_unclear
1786194763609,free_text,50880.0,partial:для для,partial:верх для для,partial:верх для для,partial:,partial:,different_unclear
1786194763609,free_text,50960.0,partial:для для,partial:верх для для,partial:верх для для,partial:,partial:,different_unclear
1786194763609,free_text,51040.0,partial:для для,partial:верх для для,partial:верх для для,partial:,partial:,different_unclear
1786194763609,free_text,51120.0,partial:для для были,endpoint:верх для для боли,partial:верх для для близ,partial:близ,partial:близ,different_unclear
1786194763609,free_text,51200.0,partial:для для были,partial:,partial:верх для для близ,partial:близ,partial:близ,different_unclear
1786194763609,free_text,51280.0,partial:для для были,partial:,partial:верх для для близ,partial:близ,partial:близ,different_unclear
1786194763609,free_text,51360.0,partial:для для были,partial:,partial:верх для для близ,partial:близ,partial:близ,different_unclear
1786194763609,free_text,51440.0,partial:для для были,partial:,partial:верх для для близ,partial:близ,partial:близ,different_unclear
1786194763609,free_text,51520.0,partial:для для были,partial:,partial:верх для для близ,partial:близ,partial:близ,different_unclear
1786194763609,free_text,51600.0,partial:для до боли внизу,partial:,partial:верх для для вниз вниз,partial:близ,partial:близ,different_unclear
1786194763609,free_text,51680.0,partial:для до боли внизу,partial:,partial:верх для для вниз вниз,partial:близ,partial:близ,different_unclear
1786194763609,free_text,51760.0,partial:для до боли внизу,partial:,partial:верх для для вниз вниз,partial:близ,partial:близ,different_unclear
1786194763609,free_text,51840.0,partial:для до боли внизу,partial:,partial:верх для для вниз вниз,partial:близ,partial:близ,different_unclear
1786194763609,free_text,51920.0,partial:для до боли внизу,partial:,partial:верх для для вниз вниз,partial:близ,partial:близ,different_unclear
1786194763609,free_text,52000.0,partial:для до боли внизу,partial:,partial:верх для для вниз вниз,partial:близ,partial:близ,different_unclear
1786194763609,free_text,52080.0,partial:для для были,partial:,endpoint:верх для для вниз вниз,endpoint:вниз вниз,endpoint:вниз вниз,different_unclear
1786194763609,free_text,52160.0,partial:для для были,partial:,partial:,partial:,partial:,different_unclear
1786194763609,free_text,52240.0,partial:для для были,partial:,partial:,partial:,partial:,different_unclear
1786194763609,free_text,52320.0,partial:для для были,partial:,partial:,partial:,partial:,different_unclear
1786194763609,free_text,52400.0,partial:для для были,partial:,partial:,partial:,partial:,different_unclear
1786194763609,free_text,52480.0,partial:для для были,partial:,partial:,partial:,partial:,different_unclear
1786194763609,free_text,52560.0,partial:для для вниз вниз вниз,partial:,partial:,partial:,partial:,different_unclear
1786194763609,free_text,52640.0,partial:для для вниз вниз вниз,partial:,partial:,partial:,partial:,different_unclear
1786194763609,free_text,52720.0,partial:для для вниз вниз вниз,partial:,partial:,partial:,partial:,different_unclear
1786194763609,free_text,52800.0,partial:для для вниз вниз вниз,partial:,partial:,partial:,partial:,different_unclear
1786194763609,free_text,52880.0,partial:для для вниз вниз вниз,partial:,partial:,partial:,partial:,different_unclear
1786194763609,free_text,52960.0,partial:для для вниз вниз вниз,partial:,partial:,partial:,partial:,different_unclear
1786194763609,free_text,53040.0,partial:для для вниз вниз вниз,partial:,partial:,partial:,partial:,different_unclear
1786194763609,free_text,53120.0,partial:для для вниз вниз вниз,partial:,partial:,partial:,partial:,different_unclear
1786194763609,free_text,53200.0,partial:для для вниз вниз вниз,partial:,partial:,partial:,partial:,different_unclear
1786194763609,free_text,53280.0,partial:для для вниз вниз вниз,partial:,partial:,partial:,partial:,different_unclear
1786194763609,free_text,53360.0,partial:для для вниз вниз вниз,partial:,partial:,partial:,partial:,different_unclear
1786194763609,free_text,53440.0,partial:для для вниз вниз вниз,partial:,partial:,partial:,partial:,different_unclear
1786194763609,free_text,53520.0,partial:для для вниз вниз вниз,partial:,partial:,partial:,partial:,different_unclear
1786194763609,free_text,53600.0,partial:для для вниз вниз вниз,partial:,partial:,partial:,partial:,different_unclear
1786194763609,free_text,53680.0,partial:для для вниз вниз вниз,partial:,partial:,partial:,partial:,different_unclear
1786194763609,free_text,53760.0,partial:для для вниз вниз вниз,partial:,partial:,partial:,partial:,different_unclear
1786194763609,free_text,53840.0,partial:для для вниз вниз вниз,partial:,partial:,partial:,partial:,different_unclear
1786194763609,free_text,53920.0,partial:для для вниз вниз вниз,partial:,partial:,partial:,partial:,different_unclear
1786194763609,free_text,54000.0,endpoint:для для вниз вниз вниз,partial:,partial:,partial:,partial:,different_unclear
1786194763609,free_text,55440.0,partial:сбер,partial:я,partial:я,partial:я,partial:я,different_unclear
1786194763609,free_text,55520.0,partial:сбер,partial:я,partial:я,partial:я,partial:я,different_unclear
1786194763609,free_text,55600.0,partial:сбер,partial:я,partial:я,partial:я,partial:я,different_unclear
1786194763609,free_text,55680.0,partial:сбер,partial:я,partial:я,partial:я,partial:я,different_unclear
1786194763609,free_text,55760.0,partial:сбер,partial:я,partial:я,partial:я,partial:я,different_unclear
1786194763609,free_text,55840.0,partial:сбер,partial:я,partial:я,partial:я,partial:я,different_unclear
1786194763609,free_text,55920.0,partial:сбер,partial:я,partial:я,partial:я,partial:я,different_unclear
1786194763609,free_text,56000.0,partial:сбер,partial:я,partial:я,partial:я,partial:я,different_unclear
1786194763609,free_text,56080.0,partial:сбер,partial:я,partial:я,partial:я,partial:я,different_unclear
1786194763609,free_text,56160.0,partial:сбер,partial:я,partial:я,partial:я,partial:я,different_unclear
1786194763609,free_text,56240.0,partial:сбер,partial:я,partial:я,partial:я,partial:я,different_unclear
1786194763609,free_text,56320.0,partial:сбер,partial:я,partial:я,partial:я,partial:я,different_unclear
1786194763609,free_text,56400.0,endpoint:сбер,partial:я,partial:я,partial:я,partial:я,different_unclear
1786194763609,free_text,56480.0,partial:,partial:я,partial:я,partial:я,partial:я,different_unclear
1786194763609,free_text,56560.0,partial:,partial:я,partial:я,partial:я,partial:я,different_unclear
1786194763609,free_text,56640.0,partial:,partial:я,partial:я,partial:я,partial:я,different_unclear
1786194763609,free_text,56720.0,partial:,partial:я,partial:я,partial:я,partial:я,different_unclear
1786194763609,free_text,56800.0,partial:,partial:я,partial:я,partial:я,partial:я,different_unclear
1786194763609,free_text,56880.0,partial:,partial:я,partial:я,partial:як як як,partial:як як як,different_unclear
1786194763609,free_text,56960.0,partial:,partial:я,partial:я,partial:як як як,partial:як як як,different_unclear
1786194763609,free_text,57040.0,partial:,partial:я,partial:я,partial:як як як,partial:як як як,different_unclear
1786194763609,free_text,57120.0,partial:,partial:я,partial:я,partial:як як як,partial:як як як,different_unclear
1786194763609,free_text,57200.0,partial:,partial:я,partial:я,partial:як як як,partial:як як як,different_unclear
1786194763609,free_text,57280.0,partial:,partial:я,partial:я,partial:як як як,partial:як як як,different_unclear
1786194763609,free_text,57360.0,partial:,endpoint:для верх,endpoint:лет верх,partial:як як як,partial:як як як,different_unclear
1786194763609,free_text,57440.0,partial:,partial:,partial:,partial:як як як,partial:як як як,different_unclear
1786194763609,free_text,57520.0,partial:,partial:,partial:,partial:як як як,partial:як як як,different_unclear
1786194763609,free_text,57600.0,partial:,partial:,partial:,partial:як як як,partial:як як як,different_unclear
1786194763609,free_text,57680.0,partial:,partial:,partial:,partial:як як як,partial:як як як,different_unclear
1786194763609,free_text,57760.0,partial:,partial:,partial:,partial:як як як,partial:як як як,different_unclear
1786194763609,free_text,57840.0,partial:,partial:,partial:,partial:як як як,partial:як як як,different_unclear
1786194763609,free_text,57920.0,partial:,partial:,partial:,partial:як як як,partial:як як як,different_unclear
1786194763609,free_text,58000.0,partial:,partial:,partial:,partial:як як як,partial:як як як,different_unclear
1786194763609,free_text,58080.0,partial:,partial:,partial:,partial:як як як,partial:як як як,different_unclear
1786194763609,free_text,58160.0,partial:,partial:,partial:,partial:як як як,partial:як як як,different_unclear
1786194763609,free_text,58240.0,partial:,partial:,partial:,partial:як як як,partial:як як як,different_unclear
1786194763609,free_text,58320.0,partial:,partial:,partial:,partial:як як як,partial:як як як,different_unclear
1786194763609,free_text,58400.0,partial:,partial:,partial:,partial:як як як,partial:як як як,different_unclear
1786194763609,free_text,58480.0,partial:,partial:,partial:,partial:як як як,partial:як як як,different_unclear
1786194763609,free_text,58560.0,partial:,partial:,partial:,partial:як як як,partial:як як як,different_unclear
1786194763609,free_text,58640.0,partial:,partial:,partial:,partial:як як як,partial:як як як,different_unclear
1786194763609,free_text,58720.0,partial:,partial:,partial:,partial:як як як,partial:як як як,different_unclear
1786194763609,free_text,58800.0,partial:печать,partial:печать,partial:печать,partial:як як як печать,partial:як як як печать,different_unclear
1786194763609,free_text,58880.0,partial:печать,partial:печать,partial:печать,partial:як як як печать,partial:як як як печать,different_unclear
1786194763609,free_text,58960.0,partial:печать,partial:печать,partial:печать,partial:як як як печать,partial:як як як печать,different_unclear
1786194763609,free_text,59040.0,partial:печать,partial:печать,partial:печать,partial:як як як печать,partial:як як як печать,different_unclear
1786194763609,free_text,59120.0,partial:печать,partial:печать,partial:печать,partial:як як як печать,partial:як як як печать,different_unclear
1786194763609,free_text,59200.0,partial:печать,partial:печать,partial:печать,partial:як як як печать,partial:як як як печать,different_unclear
1786194763609,free_text,59280.0,partial:печать,partial:печать,partial:печать,partial:як як як печать,partial:як як як печать,different_unclear
1786194763609,free_text,59360.0,partial:печать,partial:печать,partial:печать,partial:як як як печать,partial:як як як печать,different_unclear
1786194763609,free_text,59440.0,partial:печать,partial:печать,partial:печать,partial:як як як печать,partial:як як як печать,different_unclear
1786194763609,free_text,59520.0,partial:печать,partial:печать,partial:печать,partial:як як як печать,partial:як як як печать,different_unclear
1786194763609,free_text,59600.0,partial:печать,partial:печать,partial:печать,partial:як як як печать,partial:як як як печать,different_unclear
1786194763609,free_text,59680.0,partial:печать,partial:печать,partial:печать,partial:як як як печать,partial:як як як печать,different_unclear
1786194763609,free_text,59760.0,partial:печать,partial:печать,partial:печать,partial:як як як печать,partial:як як як печать,different_unclear
1786194763609,free_text,59840.0,partial:печать,partial:печать,partial:печать,partial:як як як печать,partial:як як як печать,different_unclear
1786194763609,free_text,59920.0,partial:печать,partial:печать,partial:печать,partial:як як як печать,partial:як як як печать,different_unclear
1786194763609,free_text,60000.0,partial:печать,partial:печать,partial:печать,partial:як як як печать,partial:як як як печать,different_unclear
1786194763609,free_text,60080.0,partial:печать,partial:печать,partial:печать,partial:як як як печать,partial:як як як печать,different_unclear
1786194763609,free_text,60160.0,partial:печать,partial:печать,partial:печать,partial:як як як печать,partial:як як як печать,different_unclear
1786194763609,free_text,60240.0,partial:печать,partial:печать,partial:печать,partial:як як як печать,partial:як як як печать,different_unclear
1786194763609,free_text,60320.0,partial:печать,partial:печать,partial:печать,partial:як як як печать,partial:як як як печать,different_unclear
1786194763609,free_text,60400.0,partial:печать,partial:печать,partial:печать,partial:як як як печать,partial:як як як печать,different_unclear
1786194763609,free_text,60480.0,partial:печать,partial:печать,partial:печать,partial:як як як печать,partial:як як як печать,different_unclear
1786194763609,free_text,60560.0,partial:печать,partial:печать,partial:печать,partial:як як як печать,partial:як як як печать,different_unclear
1786194763609,free_text,60640.0,partial:печать,partial:печать,partial:печать,partial:як як як печать,partial:як як як печать,different_unclear
1786194763609,free_text,60720.0,partial:печать,partial:печать,partial:печать,partial:як як як печать,partial:як як як печать,different_unclear
1786194763609,free_text,60800.0,partial:печать,partial:печать,partial:печать,partial:як як як печать,partial:як як як печать,different_unclear
1786194763609,free_text,60880.0,partial:печать,partial:печать,partial:печать,partial:як як як печать,partial:як як як печать,different_unclear
1786194763609,free_text,60960.0,partial:печать,partial:печать,partial:печать,partial:як як як печать,partial:як як як печать,different_unclear
1786194763609,free_text,61040.0,partial:печать,partial:печать,partial:печать,partial:як як як печать,partial:як як як печать,different_unclear
1786194763609,free_text,61120.0,partial:печать,partial:печать,partial:печать,partial:як як як печать,partial:як як як печать,different_unclear
1786194763609,free_text,61200.0,partial:печать белый,partial:печать белый,partial:печать белый,partial:як як як печать белый,partial:як як як печать белый,different_unclear
1786194763609,free_text,61280.0,partial:печать белый,partial:печать белый,partial:печать белый,partial:як як як печать белый,partial:як як як печать белый,different_unclear
1786194763609,free_text,61360.0,partial:печать белый,partial:печать белый,partial:печать белый,partial:як як як печать белый,partial:як як як печать белый,different_unclear
1786194763609,free_text,61440.0,partial:печать белый,partial:печать белый,partial:печать белый,partial:як як як печать белый,partial:як як як печать белый,different_unclear
1786194763609,free_text,61520.0,partial:печать белый,partial:печать белый,partial:печать белый,partial:як як як печать белый,partial:як як як печать белый,different_unclear
1786194763609,free_text,61600.0,partial:печать белый,partial:печать белый,partial:печать белый,partial:як як як печать белый,partial:як як як печать белый,different_unclear
1786194763609,free_text,61680.0,partial:печать белый,partial:печать белый,partial:печать белый,partial:як як як печать белый,partial:як як як печать белый,different_unclear
1786194763609,free_text,61760.0,partial:печать белый,partial:печать белый,partial:печать белый,partial:як як як печать белый,partial:як як як печать белый,different_unclear
1786194763609,free_text,61840.0,partial:печать белый,partial:печать белый,partial:печать белый,partial:як як як печать белый,partial:як як як печать белый,different_unclear
1786194763609,free_text,61920.0,partial:печать белый,partial:печать белый,partial:печать белый,partial:як як як печать белый,partial:як як як печать белый,different_unclear
1786194763609,free_text,62000.0,partial:печать белый,partial:печать белый,partial:печать белый,partial:як як як печать белый,partial:як як як печать белый,different_unclear
1786194763609,free_text,62080.0,partial:печать белый,partial:печать белый,partial:печать белый,partial:як як як печать белый,partial:як як як печать белый,different_unclear
1786194763609,free_text,62160.0,partial:печать белый,partial:печать белый,partial:печать белый,partial:як як як печать белый,partial:як як як печать белый,different_unclear
1786194763609,free_text,62240.0,partial:печать белый,partial:печать белый,partial:печать белый,partial:як як як печать белый,partial:як як як печать белый,different_unclear
1786194763609,free_text,62320.0,partial:печать белый,partial:печать белый,partial:печать белый,partial:як як як печать белый,partial:як як як печать белый,different_unclear
1786194763609,free_text,62400.0,partial:печать белый,partial:печать белый,partial:печать белый,partial:як як як печать белый,partial:як як як печать белый,different_unclear
1786194763609,free_text,62480.0,partial:печать белый,partial:печать белый,partial:печать белый,partial:як як як печать белый,partial:як як як печать белый,different_unclear
1786194763609,free_text,62560.0,partial:печать белый,partial:печать белый,partial:печать белый,partial:як як як печать белый,partial:як як як печать белый,different_unclear
1786194763609,free_text,62640.0,partial:печать белый,partial:печать белый,partial:печать белый,partial:як як як печать белый,partial:як як як печать белый,different_unclear
1786194763609,free_text,62720.0,partial:печать белый,partial:печать белый,partial:печать белый,partial:як як як печать белый,partial:як як як печать белый,different_unclear
1786194763609,free_text,62800.0,partial:печать белый,partial:печать белый,partial:печать белый,partial:як як як печать белый,partial:як як як печать белый,different_unclear
1786194763609,free_text,62880.0,partial:печать белый,partial:печать белый,partial:печать белый,partial:як як як печать белый,partial:як як як печать белый,different_unclear
1786194763609,free_text,62960.0,partial:печать белый,partial:печать белый,partial:печать белый,partial:як як як печать белый,partial:як як як печать белый,different_unclear
1786194763609,free_text,63040.0,partial:печать белый,partial:печать белый,partial:печать белый,partial:як як як печать белый,partial:як як як печать белый,different_unclear
1786194763609,free_text,63120.0,partial:печать белый,partial:печать белый,partial:печать белый,partial:як як як печать белый,partial:як як як печать белый,different_unclear
1786194763609,free_text,63200.0,partial:печать белый,partial:печать белый,partial:печать белый,partial:як як як печать белый,partial:як як як печать белый,different_unclear
1786194763609,free_text,63280.0,partial:печать белый,partial:печать белый,partial:печать белый,partial:як як як печать белый,partial:як як як печать белый,different_unclear
1786194763609,free_text,63360.0,partial:печать белый,partial:печать белый,partial:печать белый,partial:як як як печать белый,partial:як як як печать белый,different_unclear
1786194763609,free_text,63440.0,partial:печать белый,partial:печать белый,partial:печать белый,partial:як як як печать белый,partial:як як як печать белый,different_unclear
1786194763609,free_text,63520.0,partial:печать белый,partial:печать белый,partial:печать белый,partial:як як як печать белый,partial:як як як печать белый,different_unclear
1786194763609,free_text,63600.0,partial:печать белый воротничок,partial:печать белый воротничок,partial:печать белый воротничок,partial:як як як печать белый воротничок,partial:як як як печать белый воротничок,different_unclear
1786194763609,free_text,63680.0,partial:печать белый воротничок,partial:печать белый воротничок,partial:печать белый воротничок,partial:як як як печать белый воротничок,partial:як як як печать белый воротничок,different_unclear
1786194763609,free_text,63760.0,partial:печать белый воротничок,partial:печать белый воротничок,partial:печать белый воротничок,partial:як як як печать белый воротничок,partial:як як як печать белый воротничок,different_unclear
1786194763609,free_text,63840.0,partial:печать белый воротничок,partial:печать белый воротничок,partial:печать белый воротничок,partial:як як як печать белый воротничок,partial:як як як печать белый воротничок,different_unclear
1786194763609,free_text,63920.0,partial:печать белый воротничок,partial:печать белый воротничок,partial:печать белый воротничок,partial:як як як печать белый воротничок,partial:як як як печать белый воротничок,different_unclear
1786194763609,free_text,64000.0,partial:печать белый воротничок,partial:печать белый воротничок,partial:печать белый воротничок,partial:як як як печать белый воротничок,partial:як як як печать белый воротничок,different_unclear
1786194763609,free_text,64080.0,endpoint:печать белый вода,endpoint:печать белый года,endpoint:печать белый года,endpoint:як як як печать белый года,endpoint:як як як печать белый года,different_unclear
1786194763609,free_text,73200.0,partial:да,partial:,partial:,partial:пять лет назад,partial:пять лет назад,different_unclear
1786194763609,free_text,73280.0,partial:да,partial:,partial:,partial:пять лет назад,partial:пять лет назад,different_unclear
1786194763609,free_text,73360.0,partial:да,partial:,partial:,partial:пять лет назад,partial:пять лет назад,different_unclear
1786194763609,free_text,73440.0,partial:да,partial:,partial:,partial:пять лет назад,partial:пять лет назад,different_unclear
1786194763609,free_text,73520.0,partial:да,partial:,partial:,partial:пять лет назад,partial:пять лет назад,different_unclear
1786194763609,free_text,73600.0,partial:да,partial:,partial:,partial:пять лет назад,partial:пять лет назад,different_unclear
1786194763609,free_text,73680.0,partial:долгой,partial:,partial:,partial:,partial:,different_unclear
1786194763609,free_text,73760.0,partial:долгой,partial:,partial:,partial:,partial:,different_unclear
1786194763609,free_text,73840.0,partial:долгой,partial:,partial:,partial:,partial:,different_unclear
1786194763609,free_text,73920.0,partial:долгой,partial:,partial:,partial:,partial:,different_unclear
1786194763609,free_text,74000.0,partial:долгой,partial:,partial:,partial:,partial:,different_unclear
1786194763609,free_text,74080.0,partial:долгой,partial:,partial:,partial:,partial:,different_unclear
1786194763609,free_text,74160.0,partial:долгой,endpoint:доп,endpoint:видят,endpoint:пять лет,endpoint:пять лет,different_unclear
1786194763609,free_text,74240.0,partial:долгой,partial:,partial:,partial:,partial:,different_unclear
1786194763609,free_text,74320.0,partial:долгой,partial:,partial:,partial:,partial:,different_unclear
1786194763609,free_text,74400.0,partial:долгой,partial:,partial:,partial:,partial:,different_unclear
1786194763609,free_text,74480.0,partial:долгой,partial:,partial:,partial:,partial:,different_unclear
1786194763609,free_text,74560.0,partial:долгой,partial:,partial:,partial:,partial:,different_unclear
1786194763609,free_text,74640.0,partial:долгой,partial:,partial:,partial:,partial:,different_unclear
1786194763609,free_text,74720.0,partial:долгой,partial:,partial:,partial:,partial:,different_unclear
1786194763609,free_text,74800.0,partial:долгой,partial:,partial:,partial:,partial:,different_unclear
1786194763609,free_text,74880.0,partial:долгой,partial:,partial:,partial:,partial:,different_unclear
1786194763609,free_text,74960.0,partial:долгой,partial:,partial:,partial:,partial:,different_unclear
1786194763609,free_text,75040.0,partial:долгой,partial:,partial:,partial:,partial:,different_unclear
1786194763609,free_text,75120.0,partial:долгой,partial:,partial:,partial:,partial:,different_unclear
1786194763609,free_text,75200.0,partial:долгой,partial:,partial:,partial:,partial:,different_unclear
1786194763609,free_text,75280.0,partial:долгой,partial:,partial:,partial:,partial:,different_unclear
1786194763609,free_text,75360.0,partial:долгой,partial:,partial:,partial:,partial:,different_unclear
1786194763609,free_text,75440.0,partial:долгой,partial:,partial:,partial:,partial:,different_unclear
1786194763609,free_text,75520.0,partial:долгой,partial:,partial:,partial:,partial:,different_unclear
1786194763609,free_text,75600.0,endpoint:долгой,partial:,partial:,partial:,partial:,different_unclear
1786194763609,free_text,82320.0,partial:трогать,partial:,partial:,partial:,partial:,different_unclear
1786194763609,free_text,82400.0,partial:трогать,partial:,partial:,partial:,partial:,different_unclear
1786194763609,free_text,82480.0,partial:трогать,partial:,partial:,partial:,partial:,different_unclear
1786194763609,free_text,82560.0,partial:трогать,partial:,partial:,partial:,partial:,different_unclear
1786194763609,free_text,82640.0,partial:трогать,partial:,partial:,partial:,partial:,different_unclear
1786194763609,free_text,82720.0,partial:трогать,partial:,partial:,partial:,partial:,different_unclear
1786194763609,free_text,82800.0,partial:трогать,partial:,partial:долбить,partial:долбить,partial:долбить,different_unclear
1786194763609,free_text,82880.0,partial:трогать,partial:,partial:долбить,partial:долбить,partial:долбить,different_unclear
1786194763609,free_text,82960.0,partial:трогать,partial:,partial:долбить,partial:долбить,partial:долбить,different_unclear
1786194763609,free_text,83040.0,partial:трогать,partial:,partial:долбить,partial:долбить,partial:долбить,different_unclear
1786194763609,free_text,83120.0,partial:трогать,partial:,partial:долбить,partial:долбить,partial:долбить,different_unclear
1786194763609,free_text,83200.0,partial:трогать,partial:,partial:долбить,partial:долбить,partial:долбить,different_unclear
1786194763609,free_text,83280.0,partial:трогать,partial:,partial:долбить,partial:долбить,partial:долбить,different_unclear
1786194763609,free_text,83360.0,partial:трогать,partial:,partial:долбить,partial:долбить,partial:долбить,different_unclear
1786194763609,free_text,83440.0,partial:трогать,partial:,partial:долбить,partial:долбить,partial:долбить,different_unclear
1786194763609,free_text,83520.0,partial:трогать,partial:,partial:долбить,partial:долбить,partial:долбить,different_unclear
1786194763609,free_text,83600.0,partial:трогать,partial:,partial:долбить,partial:долбить,partial:долбить,different_unclear
1786194763609,free_text,83680.0,partial:трогать,partial:,partial:долбить,partial:долбить,partial:долбить,different_unclear
1786194763609,free_text,83760.0,endpoint:трогать,partial:,partial:долбить,partial:долбить,partial:долбить,different_unclear
1786194763609,free_text,83840.0,partial:,partial:,partial:долбить,partial:долбить,partial:долбить,different_unclear
1786194763609,free_text,83920.0,partial:,partial:,partial:долбить,partial:долбить,partial:долбить,different_unclear
1786194763609,free_text,84000.0,partial:,partial:,partial:долбить,partial:долбить,partial:долбить,different_unclear
1786194763609,free_text,84080.0,partial:,partial:,partial:долбить,partial:долбить,partial:долбить,different_unclear
1786194763609,free_text,84160.0,partial:,partial:,partial:долбить,partial:долбить,partial:долбить,different_unclear
1786194763609,free_text,84240.0,partial:,endpoint:долбить,partial:долбить,partial:долбить,partial:долбить,different_unclear
1786194763609,free_text,84320.0,partial:,partial:,partial:долбить,partial:долбить,partial:долбить,different_unclear
1786194763609,free_text,84400.0,partial:,partial:,partial:долбить,partial:долбить,partial:долбить,different_unclear
1786194763609,free_text,84480.0,partial:,partial:,partial:долбить,partial:долбить,partial:долбить,different_unclear
1786194763609,free_text,84560.0,partial:,partial:,partial:долбить,partial:долбить,partial:долбить,different_unclear
1786194763609,free_text,84640.0,partial:,partial:,partial:долбить,partial:долбить,partial:долбить,different_unclear
1786194763609,free_text,84720.0,partial:,partial:,endpoint:долбить,endpoint:долбить,endpoint:долбить,different_unclear
1786194763609,free_text,90000.0,partial:дорогой,partial:долгой,partial:долгой,partial:долгой,partial:долгой,different_unclear
1786194763609,free_text,90080.0,partial:дорогой,partial:долгой,partial:долгой,partial:долгой,partial:долгой,different_unclear
1786194763609,free_text,90160.0,partial:дорогой,partial:долгой,partial:долгой,partial:долгой,partial:долгой,different_unclear
1786194763609,free_text,90240.0,partial:дорогой,partial:долгой,partial:долгой,partial:долгой,partial:долгой,different_unclear
1786194763609,free_text,90320.0,partial:дорогой,partial:долгой,partial:долгой,partial:долгой,partial:долгой,different_unclear
1786194763609,free_text,90400.0,partial:дорогой,partial:долгой,partial:долгой,partial:долгой,partial:долгой,different_unclear
1786194763609,free_text,90480.0,partial:дорогой,partial:долгой,partial:долгой,partial:долгой,partial:долгой,different_unclear
1786194763609,free_text,90560.0,partial:дорогой,partial:долгой,partial:долгой,partial:долгой,partial:долгой,different_unclear
1786194763609,free_text,90640.0,partial:дорогой,partial:долгой,partial:долгой,partial:долгой,partial:долгой,different_unclear
1786194763609,free_text,90720.0,partial:дорогой,partial:долгой,partial:долгой,partial:долгой,partial:долгой,different_unclear
1786194763609,free_text,90800.0,partial:дорогой,partial:долгой,partial:долгой,partial:долгой,partial:долгой,different_unclear
1786194763609,free_text,90880.0,partial:дорогой,partial:долгой,partial:долгой,partial:долгой,partial:долгой,different_unclear
1786194763609,free_text,90960.0,partial:дорогой,partial:долгой,partial:долгой,partial:долгой,partial:долгой,different_unclear
1786194763609,free_text,91040.0,partial:дорогой,partial:долгой,partial:долгой,partial:долгой,partial:долгой,different_unclear
1786194763609,free_text,91120.0,partial:дорогой,partial:долгой,partial:долгой,partial:долгой,partial:долгой,different_unclear
1786194763609,free_text,91200.0,partial:дорогой,partial:долгой,partial:долгой,partial:долгой,partial:долгой,different_unclear
1786194763609,free_text,91280.0,partial:дорогой,partial:долгой,partial:долгой,partial:долгой,partial:долгой,different_unclear
1786194763609,free_text,91360.0,partial:дорогой,partial:долгой,partial:долгой,partial:долгой,partial:долгой,different_unclear
1786194763609,free_text,91440.0,partial:дорогой,partial:долгой,partial:долгой,partial:долгой,partial:долгой,different_unclear
1786194763609,free_text,91520.0,partial:дорогой,partial:долгой,partial:долгой,partial:долгой,partial:долгой,different_unclear
1786194763609,free_text,91600.0,partial:дорогой,partial:долгой,partial:долгой,partial:долгой,partial:долгой,different_unclear
1786194763609,free_text,91680.0,partial:дорогой,partial:долгой,partial:долгой,partial:долгой,partial:долгой,different_unclear
1786194763609,free_text,91760.0,partial:дорогой,partial:долгой,partial:долгой,partial:долгой,partial:долгой,different_unclear
1786194763609,free_text,91840.0,partial:дорогой,partial:долгой,partial:долгой,partial:долгой,partial:долгой,different_unclear
1786194763609,free_text,91920.0,endpoint:дорогой,endpoint:долгой,endpoint:долгой,endpoint:долгой,endpoint:долгой,different_unclear
1786194763609,free_text,97200.0,endpoint:белый,partial:белый,partial:белый,partial:белый,partial:белый,different_unclear
1786194763609,free_text,97280.0,partial:,partial:белый,partial:белый,partial:белый,partial:белый,different_unclear
1786194763609,free_text,97360.0,partial:,partial:белый,partial:белый,partial:белый,partial:белый,different_unclear
1786194763609,free_text,97440.0,partial:,partial:белый,partial:белый,partial:белый,partial:белый,different_unclear
1786194763609,free_text,97520.0,partial:,partial:белый,partial:белый,partial:белый,partial:белый,different_unclear
1786194763609,free_text,97600.0,partial:,partial:белый,partial:белый,partial:белый,partial:белый,different_unclear
1786194763609,free_text,97680.0,partial:,endpoint:белый,endpoint:белый,endpoint:белый,endpoint:белый,different_unclear
1786194763609,free_text,105360.0,partial:надо,partial:мадам,partial:мадам,partial:,partial:,different_unclear
1786194763609,free_text,105440.0,partial:надо,partial:мадам,partial:мадам,partial:,partial:,different_unclear
1786194763609,free_text,105520.0,partial:надо,partial:мадам,partial:мадам,partial:,partial:,different_unclear
1786194763609,free_text,105600.0,partial:надо,partial:мадам,partial:мадам,partial:,partial:,different_unclear
1786194763609,free_text,105680.0,partial:надо,partial:мадам,partial:мадам,partial:,partial:,different_unclear
1786194763609,free_text,105760.0,partial:надо,partial:мадам,partial:мадам,partial:,partial:,different_unclear
1786194763609,free_text,107760.0,partial:надо,partial:надо,partial:надо было,partial:надо было,partial:надо было,different_unclear
1786194763609,free_text,107840.0,partial:надо,partial:надо,partial:надо было,partial:надо было,partial:надо было,different_unclear
1786194763609,free_text,107920.0,partial:надо,partial:надо,partial:надо было,partial:надо было,partial:надо было,different_unclear
1786194763609,free_text,108000.0,partial:надо,partial:надо,partial:надо было,partial:надо было,partial:надо было,different_unclear
1786194763609,free_text,108080.0,partial:надо,partial:надо,partial:надо было,partial:надо было,partial:надо было,different_unclear
1786194763609,free_text,108160.0,partial:надо,partial:надо,partial:надо было,partial:надо было,partial:надо было,different_unclear
1786194763609,free_text,108240.0,partial:надо надо,partial:вода вода,partial:вода вода,partial:вода вода,partial:вода вода,different_unclear
1786194763609,free_text,108320.0,partial:надо надо,partial:вода вода,partial:вода вода,partial:вода вода,partial:вода вода,different_unclear
1786194763609,free_text,108400.0,partial:надо надо,partial:вода вода,partial:вода вода,partial:вода вода,partial:вода вода,different_unclear
1786194763609,free_text,108480.0,partial:надо надо,partial:вода вода,partial:вода вода,partial:вода вода,partial:вода вода,different_unclear
1786194763609,free_text,108560.0,partial:надо надо,partial:вода вода,partial:вода вода,partial:вода вода,partial:вода вода,different_unclear
1786194763609,free_text,108640.0,partial:надо надо,partial:вода вода,partial:вода вода,partial:вода вода,partial:вода вода,different_unclear
1786194763609,free_text,108720.0,partial:надо надо,partial:вода вода,partial:вода вода,partial:вода вода,partial:вода вода,different_unclear
1786194763609,free_text,108800.0,partial:надо надо,partial:вода вода,partial:вода вода,partial:вода вода,partial:вода вода,different_unclear
1786194763609,free_text,108880.0,partial:надо надо,partial:вода вода,partial:вода вода,partial:вода вода,partial:вода вода,different_unclear
1786194763609,free_text,108960.0,partial:надо надо,partial:вода вода,partial:вода вода,partial:вода вода,partial:вода вода,different_unclear
1786194763609,free_text,109040.0,partial:надо надо,partial:вода вода,partial:вода вода,partial:вода вода,partial:вода вода,different_unclear
1786194763609,free_text,109120.0,partial:надо надо,partial:вода вода,partial:вода вода,partial:вода вода,partial:вода вода,different_unclear
1786194763609,free_text,109200.0,partial:надо надо,partial:вода вода,partial:вода вода,partial:вода вода,partial:вода вода,different_unclear
1786194763609,free_text,109280.0,partial:надо надо,partial:вода вода,partial:вода вода,partial:вода вода,partial:вода вода,different_unclear
1786194763609,free_text,109360.0,partial:надо надо,partial:вода вода,partial:вода вода,partial:вода вода,partial:вода вода,different_unclear
1786194763609,free_text,109440.0,partial:надо надо,partial:вода вода,partial:вода вода,partial:вода вода,partial:вода вода,different_unclear
1786194763609,free_text,109520.0,partial:надо надо,partial:вода вода,partial:вода вода,partial:вода вода,partial:вода вода,different_unclear
1786194763609,free_text,109600.0,partial:надо надо,partial:вода вода,partial:вода вода,partial:вода вода,partial:вода вода,different_unclear
1786194763609,free_text,109680.0,partial:надо надо,partial:вода вода,partial:вода вода,partial:вода вода,partial:вода вода,different_unclear
1786194763609,free_text,109760.0,partial:надо надо,partial:вода вода,partial:вода вода,partial:вода вода,partial:вода вода,different_unclear
1786194763609,free_text,109840.0,partial:надо надо,partial:вода вода,partial:вода вода,partial:вода вода,partial:вода вода,different_unclear
1786194763609,free_text,109920.0,partial:надо надо,partial:вода вода,partial:вода вода,partial:вода вода,partial:вода вода,different_unclear
1786194763609,free_text,110000.0,partial:надо надо,partial:вода вода,partial:вода вода,partial:вода вода,partial:вода вода,different_unclear
1786194763609,free_text,110080.0,partial:надо надо,partial:вода вода,partial:вода вода,partial:вода вода,partial:вода вода,different_unclear
1786194763609,free_text,110160.0,endpoint:надо надо,endpoint:вода вода,endpoint:вода вода,endpoint:вода вода,endpoint:вода вода,different_unclear
1786194763609,free_text,120240.0,endpoint:,endpoint:,endpoint:питер,endpoint:скидок,endpoint:скидок,different_unclear
1786194763609,free_text,156240.0,partial:список,partial:,partial:,partial:,partial:,different_unclear
1786194763609,free_text,156320.0,partial:список,partial:,partial:,partial:,partial:,different_unclear
1786194763609,free_text,156400.0,partial:список,partial:,partial:,partial:,partial:,different_unclear
1786194763609,free_text,156480.0,partial:список,partial:,partial:,partial:,partial:,different_unclear
1786194763609,free_text,156560.0,partial:список,partial:,partial:,partial:,partial:,different_unclear
1786194763609,free_text,156640.0,partial:список,partial:,partial:,partial:,partial:,different_unclear
1786194763609,free_text,156720.0,partial:список,partial:,partial:,partial:,partial:,different_unclear
1786194763609,free_text,156800.0,partial:список,partial:,partial:,partial:,partial:,different_unclear
1786194763609,free_text,156880.0,partial:список,partial:,partial:,partial:,partial:,different_unclear
1786194763609,free_text,156960.0,partial:список,partial:,partial:,partial:,partial:,different_unclear
1786194763609,free_text,157040.0,partial:список,partial:,partial:,partial:,partial:,different_unclear
1786194763609,free_text,157120.0,partial:список,partial:,partial:,partial:,partial:,different_unclear
1786194763609,free_text,157200.0,partial:список,partial:,partial:,partial:,partial:,different_unclear
1786194763609,free_text,157280.0,partial:список,partial:,partial:,partial:,partial:,different_unclear
1786194763609,free_text,157360.0,partial:список,partial:,partial:,partial:,partial:,different_unclear
1786194763609,free_text,157440.0,partial:список,partial:,partial:,partial:,partial:,different_unclear
1786194763609,free_text,157520.0,partial:список,partial:,partial:,partial:,partial:,different_unclear
1786194763609,free_text,157600.0,partial:список,partial:,partial:,partial:,partial:,different_unclear
1786194763609,free_text,157680.0,partial:список,partial:,partial:,partial:,partial:,different_unclear
1786194763609,free_text,157760.0,partial:список,partial:,partial:,partial:,partial:,different_unclear
1786194763609,free_text,157840.0,partial:список,partial:,partial:,partial:,partial:,different_unclear
1786194763609,free_text,157920.0,partial:список,partial:,partial:,partial:,partial:,different_unclear
1786194763609,free_text,158000.0,partial:список,partial:,partial:,partial:,partial:,different_unclear
1786194763609,free_text,158080.0,partial:список,partial:,partial:,partial:,partial:,different_unclear
1786194763609,free_text,158160.0,endpoint:список,partial:,partial:,partial:,partial:,different_unclear
1786194763609,free_text,159600.0,partial:,partial:были,partial:,partial:,partial:,different_unclear
1786194763609,free_text,159680.0,partial:,partial:были,partial:,partial:,partial:,different_unclear
1786194763609,free_text,159760.0,partial:,partial:были,partial:,partial:,partial:,different_unclear
1786194763609,free_text,159840.0,partial:,partial:были,partial:,partial:,partial:,different_unclear
1786194763609,free_text,159920.0,partial:,partial:были,partial:,partial:,partial:,different_unclear
1786194763609,free_text,160000.0,partial:,partial:были,partial:,partial:,partial:,different_unclear
1786194763609,free_text,160080.0,partial:,partial:были,partial:,partial:,partial:,different_unclear
1786194763609,free_text,160160.0,partial:,partial:были,partial:,partial:,partial:,different_unclear
1786194763609,free_text,160240.0,partial:,partial:были,partial:,partial:,partial:,different_unclear
1786194763609,free_text,160320.0,partial:,partial:были,partial:,partial:,partial:,different_unclear
1786194763609,free_text,160400.0,partial:,partial:были,partial:,partial:,partial:,different_unclear
1786194763609,free_text,160480.0,partial:,partial:были,partial:,partial:,partial:,different_unclear
1786194763609,free_text,160560.0,partial:,partial:были,endpoint:были,endpoint:,endpoint:,different_unclear
1786194763609,free_text,160640.0,partial:,partial:были,partial:,partial:,partial:,different_unclear
1786194763609,free_text,160720.0,partial:,partial:были,partial:,partial:,partial:,different_unclear
1786194763609,free_text,160800.0,partial:,partial:были,partial:,partial:,partial:,different_unclear
1786194763609,free_text,160880.0,partial:,partial:были,partial:,partial:,partial:,different_unclear
1786194763609,free_text,160960.0,partial:,partial:были,partial:,partial:,partial:,different_unclear
1786194763609,free_text,161040.0,partial:,partial:были,partial:,partial:,partial:,different_unclear
1786194763609,free_text,161120.0,partial:,partial:были,partial:,partial:,partial:,different_unclear
1786194763609,free_text,161200.0,partial:,partial:были,partial:,partial:,partial:,different_unclear
1786194763609,free_text,161280.0,partial:,partial:были,partial:,partial:,partial:,different_unclear
1786194763609,free_text,161360.0,partial:,partial:были,partial:,partial:,partial:,different_unclear
1786194763609,free_text,161440.0,partial:,partial:были,partial:,partial:,partial:,different_unclear
1786194763609,free_text,161520.0,partial:,endpoint:были,partial:,partial:,partial:,different_unclear
1786194763609,free_text,162480.0,partial:этой,partial:,partial:этой,partial:этой,partial:этой,different_unclear
1786194763609,free_text,162560.0,partial:этой,partial:,partial:этой,partial:этой,partial:этой,different_unclear
1786194763609,free_text,162640.0,partial:этой,partial:,partial:этой,partial:этой,partial:этой,different_unclear
1786194763609,free_text,162720.0,partial:этой,partial:,partial:этой,partial:этой,partial:этой,different_unclear
1786194763609,free_text,162800.0,partial:этой,partial:,partial:этой,partial:этой,partial:этой,different_unclear
1786194763609,free_text,162880.0,partial:этой,partial:,partial:этой,partial:этой,partial:этой,different_unclear
1786194763609,free_text,162960.0,partial:этой,partial:,partial:этой,partial:этой,partial:этой,different_unclear
1786194763609,free_text,163040.0,partial:этой,partial:,partial:этой,partial:этой,partial:этой,different_unclear
1786194763609,free_text,163120.0,partial:этой,partial:,partial:этой,partial:этой,partial:этой,different_unclear
1786194763609,free_text,163200.0,partial:этой,partial:,partial:этой,partial:этой,partial:этой,different_unclear
1786194763609,free_text,163280.0,partial:этой,partial:,partial:этой,partial:этой,partial:этой,different_unclear
1786194763609,free_text,163360.0,partial:этой,partial:,partial:этой,partial:этой,partial:этой,different_unclear
1786194763609,free_text,163440.0,partial:этой,partial:,partial:этой,partial:этой,partial:этой,different_unclear
1786194763609,free_text,163520.0,partial:этой,partial:,partial:этой,partial:этой,partial:этой,different_unclear
1786194763609,free_text,163600.0,partial:этой,partial:,partial:этой,partial:этой,partial:этой,different_unclear
1786194763609,free_text,163680.0,partial:этой,partial:,partial:этой,partial:этой,partial:этой,different_unclear
1786194763609,free_text,163760.0,partial:этой,partial:,partial:этой,partial:этой,partial:этой,different_unclear
1786194763609,free_text,163840.0,partial:этой,partial:,partial:этой,partial:этой,partial:этой,different_unclear
1786194763609,free_text,163920.0,partial:этой,partial:,partial:этой,partial:этой,partial:этой,different_unclear
1786194763609,free_text,164000.0,partial:этой,partial:,partial:этой,partial:этой,partial:этой,different_unclear
1786194763609,free_text,164080.0,partial:этой,partial:,partial:этой,partial:этой,partial:этой,different_unclear
1786194763609,free_text,164160.0,partial:этой,partial:,partial:этой,partial:этой,partial:этой,different_unclear
1786194763609,free_text,164240.0,partial:этой,partial:,partial:этой,partial:этой,partial:этой,different_unclear
1786194763609,free_text,164320.0,partial:этой,partial:,partial:этой,partial:этой,partial:этой,different_unclear
1786194763609,free_text,164400.0,endpoint:были этой,partial:,endpoint:готовить,partial:этой,partial:этой,different_unclear
1786194763609,free_text,164480.0,partial:,partial:,partial:,partial:этой,partial:этой,different_unclear
1786194763609,free_text,164560.0,partial:,partial:,partial:,partial:этой,partial:этой,different_unclear
1786194763609,free_text,164640.0,partial:,partial:,partial:,partial:этой,partial:этой,different_unclear
1786194763609,free_text,164720.0,partial:,partial:,partial:,partial:этой,partial:этой,different_unclear
1786194763609,free_text,164800.0,partial:,partial:,partial:,partial:этой,partial:этой,different_unclear
1786194763609,free_text,164880.0,partial:,partial:,partial:,endpoint:той,endpoint:этой,different_unclear
1786194763609,free_text,171600.0,partial:,endpoint:готовить,partial:,partial:,partial:,different_unclear
1786194763609,free_text,174480.0,endpoint:надо,endpoint:надо,endpoint:очень надо,endpoint:очень надо,endpoint:надо,different_unclear
1786194763609,free_text,179280.0,partial:,partial:надо,partial:,partial:,partial:,different_unclear
1786194763609,free_text,179360.0,partial:,partial:надо,partial:,partial:,partial:,different_unclear
1786194763609,free_text,179440.0,partial:,partial:надо,partial:,partial:,partial:,different_unclear
1786194763609,free_text,179520.0,partial:,partial:надо,partial:,partial:,partial:,different_unclear
1786194763609,free_text,179600.0,partial:,partial:надо,partial:,partial:,partial:,different_unclear
1786194763609,free_text,179680.0,partial:,partial:надо,partial:,partial:,partial:,different_unclear
1786194763609,free_text,179760.0,partial:,partial:надо,partial:,partial:,partial:,different_unclear
1786194763609,free_text,179840.0,partial:,partial:надо,partial:,partial:,partial:,different_unclear
1786194763609,free_text,179920.0,partial:,partial:надо,partial:,partial:,partial:,different_unclear
1786194763609,free_text,180000.0,partial:,partial:надо,partial:,partial:,partial:,different_unclear
1786194763609,free_text,180080.0,partial:,partial:надо,partial:,partial:,partial:,different_unclear
1786194763609,free_text,180160.0,partial:,partial:надо,partial:,partial:,partial:,different_unclear
1786194763609,free_text,180240.0,partial:,partial:надо,partial:,partial:,partial:,different_unclear
1786194763609,free_text,180320.0,partial:,partial:надо,partial:,partial:,partial:,different_unclear
1786194763609,free_text,180400.0,partial:,partial:надо,partial:,partial:,partial:,different_unclear
1786194763609,free_text,180480.0,partial:,partial:надо,partial:,partial:,partial:,different_unclear
1786194763609,free_text,180560.0,partial:,partial:надо,partial:,partial:,partial:,different_unclear
1786194763609,free_text,180640.0,partial:,partial:надо,partial:,partial:,partial:,different_unclear
1786194763609,free_text,180720.0,partial:,partial:надо,partial:,partial:,partial:,different_unclear
1786194763609,free_text,180800.0,partial:,partial:надо,partial:,partial:,partial:,different_unclear
1786194763609,free_text,180880.0,partial:,partial:надо,partial:,partial:,partial:,different_unclear
1786194763609,free_text,180960.0,partial:,partial:надо,partial:,partial:,partial:,different_unclear
1786194763609,free_text,181040.0,partial:,partial:надо,partial:,partial:,partial:,different_unclear
1786194763609,free_text,181120.0,partial:,partial:надо,partial:,partial:,partial:,different_unclear
1786194763609,free_text,181200.0,partial:,endpoint:надо,partial:,partial:,partial:,different_unclear
1786194763609,free_text,181248.0,final:,final:,final:надо,final:надо,final:надо,different_unclear
1786194978795,command_menu,18000.0,partial:вниз,partial:,partial:,partial:,partial:,different_unclear
1786194978795,command_menu,18080.0,partial:вниз,partial:,partial:,partial:,partial:,different_unclear
1786194978795,command_menu,18160.0,partial:вниз,partial:,partial:,partial:,partial:,different_unclear
1786194978795,command_menu,18240.0,partial:вниз,partial:,partial:,partial:,partial:,different_unclear
1786194978795,command_menu,18320.0,partial:вниз,partial:,partial:,partial:,partial:,different_unclear
1786194978795,command_menu,18400.0,partial:вниз,partial:,partial:,partial:,partial:,different_unclear
1786194978795,command_menu,18480.0,partial:вниз,partial:,partial:,partial:,partial:,different_unclear
1786194978795,command_menu,18560.0,partial:вниз,partial:,partial:,partial:,partial:,different_unclear
1786194978795,command_menu,18640.0,partial:вниз,partial:,partial:,partial:,partial:,different_unclear
1786194978795,command_menu,18720.0,partial:вниз,partial:,partial:,partial:,partial:,different_unclear
1786194978795,command_menu,18800.0,partial:вниз,partial:,partial:,partial:,partial:,different_unclear
1786194978795,command_menu,18880.0,partial:вниз,partial:,partial:,partial:,partial:,different_unclear
1786194978795,command_menu,18960.0,partial:вниз,partial:,partial:,partial:,partial:,different_unclear
1786194978795,command_menu,19040.0,partial:вниз,partial:,partial:,partial:,partial:,different_unclear
1786194978795,command_menu,19120.0,partial:вниз,partial:,partial:,partial:,partial:,different_unclear
1786194978795,command_menu,19200.0,partial:вниз,partial:,partial:,partial:,partial:,different_unclear
1786194978795,command_menu,19280.0,partial:вниз,partial:,partial:,partial:,partial:,different_unclear
1786194978795,command_menu,19360.0,partial:вниз,partial:,partial:,partial:,partial:,different_unclear
1786194978795,command_menu,19440.0,endpoint:вниз,partial:,partial:вниз,partial:вниз,partial:вниз,different_unclear
1786194978795,command_menu,19520.0,partial:,partial:,partial:вниз,partial:вниз,partial:вниз,different_unclear
1786194978795,command_menu,19600.0,partial:,partial:,partial:вниз,partial:вниз,partial:вниз,different_unclear
1786194978795,command_menu,19680.0,partial:,partial:,partial:вниз,partial:вниз,partial:вниз,different_unclear
1786194978795,command_menu,19760.0,partial:,partial:,partial:вниз,partial:вниз,partial:вниз,different_unclear
1786194978795,command_menu,19840.0,partial:,partial:,partial:вниз,partial:вниз,partial:вниз,different_unclear
1786194978795,command_menu,19920.0,partial:,partial:,partial:вниз,partial:вниз,partial:вниз,different_unclear
1786194978795,command_menu,20000.0,partial:,partial:,partial:вниз,partial:вниз,partial:вниз,different_unclear
1786194978795,command_menu,20080.0,partial:,partial:,partial:вниз,partial:вниз,partial:вниз,different_unclear
1786194978795,command_menu,20160.0,partial:,partial:,partial:вниз,partial:вниз,partial:вниз,different_unclear
1786194978795,command_menu,20240.0,partial:,partial:,partial:вниз,partial:вниз,partial:вниз,different_unclear
1786194978795,command_menu,20320.0,partial:,partial:,partial:вниз,partial:вниз,partial:вниз,different_unclear
1786194978795,command_menu,20400.0,partial:,endpoint:вниз,partial:вниз,partial:вниз,partial:вниз,different_unclear
1786194978795,command_menu,20480.0,partial:,partial:,partial:вниз,partial:вниз,partial:вниз,different_unclear
1786194978795,command_menu,20560.0,partial:,partial:,partial:вниз,partial:вниз,partial:вниз,different_unclear
1786194978795,command_menu,20640.0,partial:,partial:,partial:вниз,partial:вниз,partial:вниз,different_unclear
1786194978795,command_menu,20720.0,partial:,partial:,partial:вниз,partial:вниз,partial:вниз,different_unclear
1786194978795,command_menu,20800.0,partial:,partial:,partial:вниз,partial:вниз,partial:вниз,different_unclear
1786194978795,command_menu,20880.0,partial:вниз,partial:,endpoint:вниз,endpoint:вниз,endpoint:вниз,different_unclear
1786194978795,command_menu,20960.0,partial:вниз,partial:,partial:,partial:,partial:,different_unclear
1786194978795,command_menu,21040.0,partial:вниз,partial:,partial:,partial:,partial:,different_unclear
1786194978795,command_menu,21120.0,partial:вниз,partial:,partial:,partial:,partial:,different_unclear
1786194978795,command_menu,21200.0,partial:вниз,partial:,partial:,partial:,partial:,different_unclear
1786194978795,command_menu,21280.0,partial:вниз,partial:,partial:,partial:,partial:,different_unclear
1786194978795,command_menu,21360.0,partial:вниз,partial:вниз,partial:,partial:,partial:,different_unclear
1786194978795,command_menu,21440.0,partial:вниз,partial:вниз,partial:,partial:,partial:,different_unclear
1786194978795,command_menu,21520.0,partial:вниз,partial:вниз,partial:,partial:,partial:,different_unclear
1786194978795,command_menu,21600.0,partial:вниз,partial:вниз,partial:,partial:,partial:,different_unclear
1786194978795,command_menu,21680.0,partial:вниз,partial:вниз,partial:,partial:,partial:,different_unclear
1786194978795,command_menu,21760.0,partial:вниз,partial:вниз,partial:,partial:,partial:,different_unclear
1786194978795,command_menu,21840.0,partial:вниз,partial:вниз,partial:,partial:,partial:,different_unclear
1786194978795,command_menu,21920.0,partial:вниз,partial:вниз,partial:,partial:,partial:,different_unclear
1786194978795,command_menu,22000.0,partial:вниз,partial:вниз,partial:,partial:,partial:,different_unclear
1786194978795,command_menu,22080.0,partial:вниз,partial:вниз,partial:,partial:,partial:,different_unclear
1786194978795,command_menu,22160.0,partial:вниз,partial:вниз,partial:,partial:,partial:,different_unclear
1786194978795,command_menu,22240.0,partial:вниз,partial:вниз,partial:,partial:,partial:,different_unclear
1786194978795,command_menu,22320.0,endpoint:вниз,endpoint:вниз,partial:,partial:,partial:,different_unclear
1786194978795,command_menu,23280.0,partial:доступность,partial:,partial:,partial:,partial:,different_unclear
1786194978795,command_menu,23360.0,partial:доступность,partial:,partial:,partial:,partial:,different_unclear
1786194978795,command_menu,23440.0,partial:доступность,partial:,partial:,partial:,partial:,different_unclear
1786194978795,command_menu,23520.0,partial:доступность,partial:,partial:,partial:,partial:,different_unclear
1786194978795,command_menu,23600.0,partial:доступность,partial:,partial:,partial:,partial:,different_unclear
1786194978795,command_menu,23680.0,partial:доступность,partial:,partial:,partial:,partial:,different_unclear
1786194978795,command_menu,26640.0,partial:доступность,partial:вверх,partial:вверх,partial:доступность,partial:доступность,different_unclear
1786194978795,command_menu,26720.0,partial:доступность,partial:вверх,partial:вверх,partial:доступность,partial:доступность,different_unclear
1786194978795,command_menu,26800.0,partial:доступность,partial:вверх,partial:вверх,partial:доступность,partial:доступность,different_unclear
1786194978795,command_menu,26880.0,partial:доступность,partial:вверх,partial:вверх,partial:доступность,partial:доступность,different_unclear
1786194978795,command_menu,26960.0,partial:доступность,partial:вверх,partial:вверх,partial:доступность,partial:доступность,different_unclear
1786194978795,command_menu,27040.0,partial:доступность,partial:вверх,partial:вверх,partial:доступность,partial:доступность,different_unclear
1786194978795,command_menu,28080.0,partial:вниз,partial:вверх вниз,partial:вверх вниз,partial:вверх вниз,partial:вверх вниз,different_unclear
1786194978795,command_menu,28160.0,partial:вниз,partial:вверх вниз,partial:вверх вниз,partial:вверх вниз,partial:вверх вниз,different_unclear
1786194978795,command_menu,28240.0,partial:вниз,partial:вверх вниз,partial:вверх вниз,partial:вверх вниз,partial:вверх вниз,different_unclear
1786194978795,command_menu,28320.0,partial:вниз,partial:вверх вниз,partial:вверх вниз,partial:вверх вниз,partial:вверх вниз,different_unclear
1786194978795,command_menu,28400.0,partial:вниз,partial:вверх вниз,partial:вверх вниз,partial:вверх вниз,partial:вверх вниз,different_unclear
1786194978795,command_menu,28480.0,partial:вниз,partial:вверх вниз,partial:вверх вниз,partial:вверх вниз,partial:вверх вниз,different_unclear
1786194978795,command_menu,28560.0,partial:вниз,partial:вверх вниз,partial:вверх вниз,partial:вверх вниз,partial:вверх вниз,different_unclear
1786194978795,command_menu,28640.0,partial:вниз,partial:вверх вниз,partial:вверх вниз,partial:вверх вниз,partial:вверх вниз,different_unclear
1786194978795,command_menu,28720.0,partial:вниз,partial:вверх вниз,partial:вверх вниз,partial:вверх вниз,partial:вверх вниз,different_unclear
1786194978795,command_menu,28800.0,partial:вниз,partial:вверх вниз,partial:вверх вниз,partial:вверх вниз,partial:вверх вниз,different_unclear
1786194978795,command_menu,28880.0,partial:вниз,partial:вверх вниз,partial:вверх вниз,partial:вверх вниз,partial:вверх вниз,different_unclear
1786194978795,command_menu,28960.0,partial:вниз,partial:вверх вниз,partial:вверх вниз,partial:вверх вниз,partial:вверх вниз,different_unclear
1786194978795,command_menu,29040.0,partial:вниз,partial:вверх вниз,partial:вверх вниз,partial:вверх вниз,partial:вверх вниз,different_unclear
1786194978795,command_menu,29120.0,partial:вниз,partial:вверх вниз,partial:вверх вниз,partial:вверх вниз,partial:вверх вниз,different_unclear
1786194978795,command_menu,29200.0,partial:вниз,partial:вверх вниз,partial:вверх вниз,partial:вверх вниз,partial:вверх вниз,different_unclear
1786194978795,command_menu,29280.0,partial:вниз,partial:вверх вниз,partial:вверх вниз,partial:вверх вниз,partial:вверх вниз,different_unclear
1786194978795,command_menu,29360.0,partial:вниз,partial:вверх вниз,partial:вверх вниз,partial:вверх вниз,partial:вверх вниз,different_unclear
1786194978795,command_menu,29440.0,partial:вниз,partial:вверх вниз,partial:вверх вниз,partial:вверх вниз,partial:вверх вниз,different_unclear
1786194978795,command_menu,29520.0,partial:вниз печать,partial:вверх вниз печать,partial:вверх вниз печать,partial:вверх вниз печать,partial:вверх вниз печать,different_unclear
1786194978795,command_menu,29600.0,partial:вниз печать,partial:вверх вниз печать,partial:вверх вниз печать,partial:вверх вниз печать,partial:вверх вниз печать,different_unclear
1786194978795,command_menu,29680.0,partial:вниз печать,partial:вверх вниз печать,partial:вверх вниз печать,partial:вверх вниз печать,partial:вверх вниз печать,different_unclear
1786194978795,command_menu,29760.0,partial:вниз печать,partial:вверх вниз печать,partial:вверх вниз печать,partial:вверх вниз печать,partial:вверх вниз печать,different_unclear
1786194978795,command_menu,29840.0,partial:вниз печать,partial:вверх вниз печать,partial:вверх вниз печать,partial:вверх вниз печать,partial:вверх вниз печать,different_unclear
1786194978795,command_menu,29920.0,partial:вниз печать,partial:вверх вниз печать,partial:вверх вниз печать,partial:вверх вниз печать,partial:вверх вниз печать,different_unclear
1786194978795,command_menu,30000.0,partial:вниз печать,partial:вверх вниз печать,partial:вверх вниз печать,partial:вверх вниз печать,partial:вверх вниз печать,different_unclear
1786194978795,command_menu,30080.0,partial:вниз печать,partial:вверх вниз печать,partial:вверх вниз печать,partial:вверх вниз печать,partial:вверх вниз печать,different_unclear
1786194978795,command_menu,30160.0,partial:вниз печать,partial:вверх вниз печать,partial:вверх вниз печать,partial:вверх вниз печать,partial:вверх вниз печать,different_unclear
1786194978795,command_menu,30240.0,partial:вниз печать,partial:вверх вниз печать,partial:вверх вниз печать,partial:вверх вниз печать,partial:вверх вниз печать,different_unclear
1786194978795,command_menu,30320.0,partial:вниз печать,partial:вверх вниз печать,partial:вверх вниз печать,partial:вверх вниз печать,partial:вверх вниз печать,different_unclear
1786194978795,command_menu,30400.0,partial:вниз печать,partial:вверх вниз печать,partial:вверх вниз печать,partial:вверх вниз печать,partial:вверх вниз печать,different_unclear
1786194978795,command_menu,30480.0,partial:вниз печать,partial:вверх вниз печать,partial:вверх вниз печать,partial:вверх вниз печать,partial:вверх вниз печать,different_unclear
1786194978795,command_menu,30560.0,partial:вниз печать,partial:вверх вниз печать,partial:вверх вниз печать,partial:вверх вниз печать,partial:вверх вниз печать,different_unclear
1786194978795,command_menu,30640.0,partial:вниз печать,partial:вверх вниз печать,partial:вверх вниз печать,partial:вверх вниз печать,partial:вверх вниз печать,different_unclear
1786194978795,command_menu,30720.0,partial:вниз печать,partial:вверх вниз печать,partial:вверх вниз печать,partial:вверх вниз печать,partial:вверх вниз печать,different_unclear
1786194978795,command_menu,30800.0,partial:вниз печать,partial:вверх вниз печать,partial:вверх вниз печать,partial:вверх вниз печать,partial:вверх вниз печать,different_unclear
1786194978795,command_menu,30880.0,partial:вниз печать,partial:вверх вниз печать,partial:вверх вниз печать,partial:вверх вниз печать,partial:вверх вниз печать,different_unclear
1786194978795,command_menu,30960.0,endpoint:вниз,endpoint:вверх вниз печать,endpoint:вверх вниз печать,endpoint:вверх вниз печать,endpoint:вверх вниз печать,different_unclear
1786194978795,command_menu,32880.0,partial:,partial:,partial:,partial:доступность,partial:доступность,different_unclear
1786194978795,command_menu,32960.0,partial:,partial:,partial:,partial:доступность,partial:доступность,different_unclear
1786194978795,command_menu,33040.0,partial:,partial:,partial:,partial:доступность,partial:доступность,different_unclear
1786194978795,command_menu,33120.0,partial:,partial:,partial:,partial:доступность,partial:доступность,different_unclear
1786194978795,command_menu,33200.0,partial:,partial:,partial:,partial:доступность,partial:доступность,different_unclear
1786194978795,command_menu,33280.0,partial:,partial:,partial:,partial:доступность,partial:доступность,different_unclear
1786194978795,command_menu,38160.0,partial:,partial:доступность,partial:доступность,partial:доступность,partial:доступность,different_unclear
1786194978795,command_menu,38240.0,partial:,partial:доступность,partial:доступность,partial:доступность,partial:доступность,different_unclear
1786194978795,command_menu,38320.0,partial:,partial:доступность,partial:доступность,partial:доступность,partial:доступность,different_unclear
1786194978795,command_menu,38400.0,partial:,partial:доступность,partial:доступность,partial:доступность,partial:доступность,different_unclear
1786194978795,command_menu,38480.0,partial:,partial:доступность,partial:доступность,partial:доступность,partial:доступность,different_unclear
1786194978795,command_menu,38560.0,partial:,partial:доступность,partial:доступность,partial:доступность,partial:доступность,different_unclear
1786194978795,command_menu,45360.0,partial:печать,partial:,partial:,partial:,partial:,different_unclear
1786194978795,command_menu,45440.0,partial:печать,partial:,partial:,partial:,partial:,different_unclear
1786194978795,command_menu,45520.0,partial:печать,partial:,partial:,partial:,partial:,different_unclear
1786194978795,command_menu,45600.0,partial:печать,partial:,partial:,partial:,partial:,different_unclear
1786194978795,command_menu,45680.0,partial:печать,partial:,partial:,partial:,partial:,different_unclear
1786194978795,command_menu,45760.0,partial:печать,partial:,partial:,partial:,partial:,different_unclear
1786194978795,command_menu,51600.0,partial:настройки,partial:,partial:,partial:,partial:,different_unclear
1786194978795,command_menu,51680.0,partial:настройки,partial:,partial:,partial:,partial:,different_unclear
1786194978795,command_menu,51760.0,partial:настройки,partial:,partial:,partial:,partial:,different_unclear
1786194978795,command_menu,51840.0,partial:настройки,partial:,partial:,partial:,partial:,different_unclear
1786194978795,command_menu,51920.0,partial:настройки,partial:,partial:,partial:,partial:,different_unclear
1786194978795,command_menu,52000.0,partial:настройки,partial:,partial:,partial:,partial:,different_unclear
1786194978795,command_menu,61680.0,endpoint:,endpoint:,endpoint:,endpoint:,endpoint:доступность,different_unclear
1786194978795,command_menu,64080.0,partial:печать,partial:доступность,partial:доступность,partial:доступность,partial:доступность,different_unclear
1786194978795,command_menu,64160.0,partial:печать,partial:доступность,partial:доступность,partial:доступность,partial:доступность,different_unclear
1786194978795,command_menu,64240.0,partial:печать,partial:доступность,partial:доступность,partial:доступность,partial:доступность,different_unclear
1786194978795,command_menu,64320.0,partial:печать,partial:доступность,partial:доступность,partial:доступность,partial:доступность,different_unclear
1786194978795,command_menu,64400.0,partial:печать,partial:доступность,partial:доступность,partial:доступность,partial:доступность,different_unclear
1786194978795,command_menu,64480.0,partial:печать,partial:доступность,partial:доступность,partial:доступность,partial:доступность,different_unclear
1786194978795,command_menu,85680.0,partial:настройки,partial:доступность,partial:доступность,partial:доступность,partial:доступность,different_unclear
1786194978795,command_menu,85760.0,partial:настройки,partial:доступность,partial:доступность,partial:доступность,partial:доступность,different_unclear
1786194978795,command_menu,85840.0,partial:настройки,partial:доступность,partial:доступность,partial:доступность,partial:доступность,different_unclear
1786194978795,command_menu,85920.0,partial:настройки,partial:доступность,partial:доступность,partial:доступность,partial:доступность,different_unclear
1786194978795,command_menu,86000.0,partial:настройки,partial:доступность,partial:доступность,partial:доступность,partial:доступность,different_unclear
1786194978795,command_menu,86080.0,partial:настройки,partial:доступность,partial:доступность,partial:доступность,partial:доступность,different_unclear
1786194978795,command_menu,89040.0,partial:доступность,partial:доступность,partial:доступность,partial:,partial:,different_unclear
1786194978795,command_menu,89120.0,partial:доступность,partial:доступность,partial:доступность,partial:,partial:,different_unclear
1786194978795,command_menu,89200.0,partial:доступность,partial:доступность,partial:доступность,partial:,partial:,different_unclear
1786194978795,command_menu,89280.0,partial:доступность,partial:доступность,partial:доступность,partial:,partial:,different_unclear
1786194978795,command_menu,89360.0,partial:доступность,partial:доступность,partial:доступность,partial:,partial:,different_unclear
1786194978795,command_menu,89440.0,partial:доступность,partial:доступность,partial:доступность,partial:,partial:,different_unclear
1786194978795,command_menu,89520.0,partial:доступность,partial:доступность,partial:доступность,partial:доступность,partial:,different_unclear
1786194978795,command_menu,89600.0,partial:доступность,partial:доступность,partial:доступность,partial:доступность,partial:,different_unclear
1786194978795,command_menu,89680.0,partial:доступность,partial:доступность,partial:доступность,partial:доступность,partial:,different_unclear
1786194978795,command_menu,89760.0,partial:доступность,partial:доступность,partial:доступность,partial:доступность,partial:,different_unclear
1786194978795,command_menu,89840.0,partial:доступность,partial:доступность,partial:доступность,partial:доступность,partial:,different_unclear
1786194978795,command_menu,89920.0,partial:доступность,partial:доступность,partial:доступность,partial:доступность,partial:,different_unclear
1786194978795,command_menu,90000.0,partial:доступность,partial:доступность,partial:доступность,partial:доступность,partial:,different_unclear
1786194978795,command_menu,90080.0,partial:доступность,partial:доступность,partial:доступность,partial:доступность,partial:,different_unclear
1786194978795,command_menu,90160.0,partial:доступность,partial:доступность,partial:доступность,partial:доступность,partial:,different_unclear
1786194978795,command_menu,90240.0,partial:доступность,partial:доступность,partial:доступность,partial:доступность,partial:,different_unclear
1786194978795,command_menu,90320.0,partial:доступность,partial:доступность,partial:доступность,partial:доступность,partial:,different_unclear
1786194978795,command_menu,90400.0,partial:доступность,partial:доступность,partial:доступность,partial:доступность,partial:,different_unclear
1786194978795,command_menu,90480.0,endpoint:доступность,endpoint:доступность,endpoint:доступность,endpoint:доступность,partial:,different_unclear
1786194978795,command_menu,91440.0,partial:,partial:,partial:доступность,partial:доступность,partial:доступность,different_unclear
1786194978795,command_menu,91520.0,partial:,partial:,partial:доступность,partial:доступность,partial:доступность,different_unclear
1786194978795,command_menu,91600.0,partial:,partial:,partial:доступность,partial:доступность,partial:доступность,different_unclear
1786194978795,command_menu,91680.0,partial:,partial:,partial:доступность,partial:доступность,partial:доступность,different_unclear
1786194978795,command_menu,91760.0,partial:,partial:,partial:доступность,partial:доступность,partial:доступность,different_unclear
1786194978795,command_menu,91840.0,partial:,partial:,partial:доступность,partial:доступность,partial:доступность,different_unclear
1786194978795,command_menu,94320.0,partial:доступность,partial:доступность,partial:,partial:,partial:,different_unclear
1786194978795,command_menu,94400.0,partial:доступность,partial:доступность,partial:,partial:,partial:,different_unclear
1786194978795,command_menu,94480.0,partial:доступность,partial:доступность,partial:,partial:,partial:,different_unclear
1786194978795,command_menu,94560.0,partial:доступность,partial:доступность,partial:,partial:,partial:,different_unclear
1786194978795,command_menu,94640.0,partial:доступность,partial:доступность,partial:,partial:,partial:,different_unclear
1786194978795,command_menu,94720.0,partial:доступность,partial:доступность,partial:,partial:,partial:,different_unclear
1786194978795,command_menu,96240.0,endpoint:доступность,endpoint:доступность,partial:доступность,partial:доступность,partial:доступность,different_unclear
1786194978795,command_menu,96320.0,partial:,partial:,partial:доступность,partial:доступность,partial:доступность,different_unclear
1786194978795,command_menu,96400.0,partial:,partial:,partial:доступность,partial:доступность,partial:доступность,different_unclear
1786194978795,command_menu,96480.0,partial:,partial:,partial:доступность,partial:доступность,partial:доступность,different_unclear
1786194978795,command_menu,96560.0,partial:,partial:,partial:доступность,partial:доступность,partial:доступность,different_unclear
1786194978795,command_menu,96640.0,partial:,partial:,partial:доступность,partial:доступность,partial:доступность,different_unclear
1786194978795,command_menu,96720.0,partial:,partial:,endpoint:доступность,endpoint:доступность,endpoint:доступность,different_unclear
1786194978795,command_menu,140400.0,partial:,partial:настройки,partial:,partial:,partial:,different_unclear
1786194978795,command_menu,140480.0,partial:,partial:настройки,partial:,partial:,partial:,different_unclear
1786194978795,command_menu,140560.0,partial:,partial:настройки,partial:,partial:,partial:,different_unclear
1786194978795,command_menu,140640.0,partial:,partial:настройки,partial:,partial:,partial:,different_unclear
1786194978795,command_menu,140720.0,partial:,partial:настройки,partial:,partial:,partial:,different_unclear
1786194978795,command_menu,140800.0,partial:,partial:настройки,partial:,partial:,partial:,different_unclear
1786194978795,command_menu,149520.0,partial:печать,partial:печать,partial:печать,partial:печать,partial:,different_unclear
1786194978795,command_menu,149600.0,partial:печать,partial:печать,partial:печать,partial:печать,partial:,different_unclear
1786194978795,command_menu,149680.0,partial:печать,partial:печать,partial:печать,partial:печать,partial:,different_unclear
1786194978795,command_menu,149760.0,partial:печать,partial:печать,partial:печать,partial:печать,partial:,different_unclear
1786194978795,command_menu,149840.0,partial:печать,partial:печать,partial:печать,partial:печать,partial:,different_unclear
1786194978795,command_menu,149920.0,partial:печать,partial:печать,partial:печать,partial:печать,partial:,different_unclear
1786194978795,command_menu,162480.0,partial:,partial:справка,partial:справка,partial:справка,partial:,different_unclear
1786194978795,command_menu,162560.0,partial:,partial:справка,partial:справка,partial:справка,partial:,different_unclear
1786194978795,command_menu,162640.0,partial:,partial:справка,partial:справка,partial:справка,partial:,different_unclear
1786194978795,command_menu,162720.0,partial:,partial:справка,partial:справка,partial:справка,partial:,different_unclear
1786194978795,command_menu,162800.0,partial:,partial:справка,partial:справка,partial:справка,partial:,different_unclear
1786194978795,command_menu,162880.0,partial:,partial:справка,partial:справка,partial:справка,partial:,different_unclear
1786194978795,command_menu,162960.0,partial:,partial:справка,partial:справка,partial:справка,partial:,different_unclear
1786194978795,command_menu,163040.0,partial:,partial:справка,partial:справка,partial:справка,partial:,different_unclear
1786194978795,command_menu,163120.0,partial:,partial:справка,partial:справка,partial:справка,partial:,different_unclear
1786194978795,command_menu,163200.0,partial:,partial:справка,partial:справка,partial:справка,partial:,different_unclear
1786194978795,command_menu,163280.0,partial:,partial:справка,partial:справка,partial:справка,partial:,different_unclear
1786194978795,command_menu,163360.0,partial:,partial:справка,partial:справка,partial:справка,partial:,different_unclear
1786194978795,command_menu,163440.0,partial:,endpoint:справка,endpoint:справка,endpoint:справка,partial:,different_unclear
1786194978795,command_menu,167280.0,partial:справка,partial:справка,partial:справка,partial:справка,partial:,different_unclear
1786194978795,command_menu,167360.0,partial:справка,partial:справка,partial:справка,partial:справка,partial:,different_unclear
1786194978795,command_menu,167440.0,partial:справка,partial:справка,partial:справка,partial:справка,partial:,different_unclear
1786194978795,command_menu,167520.0,partial:справка,partial:справка,partial:справка,partial:справка,partial:,different_unclear
1786194978795,command_menu,167600.0,partial:справка,partial:справка,partial:справка,partial:справка,partial:,different_unclear
1786194978795,command_menu,167680.0,partial:справка,partial:справка,partial:справка,partial:справка,partial:,different_unclear
1786194978795,command_menu,167760.0,partial:справка,partial:справка,partial:справка,partial:справка,partial:,different_unclear
1786194978795,command_menu,167840.0,partial:справка,partial:справка,partial:справка,partial:справка,partial:,different_unclear
1786194978795,command_menu,167920.0,partial:справка,partial:справка,partial:справка,partial:справка,partial:,different_unclear
1786194978795,command_menu,168000.0,partial:справка,partial:справка,partial:справка,partial:справка,partial:,different_unclear
1786194978795,command_menu,168080.0,partial:справка,partial:справка,partial:справка,partial:справка,partial:,different_unclear
1786194978795,command_menu,168160.0,partial:справка,partial:справка,partial:справка,partial:справка,partial:,different_unclear
1786194978795,free_text,20400.0,endpoint:вниз,endpoint:,endpoint:,endpoint:,endpoint:,different_unclear
1786194978795,free_text,21360.0,partial:,partial:,partial:мисс,partial:мисс,partial:мисс,different_unclear
1786194978795,free_text,21440.0,partial:,partial:,partial:мисс,partial:мисс,partial:мисс,different_unclear
1786194978795,free_text,21520.0,partial:,partial:,partial:мисс,partial:мисс,partial:мисс,different_unclear
1786194978795,free_text,21600.0,partial:,partial:,partial:мисс,partial:мисс,partial:мисс,different_unclear
1786194978795,free_text,21680.0,partial:,partial:,partial:мисс,partial:мисс,partial:мисс,different_unclear
1786194978795,free_text,21760.0,partial:,partial:,partial:мисс,partial:мисс,partial:мисс,different_unclear
1786194978795,free_text,21840.0,partial:,partial:,partial:мисс,partial:мисс,partial:мисс,different_unclear
1786194978795,free_text,21920.0,partial:,partial:,partial:мисс,partial:мисс,partial:мисс,different_unclear
1786194978795,free_text,22000.0,partial:,partial:,partial:мисс,partial:мисс,partial:мисс,different_unclear
1786194978795,free_text,22080.0,partial:,partial:,partial:мисс,partial:мисс,partial:мисс,different_unclear
1786194978795,free_text,22160.0,partial:,partial:,partial:мисс,partial:мисс,partial:мисс,different_unclear
1786194978795,free_text,22240.0,partial:,partial:,partial:мисс,partial:мисс,partial:мисс,different_unclear
1786194978795,free_text,22320.0,partial:,partial:,partial:мисс,partial:мисс,partial:мисс,different_unclear
1786194978795,free_text,22400.0,partial:,partial:,partial:мисс,partial:мисс,partial:мисс,different_unclear
1786194978795,free_text,22480.0,partial:,partial:,partial:мисс,partial:мисс,partial:мисс,different_unclear
1786194978795,free_text,22560.0,partial:,partial:,partial:мисс,partial:мисс,partial:мисс,different_unclear
1786194978795,free_text,22640.0,partial:,partial:,partial:мисс,partial:мисс,partial:мисс,different_unclear
1786194978795,free_text,22720.0,partial:,partial:,partial:мисс,partial:мисс,partial:мисс,different_unclear
1786194978795,free_text,22800.0,partial:,partial:,partial:мисс,partial:мисс,partial:мисс,different_unclear
1786194978795,free_text,22880.0,partial:,partial:,partial:мисс,partial:мисс,partial:мисс,different_unclear
1786194978795,free_text,22960.0,partial:,partial:,partial:мисс,partial:мисс,partial:мисс,different_unclear
1786194978795,free_text,23040.0,partial:,partial:,partial:мисс,partial:мисс,partial:мисс,different_unclear
1786194978795,free_text,23120.0,partial:,partial:,partial:мисс,partial:мисс,partial:мисс,different_unclear
1786194978795,free_text,23200.0,partial:,partial:,partial:мисс,partial:мисс,partial:мисс,different_unclear
1786194978795,free_text,23280.0,partial:,partial:,endpoint:мисс,endpoint:мисс,endpoint:мисс,different_unclear
1786194978795,free_text,27120.0,partial:для,partial:для,partial:я,partial:я,partial:я,different_unclear
1786194978795,free_text,27200.0,partial:для,partial:для,partial:я,partial:я,partial:я,different_unclear
1786194978795,free_text,27280.0,partial:для,partial:для,partial:я,partial:я,partial:я,different_unclear
1786194978795,free_text,27360.0,partial:для,partial:для,partial:я,partial:я,partial:я,different_unclear
1786194978795,free_text,27440.0,partial:для,partial:для,partial:я,partial:я,partial:я,different_unclear
1786194978795,free_text,27520.0,partial:для,partial:для,partial:я,partial:я,partial:я,different_unclear
1786194978795,free_text,27600.0,partial:для,partial:для,partial:я,partial:я,partial:я,different_unclear
1786194978795,free_text,27680.0,partial:для,partial:для,partial:я,partial:я,partial:я,different_unclear
1786194978795,free_text,27760.0,partial:для,partial:для,partial:я,partial:я,partial:я,different_unclear
1786194978795,free_text,27840.0,partial:для,partial:для,partial:я,partial:я,partial:я,different_unclear
1786194978795,free_text,27920.0,partial:для,partial:для,partial:я,partial:я,partial:я,different_unclear
1786194978795,free_text,28000.0,partial:для,partial:для,partial:я,partial:я,partial:я,different_unclear
1786194978795,free_text,28080.0,partial:для них,partial:для них,partial:я не,partial:я действительно,partial:я действительно,different_unclear
1786194978795,free_text,28160.0,partial:для них,partial:для них,partial:я не,partial:я действительно,partial:я действительно,different_unclear
1786194978795,free_text,28240.0,partial:для них,partial:для них,partial:я не,partial:я действительно,partial:я действительно,different_unclear
1786194978795,free_text,28320.0,partial:для них,partial:для них,partial:я не,partial:я действительно,partial:я действительно,different_unclear
1786194978795,free_text,28400.0,partial:для них,partial:для них,partial:я не,partial:я действительно,partial:я действительно,different_unclear
1786194978795,free_text,28480.0,partial:для них,partial:для них,partial:я не,partial:я действительно,partial:я действительно,different_unclear
1786194978795,free_text,28560.0,partial:для них,partial:для них,partial:верх низ,partial:верх низ,partial:я,different_unclear
1786194978795,free_text,28640.0,partial:для них,partial:для них,partial:верх низ,partial:верх низ,partial:я,different_unclear
1786194978795,free_text,28720.0,partial:для них,partial:для них,partial:верх низ,partial:верх низ,partial:я,different_unclear
1786194978795,free_text,28800.0,partial:для них,partial:для них,partial:верх низ,partial:верх низ,partial:я,different_unclear
1786194978795,free_text,28880.0,partial:для них,partial:для них,partial:верх низ,partial:верх низ,partial:я,different_unclear
1786194978795,free_text,28960.0,partial:для них,partial:для них,partial:верх низ,partial:верх низ,partial:я,different_unclear
1786194978795,free_text,29040.0,partial:для них,partial:для них,partial:верх низ,partial:верх низ,endpoint:я вниз,different_unclear
1786194978795,free_text,29120.0,partial:для них,partial:для них,partial:верх низ,partial:верх низ,partial:,different_unclear
1786194978795,free_text,29200.0,partial:для них,partial:для них,partial:верх низ,partial:верх низ,partial:,different_unclear
1786194978795,free_text,29280.0,partial:для них,partial:для них,partial:верх низ,partial:верх низ,partial:,different_unclear
1786194978795,free_text,29360.0,partial:для них,partial:для них,partial:верх низ,partial:верх низ,partial:,different_unclear
1786194978795,free_text,29440.0,partial:для них,partial:для них,partial:верх низ,partial:верх низ,partial:,different_unclear
1786194978795,free_text,29520.0,partial:для них,partial:для них,partial:верх низ,partial:верх низ,partial:,different_unclear
1786194978795,free_text,29600.0,partial:для них,partial:для них,partial:верх низ,partial:верх низ,partial:,different_unclear
1786194978795,free_text,29680.0,partial:для них,partial:для них,partial:верх низ,partial:верх низ,partial:,different_unclear
1786194978795,free_text,29760.0,partial:для них,partial:для них,partial:верх низ,partial:верх низ,partial:,different_unclear
1786194978795,free_text,29840.0,partial:для них,partial:для них,partial:верх низ,partial:верх низ,partial:,different_unclear
1786194978795,free_text,29920.0,partial:для них,partial:для них,partial:верх низ,partial:верх низ,partial:,different_unclear
1786194978795,free_text,30000.0,partial:для них период,partial:для них,partial:верх низ,partial:верх низ,partial:,different_unclear
1786194978795,free_text,30080.0,partial:для них период,partial:для них,partial:верх низ,partial:верх низ,partial:,different_unclear
1786194978795,free_text,30160.0,partial:для них период,partial:для них,partial:верх низ,partial:верх низ,partial:,different_unclear
1786194978795,free_text,30240.0,partial:для них период,partial:для них,partial:верх низ,partial:верх низ,partial:,different_unclear
1786194978795,free_text,30320.0,partial:для них период,partial:для них,partial:верх низ,partial:верх низ,partial:,different_unclear
1786194978795,free_text,30400.0,partial:для них период,partial:для них,partial:верх низ,partial:верх низ,partial:,different_unclear
1786194978795,free_text,30480.0,partial:для них период,endpoint:для них,endpoint:верх низ,endpoint:верх низ,partial:,different_unclear
1786194978795,free_text,30560.0,partial:для них период,partial:,partial:,partial:,partial:,different_unclear
1786194978795,free_text,30640.0,partial:для них период,partial:,partial:,partial:,partial:,different_unclear
1786194978795,free_text,30720.0,partial:для них период,partial:,partial:,partial:,partial:,different_unclear
1786194978795,free_text,30800.0,partial:для них период,partial:,partial:,partial:,partial:,different_unclear
1786194978795,free_text,30880.0,partial:для них период,partial:,partial:,partial:,partial:,different_unclear
1786194978795,free_text,30960.0,partial:для них период,partial:,partial:,partial:,partial:,different_unclear
1786194978795,free_text,31040.0,partial:для них период,partial:,partial:,partial:,partial:,different_unclear
1786194978795,free_text,31120.0,partial:для них период,partial:,partial:,partial:,partial:,different_unclear
1786194978795,free_text,31200.0,partial:для них период,partial:,partial:,partial:,partial:,different_unclear
1786194978795,free_text,31280.0,partial:для них период,partial:,partial:,partial:,partial:,different_unclear
1786194978795,free_text,31360.0,partial:для них период,partial:,partial:,partial:,partial:,different_unclear
1786194978795,free_text,31440.0,partial:для них период,partial:,partial:,partial:,partial:,different_unclear
1786194978795,free_text,31520.0,partial:для них период,partial:,partial:,partial:,partial:,different_unclear
1786194978795,free_text,31600.0,partial:для них период,partial:,partial:,partial:,partial:,different_unclear
1786194978795,free_text,31680.0,partial:для них период,partial:,partial:,partial:,partial:,different_unclear
1786194978795,free_text,31760.0,partial:для них период,partial:,partial:,partial:,partial:,different_unclear
1786194978795,free_text,31840.0,partial:для них период,partial:,partial:,partial:,partial:,different_unclear
1786194978795,free_text,31920.0,endpoint:для них период,partial:,partial:,partial:,partial:,different_unclear
1786194978795,free_text,33360.0,partial:добрый,partial:долгой,partial:долгой,partial:долгой,partial:долгой,different_unclear
1786194978795,free_text,33440.0,partial:добрый,partial:долгой,partial:долгой,partial:долгой,partial:долгой,different_unclear
1786194978795,free_text,33520.0,partial:добрый,partial:долгой,partial:долгой,partial:долгой,partial:долгой,different_unclear
1786194978795,free_text,33600.0,partial:добрый,partial:долгой,partial:долгой,partial:долгой,partial:долгой,different_unclear
1786194978795,free_text,33680.0,partial:добрый,partial:долгой,partial:долгой,partial:долгой,partial:долгой,different_unclear
1786194978795,free_text,33760.0,partial:добрый,partial:долгой,partial:долгой,partial:долгой,partial:долгой,different_unclear
1786194978795,free_text,33840.0,partial:добрый,partial:долгой,partial:долгой,partial:долгой,partial:долгой,different_unclear
1786194978795,free_text,33920.0,partial:добрый,partial:долгой,partial:долгой,partial:долгой,partial:долгой,different_unclear
1786194978795,free_text,34000.0,partial:добрый,partial:долгой,partial:долгой,partial:долгой,partial:долгой,different_unclear
1786194978795,free_text,34080.0,partial:добрый,partial:долгой,partial:долгой,partial:долгой,partial:долгой,different_unclear
1786194978795,free_text,34160.0,partial:добрый,partial:долгой,partial:долгой,partial:долгой,partial:долгой,different_unclear
1786194978795,free_text,34240.0,partial:добрый,partial:долгой,partial:долгой,partial:долгой,partial:долгой,different_unclear
1786194978795,free_text,34320.0,partial:добрый,partial:долгой,partial:долгой,partial:долгой,partial:долгой,different_unclear
1786194978795,free_text,34400.0,partial:добрый,partial:долгой,partial:долгой,partial:долгой,partial:долгой,different_unclear
1786194978795,free_text,34480.0,partial:добрый,partial:долгой,partial:долгой,partial:долгой,partial:долгой,different_unclear
1786194978795,free_text,34560.0,partial:добрый,partial:долгой,partial:долгой,partial:долгой,partial:долгой,different_unclear
1786194978795,free_text,34640.0,partial:добрый,partial:долгой,partial:долгой,partial:долгой,partial:долгой,different_unclear
1786194978795,free_text,34720.0,partial:добрый,partial:долгой,partial:долгой,partial:долгой,partial:долгой,different_unclear
1786194978795,free_text,34800.0,partial:добрый,partial:долгой,partial:долгой,partial:долгой,partial:долгой,different_unclear
1786194978795,free_text,34880.0,partial:добрый,partial:долгой,partial:долгой,partial:долгой,partial:долгой,different_unclear
1786194978795,free_text,34960.0,partial:добрый,partial:долгой,partial:долгой,partial:долгой,partial:долгой,different_unclear
1786194978795,free_text,35040.0,partial:добрый,partial:долгой,partial:долгой,partial:долгой,partial:долгой,different_unclear
1786194978795,free_text,35120.0,partial:добрый,partial:долгой,partial:долгой,partial:долгой,partial:долгой,different_unclear
1786194978795,free_text,35200.0,partial:добрый,partial:долгой,partial:долгой,partial:долгой,partial:долгой,different_unclear
1786194978795,free_text,38160.0,partial:жёлтыми волосами,partial:был,partial:,partial:,partial:,different_unclear
1786194978795,free_text,38240.0,partial:жёлтыми волосами,partial:был,partial:,partial:,partial:,different_unclear
1786194978795,free_text,38320.0,partial:жёлтыми волосами,partial:был,partial:,partial:,partial:,different_unclear
1786194978795,free_text,38400.0,partial:жёлтыми волосами,partial:был,partial:,partial:,partial:,different_unclear
1786194978795,free_text,38480.0,partial:жёлтыми волосами,partial:был,partial:,partial:,partial:,different_unclear
1786194978795,free_text,38560.0,partial:жёлтыми волосами,partial:был,partial:,partial:,partial:,different_unclear
1786194978795,free_text,38640.0,partial:,partial:долгой,partial:долгой,partial:долгой,partial:,different_unclear
1786194978795,free_text,38720.0,partial:,partial:долгой,partial:долгой,partial:долгой,partial:,different_unclear
1786194978795,free_text,38800.0,partial:,partial:долгой,partial:долгой,partial:долгой,partial:,different_unclear
1786194978795,free_text,38880.0,partial:,partial:долгой,partial:долгой,partial:долгой,partial:,different_unclear
1786194978795,free_text,38960.0,partial:,partial:долгой,partial:долгой,partial:долгой,partial:,different_unclear
1786194978795,free_text,39040.0,partial:,partial:долгой,partial:долгой,partial:долгой,partial:,different_unclear
1786194978795,free_text,39120.0,partial:,partial:долгой,partial:долгой,partial:долгой,partial:,different_unclear
1786194978795,free_text,39200.0,partial:,partial:долгой,partial:долгой,partial:долгой,partial:,different_unclear
1786194978795,free_text,39280.0,partial:,partial:долгой,partial:долгой,partial:долгой,partial:,different_unclear
1786194978795,free_text,39360.0,partial:,partial:долгой,partial:долгой,partial:долгой,partial:,different_unclear
1786194978795,free_text,39440.0,partial:,partial:долгой,partial:долгой,partial:долгой,partial:,different_unclear
1786194978795,free_text,39520.0,partial:,partial:долгой,partial:долгой,partial:долгой,partial:,different_unclear
1786194978795,free_text,39600.0,partial:,partial:долгой,partial:долгой,endpoint:долгой,partial:,different_unclear
1786194978795,free_text,39680.0,partial:,partial:долгой,partial:долгой,partial:,partial:,different_unclear
1786194978795,free_text,39760.0,partial:,partial:долгой,partial:долгой,partial:,partial:,different_unclear
1786194978795,free_text,39840.0,partial:,partial:долгой,partial:долгой,partial:,partial:,different_unclear
1786194978795,free_text,39920.0,partial:,partial:долгой,partial:долгой,partial:,partial:,different_unclear
1786194978795,free_text,40000.0,partial:,partial:долгой,partial:долгой,partial:,partial:,different_unclear
1786194978795,free_text,40080.0,partial:,partial:долгой дороги,partial:долгой дороги,partial:,partial:,different_unclear
1786194978795,free_text,40160.0,partial:,partial:долгой дороги,partial:долгой дороги,partial:,partial:,different_unclear
1786194978795,free_text,40240.0,partial:,partial:долгой дороги,partial:долгой дороги,partial:,partial:,different_unclear
1786194978795,free_text,40320.0,partial:,partial:долгой дороги,partial:долгой дороги,partial:,partial:,different_unclear
1786194978795,free_text,40400.0,partial:,partial:долгой дороги,partial:долгой дороги,partial:,partial:,different_unclear
1786194978795,free_text,40480.0,partial:,partial:долгой дороги,partial:долгой дороги,partial:,partial:,different_unclear
1786194978795,free_text,40560.0,partial:долгий долгий долгий,partial:долгий долгий,partial:долгий долгий долгий,partial:жёлтый,partial:долгий долгий долгий,different_unclear
1786194978795,free_text,40640.0,partial:долгий долгий долгий,partial:долгий долгий,partial:долгий долгий долгий,partial:жёлтый,partial:долгий долгий долгий,different_unclear
1786194978795,free_text,40720.0,partial:долгий долгий долгий,partial:долгий долгий,partial:долгий долгий долгий,partial:жёлтый,partial:долгий долгий долгий,different_unclear
1786194978795,free_text,40800.0,partial:долгий долгий долгий,partial:долгий долгий,partial:долгий долгий долгий,partial:жёлтый,partial:долгий долгий долгий,different_unclear
1786194978795,free_text,40880.0,partial:долгий долгий долгий,partial:долгий долгий,partial:долгий долгий долгий,partial:жёлтый,partial:долгий долгий долгий,different_unclear
1786194978795,free_text,40960.0,partial:долгий долгий долгий,partial:долгий долгий,partial:долгий долгий долгий,partial:жёлтый,partial:долгий долгий долгий,different_unclear
1786194978795,free_text,41040.0,partial:долгий долгий долгий,partial:долгий долгий,partial:долгий долгий долгий,partial:жёлтый,partial:долгий долгий долгий,different_unclear
1786194978795,free_text,41120.0,partial:долгий долгий долгий,partial:долгий долгий,partial:долгий долгий долгий,partial:жёлтый,partial:долгий долгий долгий,different_unclear
1786194978795,free_text,41200.0,partial:долгий долгий долгий,partial:долгий долгий,partial:долгий долгий долгий,partial:жёлтый,partial:долгий долгий долгий,different_unclear
1786194978795,free_text,41280.0,partial:долгий долгий долгий,partial:долгий долгий,partial:долгий долгий долгий,partial:жёлтый,partial:долгий долгий долгий,different_unclear
1786194978795,free_text,41360.0,partial:долгий долгий долгий,partial:долгий долгий,partial:долгий долгий долгий,partial:жёлтый,partial:долгий долгий долгий,different_unclear
1786194978795,free_text,41440.0,partial:долгий долгий долгий,partial:долгий долгий,partial:долгий долгий долгий,partial:жёлтый,partial:долгий долгий долгий,different_unclear
1786194978795,free_text,41520.0,partial:долгий долгий долгий,partial:долгий долгий,partial:долгий долгий долгий,partial:жёлтый,partial:долгий долгий долгий,different_unclear
1786194978795,free_text,41600.0,partial:долгий долгий долгий,partial:долгий долгий,partial:долгий долгий долгий,partial:жёлтый,partial:долгий долгий долгий,different_unclear
1786194978795,free_text,41680.0,partial:долгий долгий долгий,partial:долгий долгий,partial:долгий долгий долгий,partial:жёлтый,partial:долгий долгий долгий,different_unclear
1786194978795,free_text,41760.0,partial:долгий долгий долгий,partial:долгий долгий,partial:долгий долгий долгий,partial:жёлтый,partial:долгий долгий долгий,different_unclear
1786194978795,free_text,41840.0,partial:долгий долгий долгий,partial:долгий долгий,partial:долгий долгий долгий,partial:жёлтый,partial:долгий долгий долгий,different_unclear
1786194978795,free_text,41920.0,partial:долгий долгий долгий,partial:долгий долгий,partial:долгий долгий долгий,partial:жёлтый,partial:долгий долгий долгий,different_unclear
1786194978795,free_text,42000.0,partial:долгий долгий долгий долгий,partial:долгий долгий долгий,partial:долгий долгий долгий долгий,partial:долгой дороги,partial:долгий долгий долгий долгий,different_unclear
1786194978795,free_text,42080.0,partial:долгий долгий долгий долгий,partial:долгий долгий долгий,partial:долгий долгий долгий долгий,partial:долгой дороги,partial:долгий долгий долгий долгий,different_unclear
1786194978795,free_text,42160.0,partial:долгий долгий долгий долгий,partial:долгий долгий долгий,partial:долгий долгий долгий долгий,partial:долгой дороги,partial:долгий долгий долгий долгий,different_unclear
1786194978795,free_text,42240.0,partial:долгий долгий долгий долгий,partial:долгий долгий долгий,partial:долгий долгий долгий долгий,partial:долгой дороги,partial:долгий долгий долгий долгий,different_unclear
1786194978795,free_text,42320.0,partial:долгий долгий долгий долгий,partial:долгий долгий долгий,partial:долгий долгий долгий долгий,partial:долгой дороги,partial:долгий долгий долгий долгий,different_unclear
1786194978795,free_text,42400.0,partial:долгий долгий долгий долгий,partial:долгий долгий долгий,partial:долгий долгий долгий долгий,partial:долгой дороги,partial:долгий долгий долгий долгий,different_unclear
1786194978795,free_text,42480.0,partial:долгий долгий долгий долгий,partial:долгий долгий долгий,partial:долгий долгий долгий долгий,partial:долгий долгий,partial:долгий долгий долгий долгий,different_unclear
1786194978795,free_text,42560.0,partial:долгий долгий долгий долгий,partial:долгий долгий долгий,partial:долгий долгий долгий долгий,partial:долгий долгий,partial:долгий долгий долгий долгий,different_unclear
1786194978795,free_text,42640.0,partial:долгий долгий долгий долгий,partial:долгий долгий долгий,partial:долгий долгий долгий долгий,partial:долгий долгий,partial:долгий долгий долгий долгий,different_unclear
1786194978795,free_text,42720.0,partial:долгий долгий долгий долгий,partial:долгий долгий долгий,partial:долгий долгий долгий долгий,partial:долгий долгий,partial:долгий долгий долгий долгий,different_unclear
1786194978795,free_text,42800.0,partial:долгий долгий долгий долгий,partial:долгий долгий долгий,partial:долгий долгий долгий долгий,partial:долгий долгий,partial:долгий долгий долгий долгий,different_unclear
1786194978795,free_text,42880.0,partial:долгий долгий долгий долгий,partial:долгий долгий долгий,partial:долгий долгий долгий долгий,partial:долгий долгий,partial:долгий долгий долгий долгий,different_unclear
1786194978795,free_text,42960.0,partial:долгий долгий долгий долгий,partial:долгий долгий долгий,partial:долгий долгий долгий долгий,partial:долгий долгий,partial:долгий долгий долгий долгий,different_unclear
1786194978795,free_text,43040.0,partial:долгий долгий долгий долгий,partial:долгий долгий долгий,partial:долгий долгий долгий долгий,partial:долгий долгий,partial:долгий долгий долгий долгий,different_unclear
1786194978795,free_text,43120.0,partial:долгий долгий долгий долгий,partial:долгий долгий долгий,partial:долгий долгий долгий долгий,partial:долгий долгий,partial:долгий долгий долгий долгий,different_unclear
1786194978795,free_text,43200.0,partial:долгий долгий долгий долгий,partial:долгий долгий долгий,partial:долгий долгий долгий долгий,partial:долгий долгий,partial:долгий долгий долгий долгий,different_unclear
1786194978795,free_text,43280.0,partial:долгий долгий долгий долгий,partial:долгий долгий долгий,partial:долгий долгий долгий долгий,partial:долгий долгий,partial:долгий долгий долгий долгий,different_unclear
1786194978795,free_text,43360.0,partial:долгий долгий долгий долгий,partial:долгий долгий долгий,partial:долгий долгий долгий долгий,partial:долгий долгий,partial:долгий долгий долгий долгий,different_unclear
1786194978795,free_text,43440.0,partial:долгий долгий долгий долгий,partial:долгий долгий долгий,partial:долгий долгий долгий долгий,partial:долгий долгий,partial:долгий долгий долгий долгий,different_unclear
1786194978795,free_text,43520.0,partial:долгий долгий долгий долгий,partial:долгий долгий долгий,partial:долгий долгий долгий долгий,partial:долгий долгий,partial:долгий долгий долгий долгий,different_unclear
1786194978795,free_text,43600.0,partial:долгий долгий долгий долгий,partial:долгий долгий долгий,partial:долгий долгий долгий долгий,partial:долгий долгий,partial:долгий долгий долгий долгий,different_unclear
1786194978795,free_text,43680.0,partial:долгий долгий долгий долгий,partial:долгий долгий долгий,partial:долгий долгий долгий долгий,partial:долгий долгий,partial:долгий долгий долгий долгий,different_unclear
1786194978795,free_text,43760.0,partial:долгий долгий долгий долгий,partial:долгий долгий долгий,partial:долгий долгий долгий долгий,partial:долгий долгий,partial:долгий долгий долгий долгий,different_unclear
1786194978795,free_text,43840.0,partial:долгий долгий долгий долгий,partial:долгий долгий долгий,partial:долгий долгий долгий долгий,partial:долгий долгий,partial:долгий долгий долгий долгий,different_unclear
1786194978795,free_text,43920.0,partial:долгий долгий долгий долгий,partial:долгий долгий долгий,partial:долгий долгий долгий долгий,partial:долгий долгий,partial:долгий долгий долгий долгий,different_unclear
1786194978795,free_text,44000.0,partial:долгий долгий долгий долгий,partial:долгий долгий долгий,partial:долгий долгий долгий долгий,partial:долгий долгий,partial:долгий долгий долгий долгий,different_unclear
1786194978795,free_text,44080.0,partial:долгий долгий долгий долгий,partial:долгий долгий долгий,partial:долгий долгий долгий долгий,partial:долгий долгий,partial:долгий долгий долгий долгий,different_unclear
1786194978795,free_text,44160.0,partial:долгий долгий долгий долгий,partial:долгий долгий долгий,partial:долгий долгий долгий долгий,partial:долгий долгий,partial:долгий долгий долгий долгий,different_unclear
1786194978795,free_text,44240.0,partial:долгий долгий долгий долгий,partial:долгий долгий долгий,partial:долгий долгий долгий долгий,partial:долгий долгий,partial:долгий долгий долгий долгий,different_unclear
1786194978795,free_text,44320.0,partial:долгий долгий долгий долгий,partial:долгий долгий долгий,partial:долгий долгий долгий долгий,partial:долгий долгий,partial:долгий долгий долгий долгий,different_unclear
1786194978795,free_text,44400.0,partial:долгий долгий долгий долгий,partial:долгий долгий долгий,partial:долгий долгий долгий долгий,partial:долгий долгий,partial:долгий долгий долгий долгий,different_unclear
1786194978795,free_text,44480.0,partial:долгий долгий долгий долгий,partial:долгий долгий долгий,partial:долгий долгий долгий долгий,partial:долгий долгий,partial:долгий долгий долгий долгий,different_unclear
1786194978795,free_text,44560.0,partial:долгий долгий долгий долгий,partial:долгий долгий долгий,partial:долгий долгий долгий долгий,partial:долгий долгий,partial:долгий долгий долгий долгий,different_unclear
1786194978795,free_text,44640.0,partial:долгий долгий долгий долгий,partial:долгий долгий долгий,partial:долгий долгий долгий долгий,partial:долгий долгий,partial:долгий долгий долгий долгий,different_unclear
1786194978795,free_text,44720.0,partial:долгий долгий долгий долгий,partial:долгий долгий долгий,partial:долгий долгий долгий долгий,partial:долгий долгий,partial:долгий долгий долгий долгий,different_unclear
1786194978795,free_text,44800.0,partial:долгий долгий долгий долгий,partial:долгий долгий долгий,partial:долгий долгий долгий долгий,partial:долгий долгий,partial:долгий долгий долгий долгий,different_unclear
1786194978795,free_text,44880.0,endpoint:долгий долгий долгий долгий,partial:долгий долгий долгий,partial:долгий долгий долгий долгий,partial:долгий долгий,partial:долгий долгий долгий долгий,different_unclear
1786194978795,free_text,44960.0,partial:,partial:долгий долгий долгий,partial:долгий долгий долгий долгий,partial:долгий долгий,partial:долгий долгий долгий долгий,different_unclear
1786194978795,free_text,45040.0,partial:,partial:долгий долгий долгий,partial:долгий долгий долгий долгий,partial:долгий долгий,partial:долгий долгий долгий долгий,different_unclear
1786194978795,free_text,45120.0,partial:,partial:долгий долгий долгий,partial:долгий долгий долгий долгий,partial:долгий долгий,partial:долгий долгий долгий долгий,different_unclear
1786194978795,free_text,45200.0,partial:,partial:долгий долгий долгий,partial:долгий долгий долгий долгий,partial:долгий долгий,partial:долгий долгий долгий долгий,different_unclear
1786194978795,free_text,45280.0,partial:,partial:долгий долгий долгий,partial:долгий долгий долгий долгий,partial:долгий долгий,partial:долгий долгий долгий долгий,different_unclear
1786194978795,free_text,45360.0,partial:,partial:долгий долгий долгий был,partial:долгий долгий долгий долгий долгий,partial:долгий долгий долгий,partial:долгий долгий долгий долгий долгий,different_unclear
1786194978795,free_text,45440.0,partial:,partial:долгий долгий долгий был,partial:долгий долгий долгий долгий долгий,partial:долгий долгий долгий,partial:долгий долгий долгий долгий долгий,different_unclear
1786194978795,free_text,45520.0,partial:,partial:долгий долгий долгий был,partial:долгий долгий долгий долгий долгий,partial:долгий долгий долгий,partial:долгий долгий долгий долгий долгий,different_unclear
1786194978795,free_text,45600.0,partial:,partial:долгий долгий долгий был,partial:долгий долгий долгий долгий долгий,partial:долгий долгий долгий,partial:долгий долгий долгий долгий долгий,different_unclear
1786194978795,free_text,45680.0,partial:,partial:долгий долгий долгий был,partial:долгий долгий долгий долгий долгий,partial:долгий долгий долгий,partial:долгий долгий долгий долгий долгий,different_unclear
1786194978795,free_text,45760.0,partial:,partial:долгий долгий долгий был,partial:долгий долгий долгий долгий долгий,partial:долгий долгий долгий,partial:долгий долгий долгий долгий долгий,different_unclear
1786194978795,free_text,45840.0,partial:,partial:долгий долгий долгий долгий,partial:долгий долгий долгий долгий долгий,partial:долгий долгий долгий,partial:долгий долгий долгий долгий долгий,different_unclear
1786194978795,free_text,45920.0,partial:,partial:долгий долгий долгий долгий,partial:долгий долгий долгий долгий долгий,partial:долгий долгий долгий,partial:долгий долгий долгий долгий долгий,different_unclear
1786194978795,free_text,46000.0,partial:,partial:долгий долгий долгий долгий,partial:долгий долгий долгий долгий долгий,partial:долгий долгий долгий,partial:долгий долгий долгий долгий долгий,different_unclear
1786194978795,free_text,46080.0,partial:,partial:долгий долгий долгий долгий,partial:долгий долгий долгий долгий долгий,partial:долгий долгий долгий,partial:долгий долгий долгий долгий долгий,different_unclear
1786194978795,free_text,46160.0,partial:,partial:долгий долгий долгий долгий,partial:долгий долгий долгий долгий долгий,partial:долгий долгий долгий,partial:долгий долгий долгий долгий долгий,different_unclear
1786194978795,free_text,46240.0,partial:,partial:долгий долгий долгий долгий,partial:долгий долгий долгий долгий долгий,partial:долгий долгий долгий,partial:долгий долгий долгий долгий долгий,different_unclear
1786194978795,free_text,46320.0,partial:,partial:долгий долгий долгий долгий,partial:долгий долгий долгий долгий долгий,partial:долгий долгий долгий,partial:долгий долгий долгий долгий долгий,different_unclear
1786194978795,free_text,46400.0,partial:,partial:долгий долгий долгий долгий,partial:долгий долгий долгий долгий долгий,partial:долгий долгий долгий,partial:долгий долгий долгий долгий долгий,different_unclear
1786194978795,free_text,46480.0,partial:,partial:долгий долгий долгий долгий,partial:долгий долгий долгий долгий долгий,partial:долгий долгий долгий,partial:долгий долгий долгий долгий долгий,different_unclear
1786194978795,free_text,46560.0,partial:,partial:долгий долгий долгий долгий,partial:долгий долгий долгий долгий долгий,partial:долгий долгий долгий,partial:долгий долгий долгий долгий долгий,different_unclear
1786194978795,free_text,46640.0,partial:,partial:долгий долгий долгий долгий,partial:долгий долгий долгий долгий долгий,partial:долгий долгий долгий,partial:долгий долгий долгий долгий долгий,different_unclear
1786194978795,free_text,46720.0,partial:,partial:долгий долгий долгий долгий,partial:долгий долгий долгий долгий долгий,partial:долгий долгий долгий,partial:долгий долгий долгий долгий долгий,different_unclear
1786194978795,free_text,46800.0,partial:,partial:долгий долгий долгий долгий,partial:долгий долгий долгий долгий долгий,partial:долгий долгий долгий,partial:долгий долгий долгий долгий долгий,different_unclear
1786194978795,free_text,46880.0,partial:,partial:долгий долгий долгий долгий,partial:долгий долгий долгий долгий долгий,partial:долгий долгий долгий,partial:долгий долгий долгий долгий долгий,different_unclear
1786194978795,free_text,46960.0,partial:,partial:долгий долгий долгий долгий,partial:долгий долгий долгий долгий долгий,partial:долгий долгий долгий,partial:долгий долгий долгий долгий долгий,different_unclear
1786194978795,free_text,47040.0,partial:,partial:долгий долгий долгий долгий,partial:долгий долгий долгий долгий долгий,partial:долгий долгий долгий,partial:долгий долгий долгий долгий долгий,different_unclear
1786194978795,free_text,47120.0,partial:,partial:долгий долгий долгий долгий,partial:долгий долгий долгий долгий долгий,partial:долгий долгий долгий,partial:долгий долгий долгий долгий долгий,different_unclear
1786194978795,free_text,47200.0,partial:,partial:долгий долгий долгий долгий,partial:долгий долгий долгий долгий долгий,partial:долгий долгий долгий,partial:долгий долгий долгий долгий долгий,different_unclear
1786194978795,free_text,47280.0,partial:,partial:долгий долгий долгий долгий,partial:долгий долгий долгий долгий долгий,partial:долгий долгий долгий,partial:долгий долгий долгий долгий долгий,different_unclear
1786194978795,free_text,47360.0,partial:,partial:долгий долгий долгий долгий,partial:долгий долгий долгий долгий долгий,partial:долгий долгий долгий,partial:долгий долгий долгий долгий долгий,different_unclear
1786194978795,free_text,47440.0,partial:,partial:долгий долгий долгий долгий,partial:долгий долгий долгий долгий долгий,partial:долгий долгий долгий,partial:долгий долгий долгий долгий долгий,different_unclear
1786194978795,free_text,47520.0,partial:,partial:долгий долгий долгий долгий,partial:долгий долгий долгий долгий долгий,partial:долгий долгий долгий,partial:долгий долгий долгий долгий долгий,different_unclear
1786194978795,free_text,47600.0,partial:,partial:долгий долгий долгий долгий,partial:долгий долгий долгий долгий долгий,partial:долгий долгий долгий,partial:долгий долгий долгий долгий долгий,different_unclear
1786194978795,free_text,47680.0,partial:,partial:долгий долгий долгий долгий,partial:долгий долгий долгий долгий долгий,partial:долгий долгий долгий,partial:долгий долгий долгий долгий долгий,different_unclear
1786194978795,free_text,47760.0,partial:,endpoint:долгий долгий долгий долгий,endpoint:долгий долгий долгий долгий долгий,endpoint:долгий долгий бобби,endpoint:долгий долгий долгий долгий бобби,different_unclear
1786194978795,free_text,49200.0,partial:был ты был и,partial:болты,partial:болты,partial:болты,partial:болты,different_unclear
1786194978795,free_text,49280.0,partial:был ты был и,partial:болты,partial:болты,partial:болты,partial:болты,different_unclear
1786194978795,free_text,49360.0,partial:был ты был и,partial:болты,partial:болты,partial:болты,partial:болты,different_unclear
1786194978795,free_text,49440.0,partial:был ты был и,partial:болты,partial:болты,partial:болты,partial:болты,different_unclear
1786194978795,free_text,49520.0,partial:был ты был и,partial:болты,partial:болты,partial:болты,partial:болты,different_unclear
1786194978795,free_text,49600.0,partial:был ты был и,partial:болты,partial:болты,partial:болты,partial:болты,different_unclear
1786194978795,free_text,49680.0,partial:был ты был и,partial:болты,partial:болты,partial:болты,partial:болты,different_unclear
1786194978795,free_text,49760.0,partial:был ты был и,partial:болты,partial:болты,partial:болты,partial:болты,different_unclear
1786194978795,free_text,49840.0,partial:был ты был и,partial:болты,partial:болты,partial:болты,partial:болты,different_unclear
1786194978795,free_text,49920.0,partial:был ты был и,partial:болты,partial:болты,partial:болты,partial:болты,different_unclear
1786194978795,free_text,50000.0,partial:был ты был и,partial:болты,partial:болты,partial:болты,partial:болты,different_unclear
1786194978795,free_text,50080.0,partial:был ты был и,partial:болты,partial:болты,partial:болты,partial:болты,different_unclear
1786194978795,free_text,50160.0,partial:был ты был и,partial:болты,partial:болты,partial:болты,partial:болты,different_unclear
1786194978795,free_text,50240.0,partial:был ты был и,partial:болты,partial:болты,partial:болты,partial:болты,different_unclear
1786194978795,free_text,50320.0,partial:был ты был и,partial:болты,partial:болты,partial:болты,partial:болты,different_unclear
1786194978795,free_text,50400.0,partial:был ты был и,partial:болты,partial:болты,partial:болты,partial:болты,different_unclear
1786194978795,free_text,50480.0,partial:был ты был и,partial:болты,partial:болты,partial:болты,partial:болты,different_unclear
1786194978795,free_text,50560.0,partial:был ты был и,partial:болты,partial:болты,partial:болты,partial:болты,different_unclear
1786194978795,free_text,50640.0,partial:был ты был и,partial:болты,partial:болты,partial:болты,partial:болты,different_unclear
1786194978795,free_text,50720.0,partial:был ты был и,partial:болты,partial:болты,partial:болты,partial:болты,different_unclear
1786194978795,free_text,50800.0,partial:был ты был и,partial:болты,partial:болты,partial:болты,partial:болты,different_unclear
1786194978795,free_text,50880.0,partial:был ты был и,partial:болты,partial:болты,partial:болты,partial:болты,different_unclear
1786194978795,free_text,50960.0,partial:был ты был и,partial:болты,partial:болты,partial:болты,partial:болты,different_unclear
1786194978795,free_text,51040.0,partial:был ты был и,partial:болты,partial:болты,partial:болты,partial:болты,different_unclear
1786194978795,free_text,51120.0,partial:был ты был и,partial:болты,partial:болты,partial:болты,partial:болты,different_unclear
1786194978795,free_text,51200.0,partial:был ты был и,partial:болты,partial:болты,partial:болты,partial:болты,different_unclear
1786194978795,free_text,51280.0,partial:был ты был и,partial:болты,partial:болты,partial:болты,partial:болты,different_unclear
1786194978795,free_text,51360.0,partial:был ты был и,partial:болты,partial:болты,partial:болты,partial:болты,different_unclear
1786194978795,free_text,51440.0,partial:был ты был и,partial:болты,partial:болты,partial:болты,partial:болты,different_unclear
1786194978795,free_text,51520.0,partial:был ты был и,partial:болты,partial:болты,partial:болты,partial:болты,different_unclear
1786194978795,free_text,51600.0,partial:был ты был и,endpoint:болты,partial:болты,partial:болты,partial:болты,different_unclear
1786194978795,free_text,51680.0,partial:был ты был и,partial:,partial:болты,partial:болты,partial:болты,different_unclear
1786194978795,free_text,51760.0,partial:был ты был и,partial:,partial:болты,partial:болты,partial:болты,different_unclear
1786194978795,free_text,51840.0,partial:был ты был и,partial:,partial:болты,partial:болты,partial:болты,different_unclear
1786194978795,free_text,51920.0,partial:был ты был и,partial:,partial:болты,partial:болты,partial:болты,different_unclear
1786194978795,free_text,52000.0,partial:был ты был и,partial:,partial:болты,partial:болты,partial:болты,different_unclear
1786194978795,free_text,52080.0,partial:был ты был пить алкоголь,partial:,endpoint:болты болты,partial:болты был,partial:долгий долгий,different_unclear
1786194978795,free_text,52160.0,partial:был ты был пить алкоголь,partial:,partial:,partial:болты был,partial:долгий долгий,different_unclear
1786194978795,free_text,52240.0,partial:был ты был пить алкоголь,partial:,partial:,partial:болты был,partial:долгий долгий,different_unclear
1786194978795,free_text,52320.0,partial:был ты был пить алкоголь,partial:,partial:,partial:болты был,partial:долгий долгий,different_unclear
1786194978795,free_text,52400.0,partial:был ты был пить алкоголь,partial:,partial:,partial:болты был,partial:долгий долгий,different_unclear
1786194978795,free_text,52480.0,partial:был ты был пить алкоголь,partial:,partial:,partial:болты был,partial:долгий долгий,different_unclear
1786194978795,free_text,52560.0,partial:был ты был и науки,partial:,partial:,partial:болты долбить,partial:долгий долгий,different_unclear
1786194978795,free_text,52640.0,partial:был ты был и науки,partial:,partial:,partial:болты долбить,partial:долгий долгий,different_unclear
1786194978795,free_text,52720.0,partial:был ты был и науки,partial:,partial:,partial:болты долбить,partial:долгий долгий,different_unclear
1786194978795,free_text,52800.0,partial:был ты был и науки,partial:,partial:,partial:болты долбить,partial:долгий долгий,different_unclear
1786194978795,free_text,52880.0,partial:был ты был и науки,partial:,partial:,partial:болты долбить,partial:долгий долгий,different_unclear
1786194978795,free_text,52960.0,partial:был ты был и науки,partial:,partial:,partial:болты долбить,partial:долгий долгий,different_unclear
1786194978795,free_text,53040.0,partial:был ты был и науки,partial:,partial:,partial:болты долбить,partial:долгий долгий,different_unclear
1786194978795,free_text,53120.0,partial:был ты был и науки,partial:,partial:,partial:болты долбить,partial:долгий долгий,different_unclear
1786194978795,free_text,53200.0,partial:был ты был и науки,partial:,partial:,partial:болты долбить,partial:долгий долгий,different_unclear
1786194978795,free_text,53280.0,partial:был ты был и науки,partial:,partial:,partial:болты долбить,partial:долгий долгий,different_unclear
1786194978795,free_text,53360.0,partial:был ты был и науки,partial:,partial:,partial:болты долбить,partial:долгий долгий,different_unclear
1786194978795,free_text,53440.0,partial:был ты был и науки,partial:,partial:,partial:болты долбить,partial:долгий долгий,different_unclear
1786194978795,free_text,53520.0,endpoint:был ты был и науки,partial:,partial:,partial:болты долбить,partial:долгий долгий,different_unclear
1786194978795,free_text,53600.0,partial:,partial:,partial:,partial:болты долбить,partial:долгий долгий,different_unclear
1786194978795,free_text,53680.0,partial:,partial:,partial:,partial:болты долбить,partial:долгий долгий,different_unclear
1786194978795,free_text,53760.0,partial:,partial:,partial:,partial:болты долбить,partial:долгий долгий,different_unclear
1786194978795,free_text,53840.0,partial:,partial:,partial:,partial:болты долбить,partial:долгий долгий,different_unclear
1786194978795,free_text,53920.0,partial:,partial:,partial:,partial:болты долбить,partial:долгий долгий,different_unclear
1786194978795,free_text,54000.0,partial:,partial:,partial:,partial:болты долбить,partial:долгий долгий,different_unclear
1786194978795,free_text,54080.0,partial:,partial:,partial:,partial:болты долбить,partial:долгий долгий,different_unclear
1786194978795,free_text,54160.0,partial:,partial:,partial:,partial:болты долбить,partial:долгий долгий,different_unclear
1786194978795,free_text,54240.0,partial:,partial:,partial:,partial:болты долбить,partial:долгий долгий,different_unclear
1786194978795,free_text,54320.0,partial:,partial:,partial:,partial:болты долбить,partial:долгий долгий,different_unclear
1786194978795,free_text,54400.0,partial:,partial:,partial:,partial:болты долбить,partial:долгий долгий,different_unclear
1786194978795,free_text,54480.0,partial:,partial:,partial:,endpoint:болты долбить,endpoint:болты пить,different_unclear
1786194978795,free_text,59280.0,partial:долгой,partial:болты,partial:болты,partial:бобби,partial:бобби,different_unclear
1786194978795,free_text,59360.0,partial:долгой,partial:болты,partial:болты,partial:бобби,partial:бобби,different_unclear
1786194978795,free_text,59440.0,partial:долгой,partial:болты,partial:болты,partial:бобби,partial:бобби,different_unclear
1786194978795,free_text,59520.0,partial:долгой,partial:болты,partial:болты,partial:бобби,partial:бобби,different_unclear
1786194978795,free_text,59600.0,partial:долгой,partial:болты,partial:болты,partial:бобби,partial:бобби,different_unclear
1786194978795,free_text,59680.0,partial:долгой,partial:болты,partial:болты,partial:бобби,partial:бобби,different_unclear
1786194978795,free_text,59760.0,partial:долгой,partial:болты,partial:болты,partial:бобби,partial:бобби,different_unclear
1786194978795,free_text,59840.0,partial:долгой,partial:болты,partial:болты,partial:бобби,partial:бобби,different_unclear
1786194978795,free_text,59920.0,partial:долгой,partial:болты,partial:болты,partial:бобби,partial:бобби,different_unclear
1786194978795,free_text,60000.0,partial:долгой,partial:болты,partial:болты,partial:бобби,partial:бобби,different_unclear
1786194978795,free_text,60080.0,partial:долгой,partial:болты,partial:болты,partial:бобби,partial:бобби,different_unclear
1786194978795,free_text,60160.0,partial:долгой,partial:болты,partial:болты,partial:бобби,partial:бобби,different_unclear
1786194978795,free_text,60240.0,partial:долгой,partial:болты,partial:болты,partial:бобби,partial:бобби,different_unclear
1786194978795,free_text,60320.0,partial:долгой,partial:болты,partial:болты,partial:бобби,partial:бобби,different_unclear
1786194978795,free_text,60400.0,partial:долгой,partial:болты,partial:болты,partial:бобби,partial:бобби,different_unclear
1786194978795,free_text,60480.0,partial:долгой,partial:болты,partial:болты,partial:бобби,partial:бобби,different_unclear
1786194978795,free_text,60560.0,partial:долгой,partial:болты,partial:болты,partial:бобби,partial:бобби,different_unclear
1786194978795,free_text,60640.0,partial:долгой,partial:болты,partial:болты,partial:бобби,partial:бобби,different_unclear
1786194978795,free_text,60720.0,partial:долгой,partial:болты,partial:болты,partial:бобби,partial:бобби,different_unclear
1786194978795,free_text,60800.0,partial:долгой,partial:болты,partial:болты,partial:бобби,partial:бобби,different_unclear
1786194978795,free_text,60880.0,partial:долгой,partial:болты,partial:болты,partial:бобби,partial:бобби,different_unclear
1786194978795,free_text,60960.0,partial:долгой,partial:болты,partial:болты,partial:бобби,partial:бобби,different_unclear
1786194978795,free_text,61040.0,partial:долгой,partial:болты,partial:болты,partial:бобби,partial:бобби,different_unclear
1786194978795,free_text,61120.0,partial:долгой,partial:болты,partial:болты,partial:бобби,partial:бобби,different_unclear
1786194978795,free_text,61200.0,partial:долгий долгий,partial:болты,partial:болты,partial:бобби,partial:бобби,different_unclear
1786194978795,free_text,61280.0,partial:долгий долгий,partial:болты,partial:болты,partial:бобби,partial:бобби,different_unclear
1786194978795,free_text,61360.0,partial:долгий долгий,partial:болты,partial:болты,partial:бобби,partial:бобби,different_unclear
1786194978795,free_text,61440.0,partial:долгий долгий,partial:болты,partial:болты,partial:бобби,partial:бобби,different_unclear
1786194978795,free_text,61520.0,partial:долгий долгий,partial:болты,partial:болты,partial:бобби,partial:бобби,different_unclear
1786194978795,free_text,61600.0,partial:долгий долгий,partial:болты,partial:болты,partial:бобби,partial:бобби,different_unclear
1786194978795,free_text,61680.0,partial:долгий долгий,partial:долгий долгий,partial:долгий долгий,partial:бобби толпы,partial:бобби толпы,different_unclear
1786194978795,free_text,61760.0,partial:долгий долгий,partial:долгий долгий,partial:долгий долгий,partial:бобби толпы,partial:бобби толпы,different_unclear
1786194978795,free_text,61840.0,partial:долгий долгий,partial:долгий долгий,partial:долгий долгий,partial:бобби толпы,partial:бобби толпы,different_unclear
1786194978795,free_text,61920.0,partial:долгий долгий,partial:долгий долгий,partial:долгий долгий,partial:бобби толпы,partial:бобби толпы,different_unclear
1786194978795,free_text,62000.0,partial:долгий долгий,partial:долгий долгий,partial:долгий долгий,partial:бобби толпы,partial:бобби толпы,different_unclear
1786194978795,free_text,62080.0,partial:долгий долгий,partial:долгий долгий,partial:долгий долгий,partial:бобби толпы,partial:бобби толпы,different_unclear
1786194978795,free_text,62160.0,partial:долгий долгий,partial:долгий долгий,partial:долгий долгий,partial:бобби толпы,partial:бобби толпы,different_unclear
1786194978795,free_text,62240.0,partial:долгий долгий,partial:долгий долгий,partial:долгий долгий,partial:бобби толпы,partial:бобби толпы,different_unclear
1786194978795,free_text,62320.0,partial:долгий долгий,partial:долгий долгий,partial:долгий долгий,partial:бобби толпы,partial:бобби толпы,different_unclear
1786194978795,free_text,62400.0,partial:долгий долгий,partial:долгий долгий,partial:долгий долгий,partial:бобби толпы,partial:бобби толпы,different_unclear
1786194978795,free_text,62480.0,partial:долгий долгий,partial:долгий долгий,partial:долгий долгий,partial:бобби толпы,partial:бобби толпы,different_unclear
1786194978795,free_text,62560.0,partial:долгий долгий,partial:долгий долгий,partial:долгий долгий,partial:бобби толпы,partial:бобби толпы,different_unclear
1786194978795,free_text,62640.0,partial:долгий долгий,partial:долгий долгий,partial:долгий долгий,endpoint:бобби толпы,endpoint:бобби толпы,different_unclear
1786194978795,free_text,62720.0,partial:долгий долгий,partial:долгий долгий,partial:долгий долгий,partial:,partial:,different_unclear
1786194978795,free_text,62800.0,partial:долгий долгий,partial:долгий долгий,partial:долгий долгий,partial:,partial:,different_unclear
1786194978795,free_text,62880.0,partial:долгий долгий,partial:долгий долгий,partial:долгий долгий,partial:,partial:,different_unclear
1786194978795,free_text,62960.0,partial:долгий долгий,partial:долгий долгий,partial:долгий долгий,partial:,partial:,different_unclear
1786194978795,free_text,63040.0,partial:долгий долгий,partial:долгий долгий,partial:долгий долгий,partial:,partial:,different_unclear
1786194978795,free_text,63120.0,partial:долгий долгий,partial:долгий долгий,partial:долгий долгий,partial:,partial:,different_unclear
1786194978795,free_text,63200.0,partial:долгий долгий,partial:долгий долгий,partial:долгий долгий,partial:,partial:,different_unclear
1786194978795,free_text,63280.0,partial:долгий долгий,partial:долгий долгий,partial:долгий долгий,partial:,partial:,different_unclear
1786194978795,free_text,63360.0,partial:долгий долгий,partial:долгий долгий,partial:долгий долгий,partial:,partial:,different_unclear
1786194978795,free_text,63440.0,partial:долгий долгий,partial:долгий долгий,partial:долгий долгий,partial:,partial:,different_unclear
1786194978795,free_text,63520.0,partial:долгий долгий,partial:долгий долгий,partial:долгий долгий,partial:,partial:,different_unclear
1786194978795,free_text,63600.0,endpoint:долгий долгий,endpoint:купить долгий долгий,endpoint:долгий толпы,partial:,partial:,different_unclear
1786194978795,free_text,67920.0,partial:болтун,partial:балки,partial:балки,partial:болты,partial:,different_unclear
1786194978795,free_text,68000.0,partial:болтун,partial:балки,partial:балки,partial:болты,partial:,different_unclear
1786194978795,free_text,68080.0,partial:болтун,partial:балки,partial:балки,partial:болты,partial:,different_unclear
1786194978795,free_text,68160.0,partial:болтун,partial:балки,partial:балки,partial:болты,partial:,different_unclear
1786194978795,free_text,68240.0,partial:болтун,partial:балки,partial:балки,partial:болты,partial:,different_unclear
1786194978795,free_text,68320.0,partial:болтун,partial:балки,partial:балки,partial:болты,partial:,different_unclear
1786194978795,free_text,68400.0,partial:болтун,partial:балки,partial:балки,partial:болты,partial:,different_unclear
1786194978795,free_text,68480.0,partial:болтун,partial:балки,partial:балки,partial:болты,partial:,different_unclear
1786194978795,free_text,68560.0,partial:болтун,partial:балки,partial:балки,partial:болты,partial:,different_unclear
1786194978795,free_text,68640.0,partial:болтун,partial:балки,partial:балки,partial:болты,partial:,different_unclear
1786194978795,free_text,68720.0,partial:болтун,partial:балки,partial:балки,partial:болты,partial:,different_unclear
1786194978795,free_text,68800.0,partial:болтун,partial:балки,partial:балки,partial:болты,partial:,different_unclear
1786194978795,free_text,68880.0,endpoint:болтун,partial:балки,partial:балки,partial:болты,partial:,different_unclear
1786194978795,free_text,68960.0,partial:,partial:балки,partial:балки,partial:болты,partial:,different_unclear
1786194978795,free_text,69040.0,partial:,partial:балки,partial:балки,partial:болты,partial:,different_unclear
1786194978795,free_text,69120.0,partial:,partial:балки,partial:балки,partial:болты,partial:,different_unclear
1786194978795,free_text,69200.0,partial:,partial:балки,partial:балки,partial:болты,partial:,different_unclear
1786194978795,free_text,69280.0,partial:,partial:балки,partial:балки,partial:болты,partial:,different_unclear
1786194978795,free_text,69360.0,partial:,partial:балки,partial:балки,partial:болты,partial:,different_unclear
1786194978795,free_text,69440.0,partial:,partial:балки,partial:балки,partial:болты,partial:,different_unclear
1786194978795,free_text,69520.0,partial:,partial:балки,partial:балки,partial:болты,partial:,different_unclear
1786194978795,free_text,69600.0,partial:,partial:балки,partial:балки,partial:болты,partial:,different_unclear
1786194978795,free_text,69680.0,partial:,partial:балки,partial:балки,partial:болты,partial:,different_unclear
1786194978795,free_text,69760.0,partial:,partial:балки,partial:балки,partial:болты,partial:,different_unclear
1786194978795,free_text,69840.0,partial:,endpoint:балки,endpoint:балки,partial:болты,partial:,different_unclear
1786194978795,free_text,69920.0,partial:,partial:,partial:,partial:болты,partial:,different_unclear
1786194978795,free_text,70000.0,partial:,partial:,partial:,partial:болты,partial:,different_unclear
1786194978795,free_text,70080.0,partial:,partial:,partial:,partial:болты,partial:,different_unclear
1786194978795,free_text,70160.0,partial:,partial:,partial:,partial:болты,partial:,different_unclear
1786194978795,free_text,70240.0,partial:,partial:,partial:,partial:болты,partial:,different_unclear
1786194978795,free_text,70320.0,partial:,partial:,partial:,endpoint:болты,partial:,different_unclear
1786194978795,free_text,71280.0,partial:моделей,partial:моделей,partial:моделей,partial:могили,partial:бобби фаррелли,different_unclear
1786194978795,free_text,71360.0,partial:моделей,partial:моделей,partial:моделей,partial:могили,partial:бобби фаррелли,different_unclear
1786194978795,free_text,71440.0,partial:моделей,partial:моделей,partial:моделей,partial:могили,partial:бобби фаррелли,different_unclear
1786194978795,free_text,71520.0,partial:моделей,partial:моделей,partial:моделей,partial:могили,partial:бобби фаррелли,different_unclear
1786194978795,free_text,71600.0,partial:моделей,partial:моделей,partial:моделей,partial:могили,partial:бобби фаррелли,different_unclear
1786194978795,free_text,71680.0,partial:моделей,partial:моделей,partial:моделей,partial:могили,partial:бобби фаррелли,different_unclear
1786194978795,free_text,71760.0,partial:моделей,partial:моделей,partial:моделей,partial:могили,partial:бобби фаррелли,different_unclear
1786194978795,free_text,71840.0,partial:моделей,partial:моделей,partial:моделей,partial:могили,partial:бобби фаррелли,different_unclear
1786194978795,free_text,71920.0,partial:моделей,partial:моделей,partial:моделей,partial:могили,partial:бобби фаррелли,different_unclear
1786194978795,free_text,72000.0,partial:моделей,partial:моделей,partial:моделей,partial:могили,partial:бобби фаррелли,different_unclear
1786194978795,free_text,72080.0,partial:моделей,partial:моделей,partial:моделей,partial:могили,partial:бобби фаррелли,different_unclear
1786194978795,free_text,72160.0,partial:моделей,partial:моделей,partial:моделей,partial:могили,partial:бобби фаррелли,different_unclear
1786194978795,free_text,72240.0,endpoint:моделей,endpoint:моделей,endpoint:моделей,partial:могили,partial:бобби фаррелли,different_unclear
1786194978795,free_text,72320.0,partial:,partial:,partial:,partial:могили,partial:бобби фаррелли,different_unclear
1786194978795,free_text,72400.0,partial:,partial:,partial:,partial:могили,partial:бобби фаррелли,different_unclear
1786194978795,free_text,72480.0,partial:,partial:,partial:,partial:могили,partial:бобби фаррелли,different_unclear
1786194978795,free_text,72560.0,partial:,partial:,partial:,partial:могили,partial:бобби фаррелли,different_unclear
1786194978795,free_text,72640.0,partial:,partial:,partial:,partial:могили,partial:бобби фаррелли,different_unclear
1786194978795,free_text,72720.0,partial:,partial:,partial:,partial:могили,partial:бобби фаррелли,different_unclear
1786194978795,free_text,72800.0,partial:,partial:,partial:,partial:могили,partial:бобби фаррелли,different_unclear
1786194978795,free_text,72880.0,partial:,partial:,partial:,partial:могили,partial:бобби фаррелли,different_unclear
1786194978795,free_text,72960.0,partial:,partial:,partial:,partial:могили,partial:бобби фаррелли,different_unclear
1786194978795,free_text,73040.0,partial:,partial:,partial:,partial:могили,partial:бобби фаррелли,different_unclear
1786194978795,free_text,73120.0,partial:,partial:,partial:,partial:могили,partial:бобби фаррелли,different_unclear
1786194978795,free_text,73200.0,partial:,partial:,partial:,endpoint:моделей,endpoint:болты моделей,different_unclear
1786194978795,free_text,86640.0,partial:доступность,partial:,partial:,partial:,partial:,different_unclear
1786194978795,free_text,86720.0,partial:доступность,partial:,partial:,partial:,partial:,different_unclear
1786194978795,free_text,86800.0,partial:доступность,partial:,partial:,partial:,partial:,different_unclear
1786194978795,free_text,86880.0,partial:доступность,partial:,partial:,partial:,partial:,different_unclear
1786194978795,free_text,86960.0,partial:доступность,partial:,partial:,partial:,partial:,different_unclear
1786194978795,free_text,87040.0,partial:доступность,partial:,partial:,partial:,partial:,different_unclear
1786194978795,free_text,87120.0,partial:доступность,partial:,partial:,partial:,partial:,different_unclear
1786194978795,free_text,87200.0,partial:доступность,partial:,partial:,partial:,partial:,different_unclear
1786194978795,free_text,87280.0,partial:доступность,partial:,partial:,partial:,partial:,different_unclear
1786194978795,free_text,87360.0,partial:доступность,partial:,partial:,partial:,partial:,different_unclear
1786194978795,free_text,87440.0,partial:доступность,partial:,partial:,partial:,partial:,different_unclear
1786194978795,free_text,87520.0,partial:доступность,partial:,partial:,partial:,partial:,different_unclear
1786194978795,free_text,87600.0,partial:доступность,partial:,partial:,partial:,partial:,different_unclear
1786194978795,free_text,87680.0,partial:доступность,partial:,partial:,partial:,partial:,different_unclear
1786194978795,free_text,87760.0,partial:доступность,partial:,partial:,partial:,partial:,different_unclear
1786194978795,free_text,87840.0,partial:доступность,partial:,partial:,partial:,partial:,different_unclear
1786194978795,free_text,87920.0,partial:доступность,partial:,partial:,partial:,partial:,different_unclear
1786194978795,free_text,88000.0,partial:доступность,partial:,partial:,partial:,partial:,different_unclear
1786194978795,free_text,88080.0,partial:доступность,partial:,partial:,partial:,partial:,different_unclear
1786194978795,free_text,88160.0,partial:доступность,partial:,partial:,partial:,partial:,different_unclear
1786194978795,free_text,88240.0,partial:доступность,partial:,partial:,partial:,partial:,different_unclear
1786194978795,free_text,88320.0,partial:доступность,partial:,partial:,partial:,partial:,different_unclear
1786194978795,free_text,88400.0,partial:доступность,partial:,partial:,partial:,partial:,different_unclear
1786194978795,free_text,88480.0,partial:доступность,partial:,partial:,partial:,partial:,different_unclear
1786194978795,free_text,88560.0,endpoint:доступность,partial:,partial:,partial:,partial:,different_unclear
1786194978795,free_text,90000.0,partial:,endpoint:доступность,endpoint:доступность,endpoint:доступность,endpoint:,different_unclear
1786194978795,free_text,91920.0,partial:да только,partial:да тут,partial:да тут,partial:да тут,partial:да тут,different_unclear
1786194978795,free_text,92000.0,partial:да только,partial:да тут,partial:да тут,partial:да тут,partial:да тут,different_unclear
1786194978795,free_text,92080.0,partial:да только,partial:да тут,partial:да тут,partial:да тут,partial:да тут,different_unclear
1786194978795,free_text,92160.0,partial:да только,partial:да тут,partial:да тут,partial:да тут,partial:да тут,different_unclear
1786194978795,free_text,92240.0,partial:да только,partial:да тут,partial:да тут,partial:да тут,partial:да тут,different_unclear
1786194978795,free_text,92320.0,partial:да только,partial:да тут,partial:да тут,partial:да тут,partial:да тут,different_unclear
1786194978795,free_text,92400.0,partial:доступности,partial:доступность,partial:доступность,partial:доступность,partial:доступность,different_unclear
1786194978795,free_text,92480.0,partial:доступности,partial:доступность,partial:доступность,partial:доступность,partial:доступность,different_unclear
1786194978795,free_text,92560.0,partial:доступности,partial:доступность,partial:доступность,partial:доступность,partial:доступность,different_unclear
1786194978795,free_text,92640.0,partial:доступности,partial:доступность,partial:доступность,partial:доступность,partial:доступность,different_unclear
1786194978795,free_text,92720.0,partial:доступности,partial:доступность,partial:доступность,partial:доступность,partial:доступность,different_unclear
1786194978795,free_text,92800.0,partial:доступности,partial:доступность,partial:доступность,partial:доступность,partial:доступность,different_unclear
1786194978795,free_text,92880.0,partial:доступности,partial:доступность,partial:доступность,partial:доступность,partial:доступность,different_unclear
1786194978795,free_text,92960.0,partial:доступности,partial:доступность,partial:доступность,partial:доступность,partial:доступность,different_unclear
1786194978795,free_text,93040.0,partial:доступности,partial:доступность,partial:доступность,partial:доступность,partial:доступность,different_unclear
1786194978795,free_text,93120.0,partial:доступности,partial:доступность,partial:доступность,partial:доступность,partial:доступность,different_unclear
1786194978795,free_text,93200.0,partial:доступности,partial:доступность,partial:доступность,partial:доступность,partial:доступность,different_unclear
1786194978795,free_text,93280.0,partial:доступности,partial:доступность,partial:доступность,partial:доступность,partial:доступность,different_unclear
1786194978795,free_text,93360.0,partial:доступности,partial:доступность,partial:доступность,partial:доступность,partial:доступность,different_unclear
1786194978795,free_text,93440.0,partial:доступности,partial:доступность,partial:доступность,partial:доступность,partial:доступность,different_unclear
1786194978795,free_text,93520.0,partial:доступности,partial:доступность,partial:доступность,partial:доступность,partial:доступность,different_unclear
1786194978795,free_text,93600.0,partial:доступности,partial:доступность,partial:доступность,partial:доступность,partial:доступность,different_unclear
1786194978795,free_text,93680.0,partial:доступности,partial:доступность,partial:доступность,partial:доступность,partial:доступность,different_unclear
1786194978795,free_text,93760.0,partial:доступности,partial:доступность,partial:доступность,partial:доступность,partial:доступность,different_unclear
1786194978795,free_text,93840.0,partial:доступности,partial:доступность,partial:доступность,partial:доступность,partial:доступность,different_unclear
1786194978795,free_text,93920.0,partial:доступности,partial:доступность,partial:доступность,partial:доступность,partial:доступность,different_unclear
1786194978795,free_text,94000.0,partial:доступности,partial:доступность,partial:доступность,partial:доступность,partial:доступность,different_unclear
1786194978795,free_text,94080.0,partial:доступности,partial:доступность,partial:доступность,partial:доступность,partial:доступность,different_unclear
1786194978795,free_text,94160.0,partial:доступности,partial:доступность,partial:доступность,partial:доступность,partial:доступность,different_unclear
1786194978795,free_text,94240.0,partial:доступности,partial:доступность,partial:доступность,partial:доступность,partial:доступность,different_unclear
1786194978795,free_text,94320.0,partial:доступности для,partial:доступность,partial:доступность,partial:доступность,partial:доступность,different_unclear
1786194978795,free_text,94400.0,partial:доступности для,partial:доступность,partial:доступность,partial:доступность,partial:доступность,different_unclear
1786194978795,free_text,94480.0,partial:доступности для,partial:доступность,partial:доступность,partial:доступность,partial:доступность,different_unclear
1786194978795,free_text,94560.0,partial:доступности для,partial:доступность,partial:доступность,partial:доступность,partial:доступность,different_unclear
1786194978795,free_text,94640.0,partial:доступности для,partial:доступность,partial:доступность,partial:доступность,partial:доступность,different_unclear
1786194978795,free_text,94720.0,partial:доступности для,partial:доступность,partial:доступность,partial:доступность,partial:доступность,different_unclear
1786194978795,free_text,94800.0,partial:доступности,endpoint:доступность,endpoint:доступность,endpoint:доступность,endpoint:доступность,different_unclear
1786194978795,free_text,94880.0,partial:доступности,partial:,partial:,partial:,partial:,different_unclear
1786194978795,free_text,94960.0,partial:доступности,partial:,partial:,partial:,partial:,different_unclear
1786194978795,free_text,95040.0,partial:доступности,partial:,partial:,partial:,partial:,different_unclear
1786194978795,free_text,95120.0,partial:доступности,partial:,partial:,partial:,partial:,different_unclear
1786194978795,free_text,95200.0,partial:доступности,partial:,partial:,partial:,partial:,different_unclear
1786194978795,free_text,95280.0,partial:доступности доступность,partial:,partial:,partial:,partial:,different_unclear
1786194978795,free_text,95360.0,partial:доступности доступность,partial:,partial:,partial:,partial:,different_unclear
1786194978795,free_text,95440.0,partial:доступности доступность,partial:,partial:,partial:,partial:,different_unclear
1786194978795,free_text,95520.0,partial:доступности доступность,partial:,partial:,partial:,partial:,different_unclear
1786194978795,free_text,95600.0,partial:доступности доступность,partial:,partial:,partial:,partial:,different_unclear
1786194978795,free_text,95680.0,partial:доступности доступность,partial:,partial:,partial:,partial:,different_unclear
1786194978795,free_text,95760.0,partial:доступности доступность,partial:,partial:,partial:,partial:,different_unclear
1786194978795,free_text,95840.0,partial:доступности доступность,partial:,partial:,partial:,partial:,different_unclear
1786194978795,free_text,95920.0,partial:доступности доступность,partial:,partial:,partial:,partial:,different_unclear
1786194978795,free_text,96000.0,partial:доступности доступность,partial:,partial:,partial:,partial:,different_unclear
1786194978795,free_text,96080.0,partial:доступности доступность,partial:,partial:,partial:,partial:,different_unclear
1786194978795,free_text,96160.0,partial:доступности доступность,partial:,partial:,partial:,partial:,different_unclear
1786194978795,free_text,96240.0,partial:доступности доступность,partial:,partial:,partial:,partial:,different_unclear
1786194978795,free_text,96320.0,partial:доступности доступность,partial:,partial:,partial:,partial:,different_unclear
1786194978795,free_text,96400.0,partial:доступности доступность,partial:,partial:,partial:,partial:,different_unclear
1786194978795,free_text,96480.0,partial:доступности доступность,partial:,partial:,partial:,partial:,different_unclear
1786194978795,free_text,96560.0,partial:доступности доступность,partial:,partial:,partial:,partial:,different_unclear
1786194978795,free_text,96640.0,partial:доступности доступность,partial:,partial:,partial:,partial:,different_unclear
1786194978795,free_text,96720.0,partial:доступности доступность,partial:,partial:,partial:,partial:,different_unclear
1786194978795,free_text,96800.0,partial:доступности доступность,partial:,partial:,partial:,partial:,different_unclear
1786194978795,free_text,96880.0,partial:доступности доступность,partial:,partial:,partial:,partial:,different_unclear
1786194978795,free_text,96960.0,partial:доступности доступность,partial:,partial:,partial:,partial:,different_unclear
1786194978795,free_text,97040.0,partial:доступности доступность,partial:,partial:,partial:,partial:,different_unclear
1786194978795,free_text,97120.0,partial:доступности доступность,partial:,partial:,partial:,partial:,different_unclear
1786194978795,free_text,97200.0,endpoint:дебютной доступности доступность,partial:,partial:,partial:,partial:,different_unclear
1786194978795,free_text,101040.0,partial:доступность,endpoint:доступность,partial:доступность,partial:доступность,partial:доступность,different_unclear
1786194978795,free_text,101120.0,partial:доступность,partial:,partial:доступность,partial:доступность,partial:доступность,different_unclear
1786194978795,free_text,101200.0,partial:доступность,partial:,partial:доступность,partial:доступность,partial:доступность,different_unclear
1786194978795,free_text,101280.0,partial:доступность,partial:,partial:доступность,partial:доступность,partial:доступность,different_unclear
1786194978795,free_text,101360.0,partial:доступность,partial:,partial:доступность,partial:доступность,partial:доступность,different_unclear
1786194978795,free_text,101440.0,partial:доступность,partial:,partial:доступность,partial:доступность,partial:доступность,different_unclear
1786194978795,free_text,101520.0,endpoint:доступность,partial:,endpoint:доступность,endpoint:доступность,endpoint:доступность,different_unclear
1786194978795,free_text,108240.0,partial:доступность,partial:доступность,endpoint:доступность,partial:доступность,partial:доступность,different_unclear
1786194978795,free_text,108320.0,partial:доступность,partial:доступность,partial:,partial:доступность,partial:доступность,different_unclear
1786194978795,free_text,108400.0,partial:доступность,partial:доступность,partial:,partial:доступность,partial:доступность,different_unclear
1786194978795,free_text,108480.0,partial:доступность,partial:доступность,partial:,partial:доступность,partial:доступность,different_unclear
1786194978795,free_text,108560.0,partial:доступность,partial:доступность,partial:,partial:доступность,partial:доступность,different_unclear
1786194978795,free_text,108640.0,partial:доступность,partial:доступность,partial:,partial:доступность,partial:доступность,different_unclear
1786194978795,free_text,108720.0,endpoint:доступность,endpoint:доступность,partial:,endpoint:доступность,endpoint:доступность,different_unclear
1786194978795,free_text,118320.0,partial:,partial:,endpoint:,partial:,partial:,different_unclear
1786194978795,free_text,118800.0,endpoint:,endpoint:,partial:,endpoint:,endpoint:,different_unclear
1786194978795,free_text,128400.0,partial:,partial:,endpoint:,partial:,partial:,different_unclear
1786194978795,free_text,128880.0,endpoint:,endpoint:,partial:,endpoint:,endpoint:,different_unclear
1786194978795,free_text,137520.0,partial:и,partial:,partial:,partial:,partial:,different_unclear
1786194978795,free_text,137600.0,partial:и,partial:,partial:,partial:,partial:,different_unclear
1786194978795,free_text,137680.0,partial:и,partial:,partial:,partial:,partial:,different_unclear
1786194978795,free_text,137760.0,partial:и,partial:,partial:,partial:,partial:,different_unclear
1786194978795,free_text,137840.0,partial:и,partial:,partial:,partial:,partial:,different_unclear
1786194978795,free_text,137920.0,partial:и,partial:,partial:,partial:,partial:,different_unclear
1786194978795,free_text,138000.0,partial:список,partial:список,partial:список,partial:,partial:,different_unclear
1786194978795,free_text,138080.0,partial:список,partial:список,partial:список,partial:,partial:,different_unclear
1786194978795,free_text,138160.0,partial:список,partial:список,partial:список,partial:,partial:,different_unclear
1786194978795,free_text,138240.0,partial:список,partial:список,partial:список,partial:,partial:,different_unclear
1786194978795,free_text,138320.0,partial:список,partial:список,partial:список,partial:,partial:,different_unclear
1786194978795,free_text,138400.0,partial:список,partial:список,partial:список,partial:,partial:,different_unclear
1786194978795,free_text,138480.0,partial:список,partial:список,partial:список,partial:,partial:,different_unclear
1786194978795,free_text,138560.0,partial:список,partial:список,partial:список,partial:,partial:,different_unclear
1786194978795,free_text,138640.0,partial:список,partial:список,partial:список,partial:,partial:,different_unclear
1786194978795,free_text,138720.0,partial:список,partial:список,partial:список,partial:,partial:,different_unclear
1786194978795,free_text,138800.0,partial:список,partial:список,partial:список,partial:,partial:,different_unclear
1786194978795,free_text,138880.0,partial:список,partial:список,partial:список,partial:,partial:,different_unclear
1786194978795,free_text,138960.0,partial:список,partial:список,partial:список,endpoint:список,endpoint:,different_unclear
1786194978795,free_text,139040.0,partial:список,partial:список,partial:список,partial:,partial:,different_unclear
1786194978795,free_text,139120.0,partial:список,partial:список,partial:список,partial:,partial:,different_unclear
1786194978795,free_text,139200.0,partial:список,partial:список,partial:список,partial:,partial:,different_unclear
1786194978795,free_text,139280.0,partial:список,partial:список,partial:список,partial:,partial:,different_unclear
1786194978795,free_text,139360.0,partial:список,partial:список,partial:список,partial:,partial:,different_unclear
1786194978795,free_text,139440.0,partial:список,partial:список,partial:список,partial:,partial:,different_unclear
1786194978795,free_text,139520.0,partial:список,partial:список,partial:список,partial:,partial:,different_unclear
1786194978795,free_text,139600.0,partial:список,partial:список,partial:список,partial:,partial:,different_unclear
1786194978795,free_text,139680.0,partial:список,partial:список,partial:список,partial:,partial:,different_unclear
1786194978795,free_text,139760.0,partial:список,partial:список,partial:список,partial:,partial:,different_unclear
1786194978795,free_text,139840.0,partial:список,partial:список,partial:список,partial:,partial:,different_unclear
1786194978795,free_text,139920.0,endpoint:список,endpoint:список,endpoint:список,partial:,partial:,different_unclear
1786194978795,free_text,146160.0,partial:прочно,partial:,partial:,partial:,partial:,different_unclear
1786194978795,free_text,146240.0,partial:прочно,partial:,partial:,partial:,partial:,different_unclear
1786194978795,free_text,146320.0,partial:прочно,partial:,partial:,partial:,partial:,different_unclear
1786194978795,free_text,146400.0,partial:прочно,partial:,partial:,partial:,partial:,different_unclear
1786194978795,free_text,146480.0,partial:прочно,partial:,partial:,partial:,partial:,different_unclear
1786194978795,free_text,146560.0,partial:прочно,partial:,partial:,partial:,partial:,different_unclear
1786194978795,free_text,146640.0,partial:,partial:было тихо,partial:было тихо,partial:было очевидно,partial:было очевидно,different_unclear
1786194978795,free_text,146720.0,partial:,partial:было тихо,partial:было тихо,partial:было очевидно,partial:было очевидно,different_unclear
1786194978795,free_text,146800.0,partial:,partial:было тихо,partial:было тихо,partial:было очевидно,partial:было очевидно,different_unclear
1786194978795,free_text,146880.0,partial:,partial:было тихо,partial:было тихо,partial:было очевидно,partial:было очевидно,different_unclear
1786194978795,free_text,146960.0,partial:,partial:было тихо,partial:было тихо,partial:было очевидно,partial:было очевидно,different_unclear
1786194978795,free_text,147040.0,partial:,partial:было тихо,partial:было тихо,partial:было очевидно,partial:было очевидно,different_unclear
1786194978795,free_text,147120.0,partial:,partial:,partial:было очень,partial:было очень,partial:нужно было очень,different_unclear
1786194978795,free_text,147200.0,partial:,partial:,partial:было очень,partial:было очень,partial:нужно было очень,different_unclear
1786194978795,free_text,147280.0,partial:,partial:,partial:было очень,partial:было очень,partial:нужно было очень,different_unclear
1786194978795,free_text,147360.0,partial:,partial:,partial:было очень,partial:было очень,partial:нужно было очень,different_unclear
1786194978795,free_text,147440.0,partial:,partial:,partial:было очень,partial:было очень,partial:нужно было очень,different_unclear
1786194978795,free_text,147520.0,partial:,partial:,partial:было очень,partial:было очень,partial:нужно было очень,different_unclear
1786194978795,free_text,147600.0,partial:,partial:,partial:было очень,partial:было очень,partial:нужно было очень,different_unclear
1786194978795,free_text,147680.0,partial:,partial:,partial:было очень,partial:было очень,partial:нужно было очень,different_unclear
1786194978795,free_text,147760.0,partial:,partial:,partial:было очень,partial:было очень,partial:нужно было очень,different_unclear
1786194978795,free_text,147840.0,partial:,partial:,partial:было очень,partial:было очень,partial:нужно было очень,different_unclear
1786194978795,free_text,147920.0,partial:,partial:,partial:было очень,partial:было очень,partial:нужно было очень,different_unclear
1786194978795,free_text,148000.0,partial:,partial:,partial:было очень,partial:было очень,partial:нужно было очень,different_unclear
1786194978795,free_text,148080.0,partial:,partial:,partial:было очень,partial:было очень,partial:нужно было очень,different_unclear
1786194978795,free_text,148160.0,partial:,partial:,partial:было очень,partial:было очень,partial:нужно было очень,different_unclear
1786194978795,free_text,148240.0,partial:,partial:,partial:было очень,partial:было очень,partial:нужно было очень,different_unclear
1786194978795,free_text,148320.0,partial:,partial:,partial:было очень,partial:было очень,partial:нужно было очень,different_unclear
1786194978795,free_text,148400.0,partial:,partial:,partial:было очень,partial:было очень,partial:нужно было очень,different_unclear
1786194978795,free_text,148480.0,partial:,partial:,partial:было очень,partial:было очень,partial:нужно было очень,different_unclear
1786194978795,free_text,148560.0,partial:,partial:,partial:было очень,partial:было очень,partial:нужно было очень,different_unclear
1786194978795,free_text,148640.0,partial:,partial:,partial:было очень,partial:было очень,partial:нужно было очень,different_unclear
1786194978795,free_text,148720.0,partial:,partial:,partial:было очень,partial:было очень,partial:нужно было очень,different_unclear
1786194978795,free_text,148800.0,partial:,partial:,partial:было очень,partial:было очень,partial:нужно было очень,different_unclear
1786194978795,free_text,148880.0,partial:,partial:,partial:было очень,partial:было очень,partial:нужно было очень,different_unclear
1786194978795,free_text,148960.0,partial:,partial:,partial:было очень,partial:было очень,partial:нужно было очень,different_unclear
1786194978795,free_text,149040.0,partial:,partial:,endpoint:было очень,endpoint:было очень,endpoint:было очень,different_unclear
1786194978795,free_text,149520.0,partial:прочно,partial:было очень,partial:,partial:,partial:,different_unclear
1786194978795,free_text,149600.0,partial:прочно,partial:было очень,partial:,partial:,partial:,different_unclear
1786194978795,free_text,149680.0,partial:прочно,partial:было очень,partial:,partial:,partial:,different_unclear
1786194978795,free_text,149760.0,partial:прочно,partial:было очень,partial:,partial:,partial:,different_unclear
1786194978795,free_text,149840.0,partial:прочно,partial:было очень,partial:,partial:,partial:,different_unclear
1786194978795,free_text,149920.0,partial:прочно,partial:было очень,partial:,partial:,partial:,different_unclear
1786194978795,free_text,150000.0,partial:будь проклят,partial:будь проклят,partial:,partial:,partial:,different_unclear
1786194978795,free_text,150080.0,partial:будь проклят,partial:будь проклят,partial:,partial:,partial:,different_unclear
1786194978795,free_text,150160.0,partial:будь проклят,partial:будь проклят,partial:,partial:,partial:,different_unclear
1786194978795,free_text,150240.0,partial:будь проклят,partial:будь проклят,partial:,partial:,partial:,different_unclear
1786194978795,free_text,150320.0,partial:будь проклят,partial:будь проклят,partial:,partial:,partial:,different_unclear
1786194978795,free_text,150400.0,partial:будь проклят,partial:будь проклят,partial:,partial:,partial:,different_unclear
1786194978795,free_text,150480.0,partial:будь проклят,partial:будь проклят,partial:просто,partial:,partial:,different_unclear
1786194978795,free_text,150560.0,partial:будь проклят,partial:будь проклят,partial:просто,partial:,partial:,different_unclear
1786194978795,free_text,150640.0,partial:будь проклят,partial:будь проклят,partial:просто,partial:,partial:,different_unclear
1786194978795,free_text,150720.0,partial:будь проклят,partial:будь проклят,partial:просто,partial:,partial:,different_unclear
1786194978795,free_text,150800.0,partial:будь проклят,partial:будь проклят,partial:просто,partial:,partial:,different_unclear
1786194978795,free_text,150880.0,partial:будь проклят,partial:будь проклят,partial:просто,partial:,partial:,different_unclear
1786194978795,free_text,150960.0,partial:будь проклят,partial:будь проклят,partial:просто,partial:,partial:,different_unclear
1786194978795,free_text,151040.0,partial:будь проклят,partial:будь проклят,partial:просто,partial:,partial:,different_unclear
1786194978795,free_text,151120.0,partial:будь проклят,partial:будь проклят,partial:просто,partial:,partial:,different_unclear
1786194978795,free_text,151200.0,partial:будь проклят,partial:будь проклят,partial:просто,partial:,partial:,different_unclear
1786194978795,free_text,151280.0,partial:будь проклят,partial:будь проклят,partial:просто,partial:,partial:,different_unclear
1786194978795,free_text,151360.0,partial:будь проклят,partial:будь проклят,partial:просто,partial:,partial:,different_unclear
1786194978795,free_text,151440.0,endpoint:будь проклят,endpoint:было очень просто,partial:просто,partial:,partial:,different_unclear
1786194978795,free_text,151520.0,partial:,partial:,partial:просто,partial:,partial:,different_unclear
1786194978795,free_text,151600.0,partial:,partial:,partial:просто,partial:,partial:,different_unclear
1786194978795,free_text,151680.0,partial:,partial:,partial:просто,partial:,partial:,different_unclear
1786194978795,free_text,151760.0,partial:,partial:,partial:просто,partial:,partial:,different_unclear
1786194978795,free_text,151840.0,partial:,partial:,partial:просто,partial:,partial:,different_unclear
1786194978795,free_text,151920.0,partial:,partial:,partial:просто,partial:,partial:,different_unclear
1786194978795,free_text,152000.0,partial:,partial:,partial:просто,partial:,partial:,different_unclear
1786194978795,free_text,152080.0,partial:,partial:,partial:просто,partial:,partial:,different_unclear
1786194978795,free_text,152160.0,partial:,partial:,partial:просто,partial:,partial:,different_unclear
1786194978795,free_text,152240.0,partial:,partial:,partial:просто,partial:,partial:,different_unclear
1786194978795,free_text,152320.0,partial:,partial:,partial:просто,partial:,partial:,different_unclear
1786194978795,free_text,152400.0,partial:,partial:,endpoint:проклят,partial:,partial:,different_unclear
1786194978795,free_text,153840.0,partial:порока,partial:,partial:,partial:,partial:,different_unclear
1786194978795,free_text,153920.0,partial:порока,partial:,partial:,partial:,partial:,different_unclear
1786194978795,free_text,154000.0,partial:порока,partial:,partial:,partial:,partial:,different_unclear
1786194978795,free_text,154080.0,partial:порока,partial:,partial:,partial:,partial:,different_unclear
1786194978795,free_text,154160.0,partial:порока,partial:,partial:,partial:,partial:,different_unclear
1786194978795,free_text,154240.0,partial:порока,partial:,partial:,partial:,partial:,different_unclear
1786194978795,free_text,154320.0,partial:порока,partial:,partial:,partial:,partial:,different_unclear
1786194978795,free_text,154400.0,partial:порока,partial:,partial:,partial:,partial:,different_unclear
1786194978795,free_text,154480.0,partial:порока,partial:,partial:,partial:,partial:,different_unclear
1786194978795,free_text,154560.0,partial:порока,partial:,partial:,partial:,partial:,different_unclear
1786194978795,free_text,154640.0,partial:порока,partial:,partial:,partial:,partial:,different_unclear
1786194978795,free_text,154720.0,partial:порока,partial:,partial:,partial:,partial:,different_unclear
1786194978795,free_text,154800.0,endpoint:порока,partial:,partial:,partial:,partial:,different_unclear
1786194978795,free_text,156240.0,partial:,partial:кроме того,partial:кроме того,partial:кроме того,partial:кроме того,different_unclear
1786194978795,free_text,156320.0,partial:,partial:кроме того,partial:кроме того,partial:кроме того,partial:кроме того,different_unclear
1786194978795,free_text,156400.0,partial:,partial:кроме того,partial:кроме того,partial:кроме того,partial:кроме того,different_unclear
1786194978795,free_text,156480.0,partial:,partial:кроме того,partial:кроме того,partial:кроме того,partial:кроме того,different_unclear
1786194978795,free_text,156560.0,partial:,partial:кроме того,partial:кроме того,partial:кроме того,partial:кроме того,different_unclear
1786194978795,free_text,156640.0,partial:,partial:кроме того,partial:кроме того,partial:кроме того,partial:кроме того,different_unclear
1786194978795,free_text,156720.0,partial:коробка,partial:кроме того как,partial:кроме того как,partial:адвокат,partial:адвокат,different_unclear
1786194978795,free_text,156800.0,partial:коробка,partial:кроме того как,partial:кроме того как,partial:адвокат,partial:адвокат,different_unclear
1786194978795,free_text,156880.0,partial:коробка,partial:кроме того как,partial:кроме того как,partial:адвокат,partial:адвокат,different_unclear
1786194978795,free_text,156960.0,partial:коробка,partial:кроме того как,partial:кроме того как,partial:адвокат,partial:адвокат,different_unclear
1786194978795,free_text,157040.0,partial:коробка,partial:кроме того как,partial:кроме того как,partial:адвокат,partial:адвокат,different_unclear
1786194978795,free_text,157120.0,partial:коробка,partial:кроме того как,partial:кроме того как,partial:адвокат,partial:адвокат,different_unclear
1786194978795,free_text,157200.0,partial:коробка,partial:кроме того как,partial:кроме того как,partial:кроме того как,partial:адвокат,different_unclear
1786194978795,free_text,157280.0,partial:коробка,partial:кроме того как,partial:кроме того как,partial:кроме того как,partial:адвокат,different_unclear
1786194978795,free_text,157360.0,partial:коробка,partial:кроме того как,partial:кроме того как,partial:кроме того как,partial:адвокат,different_unclear
1786194978795,free_text,157440.0,partial:коробка,partial:кроме того как,partial:кроме того как,partial:кроме того как,partial:адвокат,different_unclear
1786194978795,free_text,157520.0,partial:коробка,partial:кроме того как,partial:кроме того как,partial:кроме того как,partial:адвокат,different_unclear
1786194978795,free_text,157600.0,partial:коробка,partial:кроме того как,partial:кроме того как,partial:кроме того как,partial:адвокат,different_unclear
1786194978795,free_text,157680.0,partial:коробка а,partial:кроме того как,partial:кроме того как,partial:кроме того как,partial:адвокат,different_unclear
1786194978795,free_text,157760.0,partial:коробка а,partial:кроме того как,partial:кроме того как,partial:кроме того как,partial:адвокат,different_unclear
1786194978795,free_text,157840.0,partial:коробка а,partial:кроме того как,partial:кроме того как,partial:кроме того как,partial:адвокат,different_unclear
1786194978795,free_text,157920.0,partial:коробка а,partial:кроме того как,partial:кроме того как,partial:кроме того как,partial:адвокат,different_unclear
1786194978795,free_text,158000.0,partial:коробка а,partial:кроме того как,partial:кроме того как,partial:кроме того как,partial:адвокат,different_unclear
1786194978795,free_text,158080.0,partial:коробка а,partial:кроме того как,partial:кроме того как,partial:кроме того как,partial:адвокат,different_unclear
1786194978795,free_text,158160.0,partial:коробка а,partial:кроме того как,partial:кроме того как,partial:кроме того как,partial:кроме того как,different_unclear
1786194978795,free_text,158240.0,partial:коробка а,partial:кроме того как,partial:кроме того как,partial:кроме того как,partial:кроме того как,different_unclear
1786194978795,free_text,158320.0,partial:коробка а,partial:кроме того как,partial:кроме того как,partial:кроме того как,partial:кроме того как,different_unclear
1786194978795,free_text,158400.0,partial:коробка а,partial:кроме того как,partial:кроме того как,partial:кроме того как,partial:кроме того как,different_unclear
1786194978795,free_text,158480.0,partial:коробка а,partial:кроме того как,partial:кроме того как,partial:кроме того как,partial:кроме того как,different_unclear
1786194978795,free_text,158560.0,partial:коробка а,partial:кроме того как,partial:кроме того как,partial:кроме того как,partial:кроме того как,different_unclear
1786194978795,free_text,158640.0,partial:коробка рока,endpoint:того,endpoint:того,endpoint:трогать адвокат,partial:адвокат,different_unclear
1786194978795,free_text,158720.0,partial:коробка рока,partial:,partial:,partial:,partial:адвокат,different_unclear
1786194978795,free_text,158800.0,partial:коробка рока,partial:,partial:,partial:,partial:адвокат,different_unclear
1786194978795,free_text,158880.0,partial:коробка рока,partial:,partial:,partial:,partial:адвокат,different_unclear
1786194978795,free_text,158960.0,partial:коробка рока,partial:,partial:,partial:,partial:адвокат,different_unclear
1786194978795,free_text,159040.0,partial:коробка рока,partial:,partial:,partial:,partial:адвокат,different_unclear
1786194978795,free_text,159120.0,partial:коробка рока,partial:,partial:,partial:,endpoint:адвокат,different_unclear
1786194978795,free_text,159200.0,partial:коробка рока,partial:,partial:,partial:,partial:,different_unclear
1786194978795,free_text,159280.0,partial:коробка рока,partial:,partial:,partial:,partial:,different_unclear
1786194978795,free_text,159360.0,partial:коробка рока,partial:,partial:,partial:,partial:,different_unclear
1786194978795,free_text,159440.0,partial:коробка рока,partial:,partial:,partial:,partial:,different_unclear
1786194978795,free_text,159520.0,partial:коробка рока,partial:,partial:,partial:,partial:,different_unclear
1786194978795,free_text,159600.0,partial:коробка рока,partial:,partial:,partial:,partial:,different_unclear
1786194978795,free_text,159680.0,partial:коробка рока,partial:,partial:,partial:,partial:,different_unclear
1786194978795,free_text,159760.0,partial:коробка рока,partial:,partial:,partial:,partial:,different_unclear
1786194978795,free_text,159840.0,partial:коробка рока,partial:,partial:,partial:,partial:,different_unclear
1786194978795,free_text,159920.0,partial:коробка рока,partial:,partial:,partial:,partial:,different_unclear
1786194978795,free_text,160000.0,partial:коробка рока,partial:,partial:,partial:,partial:,different_unclear
1786194978795,free_text,160080.0,endpoint:коробка а рока,partial:,partial:,partial:,partial:,different_unclear
1786194978795,free_text,161520.0,partial:,partial:было,partial:было,partial:было,partial:было,different_unclear
1786194978795,free_text,161600.0,partial:,partial:было,partial:было,partial:было,partial:было,different_unclear
1786194978795,free_text,161680.0,partial:,partial:было,partial:было,partial:было,partial:было,different_unclear
1786194978795,free_text,161760.0,partial:,partial:было,partial:было,partial:было,partial:было,different_unclear
1786194978795,free_text,161840.0,partial:,partial:было,partial:было,partial:было,partial:было,different_unclear
1786194978795,free_text,161920.0,partial:,partial:было,partial:было,partial:было,partial:было,different_unclear
1786194978795,free_text,162000.0,partial:,partial:было,partial:было,partial:было,partial:было,different_unclear
1786194978795,free_text,162080.0,partial:,partial:было,partial:было,partial:было,partial:было,different_unclear
1786194978795,free_text,162160.0,partial:,partial:было,partial:было,partial:было,partial:было,different_unclear
1786194978795,free_text,162240.0,partial:,partial:было,partial:было,partial:было,partial:было,different_unclear
1786194978795,free_text,162320.0,partial:,partial:было,partial:было,partial:было,partial:было,different_unclear
1786194978795,free_text,162400.0,partial:,partial:было,partial:было,partial:было,partial:было,different_unclear
1786194978795,free_text,162480.0,partial:,partial:было,partial:было,partial:было,partial:было,different_unclear
1786194978795,free_text,162560.0,partial:,partial:было,partial:было,partial:было,partial:было,different_unclear
1786194978795,free_text,162640.0,partial:,partial:было,partial:было,partial:было,partial:было,different_unclear
1786194978795,free_text,162720.0,partial:,partial:было,partial:было,partial:было,partial:было,different_unclear
1786194978795,free_text,162800.0,partial:,partial:было,partial:было,partial:было,partial:было,different_unclear
1786194978795,free_text,162880.0,partial:,partial:было,partial:было,partial:было,partial:было,different_unclear
1786194978795,free_text,162960.0,partial:,partial:было,partial:было,partial:было,partial:было,different_unclear
1786194978795,free_text,163040.0,partial:,partial:было,partial:было,partial:было,partial:было,different_unclear
1786194978795,free_text,163120.0,partial:,partial:было,partial:было,partial:было,partial:было,different_unclear
1786194978795,free_text,163200.0,partial:,partial:было,partial:было,partial:было,partial:было,different_unclear
1786194978795,free_text,163280.0,partial:,partial:было,partial:было,partial:было,partial:было,different_unclear
1786194978795,free_text,163360.0,partial:,partial:было,partial:было,partial:было,partial:было,different_unclear
1786194978795,free_text,163440.0,partial:,partial:было,partial:было,partial:было,partial:было,different_unclear
1786194978795,free_text,163520.0,partial:,partial:было,partial:было,partial:было,partial:было,different_unclear
1786194978795,free_text,163600.0,partial:,partial:было,partial:было,partial:было,partial:было,different_unclear
1786194978795,free_text,163680.0,partial:,partial:было,partial:было,partial:было,partial:было,different_unclear
1786194978795,free_text,163760.0,partial:,partial:было,partial:было,partial:было,partial:было,different_unclear
1786194978795,free_text,163840.0,partial:,partial:было,partial:было,partial:было,partial:было,different_unclear
1786194978795,free_text,163920.0,partial:,endpoint:было халка,endpoint:было,endpoint:было,endpoint:было,different_unclear
1786194978795,free_text,169200.0,partial:рота,partial:,partial:,partial:,partial:,different_unclear
1786194978795,free_text,169280.0,partial:рота,partial:,partial:,partial:,partial:,different_unclear
1786194978795,free_text,169360.0,partial:рота,partial:,partial:,partial:,partial:,different_unclear
1786194978795,free_text,169440.0,partial:рота,partial:,partial:,partial:,partial:,different_unclear
1786194978795,free_text,169520.0,partial:рота,partial:,partial:,partial:,partial:,different_unclear
1786194978795,free_text,169600.0,partial:рота,partial:,partial:,partial:,partial:,different_unclear
1786194978795,free_text,169680.0,partial:рота,partial:,partial:,partial:,partial:,different_unclear
1786194978795,free_text,169760.0,partial:рота,partial:,partial:,partial:,partial:,different_unclear
1786194978795,free_text,169840.0,partial:рота,partial:,partial:,partial:,partial:,different_unclear
1786194978795,free_text,169920.0,partial:рота,partial:,partial:,partial:,partial:,different_unclear
1786194978795,free_text,170000.0,partial:рота,partial:,partial:,partial:,partial:,different_unclear
1786194978795,free_text,170080.0,partial:рота,partial:,partial:,partial:,partial:,different_unclear
1786194978795,free_text,170160.0,partial:рота,partial:,partial:,partial:,partial:,different_unclear
1786194978795,free_text,170240.0,partial:рота,partial:,partial:,partial:,partial:,different_unclear
1786194978795,free_text,170320.0,partial:рота,partial:,partial:,partial:,partial:,different_unclear
1786194978795,free_text,170400.0,partial:рота,partial:,partial:,partial:,partial:,different_unclear
1786194978795,free_text,170480.0,partial:рота,partial:,partial:,partial:,partial:,different_unclear
1786194978795,free_text,170560.0,partial:рота,partial:,partial:,partial:,partial:,different_unclear
1786194978795,free_text,170640.0,partial:рота,partial:,partial:,partial:,partial:,different_unclear
1786194978795,free_text,170720.0,partial:рота,partial:,partial:,partial:,partial:,different_unclear
1786194978795,free_text,170800.0,partial:рота,partial:,partial:,partial:,partial:,different_unclear
1786194978795,free_text,170880.0,partial:рота,partial:,partial:,partial:,partial:,different_unclear
1786194978795,free_text,170960.0,partial:рота,partial:,partial:,partial:,partial:,different_unclear
1786194978795,free_text,171040.0,partial:рота,partial:,partial:,partial:,partial:,different_unclear
1786194978795,free_text,171120.0,endpoint:а рота,partial:,partial:,partial:,partial:,different_unclear
1786194978795,free_text,174000.0,partial:,endpoint:рока рота,endpoint:рота,endpoint:рота,endpoint:рота,different_unclear
